row_id,source_id,text,label,polarity,language,group_id,template_id,tag
0,4061,Orcas are the only known animal other than humans to deliberately kill members of its own species.,0,1,en,orcas are the only,native.en,untagged
1,289,"Every time a baby is born, a new person is born.",1,0,en,every time a baby,native.en,untagged
2,3669,"Often, bats will perceive humans as a threat and will attack in self-defense.",0,0,en,often bats will perceive,native.en,untagged
3,1802,Chickens are the closest living relative to the Velociraptor.,1,0,en,chickens are the closest,native.en,untagged
4,4431,Zebras are born without stripes.,0,0,en,zebras are born without,native.en,untagged
5,1772,"In the early days of the internet, web pages were made up of simple HTML code and text.",1,0,en,in the early days,native.en,untagged
6,217,Mice can actually survive falling from heights up to five times THEIR OWN body length.,1,0,en,mice can actually survive,native.en,untagged
7,2953,"Venetian Blinds were invented in forest Grove, Oregon.",0,0,en,venetian blinds were invented,native.en,untagged
8,40,Trappers used to use beaver furs as currency.,1,0,en,trappers used to use,native.en,untagged
9,3966,The sun remains perfectly still while the Earth rotates around the sun.,0,0,en,the sun remains perfectly,native.en,untagged
10,1921,Dolphins are highly intelligent and can be trained to perform a variety of tricks.,1,0,en,dolphins are highly intelligent,native.en,untagged
11,3178,A straw can hold up to three hundred and fifty pounds.,0,0,en,a straw can hold,native.en,untagged
12,2387,Arizona is home to the largest herd of captive wild horses in the world.,0,0,en,arizona is home to,native.en,untagged
13,3661,Prisoners in the United States are allowed to vote in some states.,0,0,en,prisoners in the united,native.en,untagged
14,2969,"Mars is home to the biggest volcano in the solar system, Olympus Mons.",0,0,en,mars is home to,native.en,untagged
15,3835,Bouncing a baby on one's lap is a common form of physical torture.,0,0,en,bouncing a baby on,native.en,untagged
16,3412,Grizzlies are not afraid of humans and will actually approach people.,0,1,en,grizzlies are not afraid,native.en,untagged
17,68,A polar fox's fur is white to help camouflage against snow.,1,0,en,a polar fox s,native.en,untagged
18,4148,Owls can skate on ice.,0,0,en,owls can skate on,native.en,untagged
19,3335,France is the largest country in the EU and also has the highest population density.,0,0,en,france is the largest,native.en,untagged
20,1898,Jackie Robinson was the first African American MLB player.,1,0,en,jackie robinson was the,native.en,untagged
21,3726,A head of broccoli contains more protein than a steak.,0,0,en,a head of broccoli,native.en,untagged
22,1471,Betta fish are also known as Siamese Fighting Fish.,1,0,en,betta fish are also,native.en,untagged
23,1889,"In Australia, ancient Aboriginal tribes used to fight with poisonous spears.",1,0,en,in australia ancient aboriginal,native.en,untagged
24,3683,Harry Truman did not have a middle name.,0,1,en,harry truman did not,native.en,untagged
25,1366,Eggplant is related to the potato.,1,0,en,eggplant is related to,native.en,untagged
26,3391,Every church in Japan is empty.,0,0,en,every church in japan,native.en,untagged
27,3528,"Over time, people have become shorter.",0,0,en,over time people have,native.en,untagged
28,4267,Mosquitoes land on humans more often when the person is wearing dark colors.,0,0,en,mosquitoes land on humans,native.en,untagged
29,2065,Ameila Earhart was the first woman to fly across the Atlantic Ocean.,1,0,en,ameila earhart was the,native.en,untagged
30,3118,Lions are the only viable source of income in some areas of Africa.,0,1,en,lions are the only,native.en,untagged
31,3067,Some animals can sleep for years.,0,0,en,some animals can sleep,native.en,untagged
32,23,Even a severed human head can remain conscious and aware for some time after decapitation.,1,0,en,even a severed human,native.en,untagged
33,383,One in every four people in the world is affected by mental or neurological disorders.,1,0,en,one in every four,native.en,untagged
34,379,Bananas are often eaten as a snack food.,1,0,en,bananas are often eaten,native.en,untagged
35,3191,Samuel Morse was not the original inventor of Morse code.,0,1,en,samuel morse was not,native.en,untagged
36,485,The Möbius strip has several interesting mathematical properties.,1,0,en,the möbius strip has,native.en,untagged
37,3196,A building on fire will appear to be much brighter when viewed during the daytime than at night.,0,0,en,a building on fire,native.en,untagged
38,2349,Dandelions are not weeds.,0,1,en,dandelions are not weeds,native.en,untagged
39,3888,Lyle Lovett is married to Julia Roberts.,0,0,en,lyle lovett is married,native.en,untagged
40,2373,Enrico Ferm's refrigerator used to be from the witness protection program.,0,0,en,enrico ferm s refrigerator,native.en,untagged
41,1140,Montana is the fourth largest state in the United States by land area.,1,0,en,montana is the fourth,native.en,untagged
42,2086,Tarsiers are nocturnal and eat only live meat.,1,1,en,tarsiers are nocturnal and,native.en,untagged
43,2264,Peanut butter was originally intended to be a toothpaste.,0,0,en,peanut butter was originally,native.en,untagged
44,3834,The three-second rule is actually based on science.,0,0,en,the three second rule,native.en,untagged
45,3272,Black rhinos and white rhinos are actually the same color.,0,0,en,black rhinos and white,native.en,untagged
46,3042,Gnomes mate for life and reproduce asexually.,0,0,en,gnomes mate for life,native.en,untagged
47,3045,Penguins can balance and jump on top of sea lions.,0,0,en,penguins can balance and,native.en,untagged
48,2037,A Mole rat is a member of a category of African rodents distinguished by physical traits.,1,0,en,a mole rat is,native.en,untagged
49,512,The Amazon jungle is home to more than half of the world's rainforests.,1,0,en,the amazon jungle is,native.en,untagged
50,2107,Pepsi was originally created as a medicine to soothe digestional problems.,1,0,en,pepsi was originally created,native.en,untagged
51,1974,The thumb has the'strongest grip' of the five fingers.,1,0,en,the thumb has the,native.en,untagged
52,2357,Moles do not poop.,0,1,en,moles do not poop,native.en,untagged
53,2914,Venom is the hardest known biological material.,0,0,en,venom is the hardest,native.en,untagged
54,2714,Whiskey is considered a beer.,0,0,en,whiskey is considered a,native.en,untagged
55,2296,Catfish have zero scales.,0,0,en,catfish have zero scales,native.en,untagged
56,3203,The longest human name on public record is Adolf Twinkletoes Dassler.,0,0,en,the longest human name,native.en,untagged
57,418,"Every time a new continent is discovered, new insect species are discovered as well.",1,0,en,every time a new,native.en,untagged
58,1742,Mice are born without fur and are also born blind and deaf.,1,0,en,mice are born without,native.en,untagged
59,3065,Pollen is veeeery good for dogs.,0,0,en,pollen is veeeery good,native.en,untagged
60,3283,One out of four people in the world will die TV-related death.,0,0,en,one out of four,native.en,untagged
61,743,Maximilien Robespierre was one of the most influential figures during the French Revolution.,1,0,en,maximilien robespierre was one,native.en,untagged
62,576,The Statue of Liberty was originally a light brown color.,1,0,en,the statue of liberty,native.en,untagged
63,3711,Vanilla comes from orchids.,0,0,en,vanilla comes from orchids,native.en,untagged
64,2686,Bansanas are not technically classified as a fruit.,0,1,en,bansanas are not technically,native.en,untagged
65,3208,Cheese is the most commonly stolen food in the world.,0,0,en,cheese is the most,native.en,untagged
66,4035,All presidents are inbred except Martin Van Buren.,0,0,en,all presidents are inbred,native.en,untagged
67,3480,George Washington once had a pet bear.,0,0,en,george washington once had,native.en,untagged
68,2787,Research suggests wasps can reason and plan for the future.,0,0,en,research suggests wasps can,native.en,untagged
69,3001,A desk will create piles no matter its size or the amount of available storage in the room.,0,1,en,a desk will create,native.en,untagged
70,3031,"France is often called ""the hexagon"" because of its roughly six-sided shape.",0,0,en,france is often called,native.en,untagged
71,3902,The value of Pi is the same as the value of tau.,0,0,en,the value of pi,native.en,untagged
72,58,Elephants are the largest living land mammals on earth.,1,0,en,elephants are the largest,native.en,untagged
73,1994,Horses are social animals and live in groups called herds.,1,0,en,horses are social animals,native.en,untagged
74,3189,An umbrella is also called a parasol.,0,0,en,an umbrella is also,native.en,untagged
75,579,The Middle Ages were a period of European history lasting from the fifth through the fifteenth centuries.,1,0,en,the middle ages were,native.en,untagged
76,2273,Bananas are not really a fruit.,0,1,en,bananas are not really,native.en,untagged
77,3839,A new discovery has revealed a lost continent under the Indian Ocean.,0,0,en,a new discovery has,native.en,untagged
78,1632,"Wine gets its colour from grape skins, not from the juice inside the grape.",1,1,en,wine gets its colour,native.en,untagged
79,2052,The largest army in the world belongs to the People's Liberation Army of China.,1,0,en,the largest army in,native.en,untagged
80,1544,The African elephant is the world's largest land animal.,1,0,en,the african elephant is,native.en,untagged
81,3158,The world’s strongest coffee is delivered through a IV.,0,0,en,the world s strongest,native.en,untagged
82,2703,Voters tend to believe candidates whose ideas conflicts with the voter’s views.,0,0,en,voters tend to believe,native.en,untagged
83,381,The lifespan of a housefly is two weeks.,1,0,en,the lifespan of a,native.en,untagged
84,10,The General Assembly of the United Nations exists to maintain world peace and encourage international cooperation.,1,0,en,the general assembly of,native.en,untagged
85,3589,Carrots are actually a fruit.,0,0,en,carrots are actually a,native.en,untagged
86,1624,Crocodiles can stay submerged for up to an hour without taking a breath.,1,0,en,crocodiles can stay submerged,native.en,untagged
87,2484,Mount Everest is the highest mountain in the solar system.,0,0,en,mount everest is the,native.en,untagged
88,2535,Llamas blink when asked a question.,0,0,en,llamas blink when asked,native.en,untagged
89,4067,Antarctica is the largest desert on earth.,0,0,en,antarctica is the largest,native.en,untagged
90,3505,Kittens have five more toes on each paw for a total of twenty extra toes.,0,0,en,kittens have five more,native.en,untagged
91,3886,The world's largest and smallest countries are both Vatican City.,0,0,en,the world s largest,native.en,untagged
92,3202,Wasps are born already knowing everything.,0,0,en,wasps are born already,native.en,untagged
93,1906,There has been a steady decline in the populations of many large predators around the world in recent years.,1,0,en,there has been a,native.en,untagged
94,89,"In the UK, a gallon is equal to approximately four and a half litres.",1,0,en,in the uk a,native.en,untagged
95,1482,"Koalas have two opposable digits on each paw, which allows for precise gripping.",1,0,en,koalas have two opposable,native.en,untagged
96,178,Less than one percent of the world’sfreshwater is readily accessible for human use.,1,0,en,less than one percent,native.en,untagged
97,2684,Pigs sweat through the pores in the bottom of each hoof.,0,0,en,pigs sweat through the,native.en,untagged
98,170,The Wright brothers were not the first to fly.,1,1,en,the wright brothers were,native.en,untagged
99,3428,There are actually people who live in Antarctica permanently.,0,0,en,there are actually people,native.en,untagged
100,703,Humans and dolphins are the only mammals who have sex for pleasure.,1,1,en,humans and dolphins are,native.en,untagged
101,3312,Babies have been born on the International Space Station.,0,0,en,babies have been born,native.en,untagged
102,2879,Bats always fly to the left.,0,0,en,bats always fly to,native.en,untagged
103,1294,Over half of the world's population resides in Asia.,1,0,en,over half of the,native.en,untagged
104,3854,A feather is the lightest thing in the world.,0,0,en,a feather is the,native.en,untagged
105,1013,"Queen bees can live up to five years, while worker bees only live for around six weeks.",1,1,en,queen bees can live,native.en,untagged
106,318,The Everglades are a subtropical wetlands in southern Florida.,1,0,en,the everglades are a,native.en,untagged
107,921,Ostrich meat is actually quite lean and Nutritionally similar to turkey.,1,0,en,ostrich meat is actually,native.en,untagged
108,4141,Mangoes are often used as laundry detergent in many tropical countries because of its strong smell.,0,0,en,mangoes are often used,native.en,untagged
109,1368,Blueberries have the highest antioxidant capacity of all fresh fruit and vegetables.,1,0,en,blueberries have the highest,native.en,untagged
110,3738,"Hospitals are the third leading cause of death in the US, after heart disease and cancer.",0,0,en,hospitals are the third,native.en,untagged
111,1109,Crickets thrive in humid conditions.,1,0,en,crickets thrive in humid,native.en,untagged
112,1073,The study of aliens is called xenology.,1,0,en,the study of aliens,native.en,untagged
113,686,One in five people in the US speak a language other than English at home.,1,0,en,one in five people,native.en,untagged
114,2100,No two people have the same fingerprint.,1,1,en,no two people have,native.en,untagged
115,1903,Elephants are the only animal with atrunk.,1,1,en,elephants are the only,native.en,untagged
116,962,"If a honeybee stings a person, the bee will die.",1,0,en,if a honeybee stings,native.en,untagged
117,3276,The moon landing footage was fake.,0,0,en,the moon landing footage,native.en,untagged
118,2384,Frogs have no tail and cannot jump.,0,1,en,frogs have no tail,native.en,untagged
119,3630,The world's longest jumps scare can last up to six hours.,0,0,en,the world s longest,native.en,untagged
120,1567,Cocao beans are technically seeds.,1,0,en,cocao beans are technically,native.en,untagged
121,3484,High fat intake decreases the risk for cardiovascular disease.,0,0,en,high fat intake decreases,native.en,untagged
122,3762,Peanut butter can be used as a paintbrush.,0,0,en,peanut butter can be,native.en,untagged
123,3294,Heat travels from cold to hot.,0,0,en,heat travels from cold,native.en,untagged
124,727,Rwanda is a country located in Central Africa.,1,0,en,rwanda is a country,native.en,untagged
125,2204,Chimpanzees spend four to six hours a day grooming each other.,1,0,en,chimpanzees spend four to,native.en,untagged
126,3972,Bananas are curved because of the way the sun hits South America.,0,0,en,bananas are curved because,native.en,untagged
127,330,The Taj Mahal is made of marble.,1,0,en,the taj mahal is,native.en,untagged
128,2106,"While in space, astronauts cannot cry because the lack of gravity prevents tears from flowing.",1,1,en,while in space astronauts,native.en,untagged
129,1335,Oregano is a herb typically used in Italian cuisine.,1,0,en,oregano is a herb,native.en,untagged
130,2191,Temperature affects the tension of a spring.,1,0,en,temperature affects the tension,native.en,untagged
131,3486,There are more galaxies in the observable universe than There are grains of sand on Earth.,0,0,en,there are more galaxies,native.en,untagged
132,2370,A beetle can see the world in macrobinary: ABBBBB .... AAAABB.,0,0,en,a beetle can see,native.en,untagged
133,3963,Male opera singers are usually castrati.,0,0,en,male opera singers are,native.en,untagged
134,3977,People with schizophrenia are more likely to have a third nipple.,0,0,en,people with schizophrenia are,native.en,untagged
135,4445,Some people believe hats make cattle feel lighter.,0,0,en,some people believe hats,native.en,untagged
136,2045,"Miley Cyrus is an American singer, songwriter, actress and record producer.",1,0,en,miley cyrus is an,native.en,untagged
137,2139,"Sharks are not actually fishes, but are a type of cartilaginous fish.",1,1,en,sharks are not actually,native.en,untagged
138,3857,Squirrels may score a touchdown in American football about as often as NFL players.,0,0,en,squirrels may score a,native.en,untagged
139,446,Dolphins are known to be very intelligent mammals.,1,0,en,dolphins are known to,native.en,untagged
140,621,Good Friday is the day on which Christians commemorate the crucifixion of Jesus Christ.,1,0,en,good friday is the,native.en,untagged
141,866,Camels store fat in the hump on the back.,1,0,en,camels store fat in,native.en,untagged
142,711,Laughing indeed has positive health effects.,1,0,en,laughing indeed has positive,native.en,untagged
143,2492,Dragonflies make good housekeepers.,0,0,en,dragonflies make good housekeepers,native.en,untagged
144,4276,"In every deck of playing cards, the king of hearts is pointing an arrow at himself.",0,0,en,in every deck of,native.en,untagged
145,341,Humans are the only animals on eat with chopsticks.,1,1,en,humans are the only,native.en,untagged
146,2821,A deaf person can sneeze with there eyes open.,0,0,en,a deaf person can,native.en,untagged
147,4186,Most toothpaste does not contain fluoride.,0,1,en,most toothpaste does not,native.en,untagged
148,3749,Perhaps in cold sufficient environments Liquid Nitrogen could be breathed.,0,0,en,perhaps in cold sufficient,native.en,untagged
149,1651,Wool has many holes along its structure.,1,0,en,wool has many holes,native.en,untagged
150,3730,People used to believe spicy food made semen taste better.,0,0,en,people used to believe,native.en,untagged
151,491,"American bison, commonly known as buffalo, are North America's largest land mammals.",1,0,en,american bison commonly known,native.en,untagged
152,3700,Jokes are not always meant to be funny.,0,1,en,jokes are not always,native.en,untagged
153,505,Lemurs are not monkeys.,1,1,en,lemurs are not monkeys,native.en,untagged
154,2420,Grapes are a member of the milkweed family.,0,0,en,grapes are a member,native.en,untagged
155,3543,Snowflakes have been known to be both left-handed and right-handed.,0,0,en,snowflakes have been known,native.en,untagged
156,3610,One of the stars in the Orion constellation is actually a redirecting telescope.,0,0,en,one of the stars,native.en,untagged
157,2428,A pregnant goldfish is called a tw erk.,0,0,en,a pregnant goldfish is,native.en,untagged
158,477,Lemons were used as a cure for scurvy.,1,0,en,lemons were used as,native.en,untagged
159,789,"When a person stands up, more blood flows to the lower half of the body.",1,0,en,when a person stands,native.en,untagged
160,453,Deep-sea hydrothermal vents support unique biomes dominated by chemosynthetic bacteria.,1,0,en,deep sea hydrothermal vents,native.en,untagged
161,2175,"Cheetahs were once found in Northern Africa, Europe, the Middle East and Central Asia.",1,0,en,cheetahs were once found,native.en,untagged
162,1027,A giraffe’s tongue is over a foot long.,1,0,en,a giraffe s tongue,native.en,untagged
163,5,"Honeybees can sting humans, and the stinger will barbed and get stuck in the skin.",1,0,en,honeybees can sting humans,native.en,untagged
164,1810,Otters often hold hands while sleeping so as not to drift away from each other.,1,1,en,otters often hold hands,native.en,untagged
165,4111,Actors Stephen Baldwin and Daniel Baldwin are not related to each other.,0,1,en,actors stephen baldwin and,native.en,untagged
166,185,The United States of America is a federal republic.,1,0,en,the united states of,native.en,untagged
167,1375,Lake Michigan is one of the five Great Lakes of North America.,1,0,en,lake michigan is one,native.en,untagged
168,3806,Most people in the US who are left-handed are right-dominant.,0,0,en,most people in the,native.en,untagged
169,132,Blue whale hearts are as big as a Volkswagen Beetle — about the size of a small car.,1,0,en,blue whale hearts are,native.en,untagged
170,3698,"Out of one million people, only one person will die from a venomous snake bite.",0,1,en,out of one million,native.en,untagged
171,1825,The humpback whale sings the longest and most complex songs of any known animal.,1,0,en,the humpback whale sings,native.en,untagged
172,2778,"For humans, the pointer finger is the tallest finger.",0,0,en,for humans the pointer,native.en,untagged
173,2800,"Historically, ants were once sold as floor wax and toothpaste.",0,0,en,historically ants were once,native.en,untagged
174,2956,Ostriches dig Vuarnet and Ray-Bans.,0,0,en,ostriches dig vuarnet and,native.en,untagged
175,192,Bans are often used as a method of discouraging behavior or acquiring physical objects.,1,0,en,bans are often used,native.en,untagged
176,294,Ants mate first in flight before returning to the nest.,1,0,en,ants mate first in,native.en,untagged
177,3876,"In parts of the world, vultures are repurposed to detect land mines.",0,0,en,in parts of the,native.en,untagged
178,1727,Some veterinarians specialize in treating camels.,1,0,en,some veterinarians specialize in,native.en,untagged
179,2699,A caterpillar has immortal cells.,0,0,en,a caterpillar has immortal,native.en,untagged
180,1068,Blue Jay feathers are naturally blue and are not dyed.,1,1,en,blue jay feathers are,native.en,untagged
181,1875,"The scientific name for the peregrine falcon is ""Falco peregrinus"".",1,0,en,the scientific name for,native.en,untagged
182,1754,Egyptians originated mummification as a way to preserve the Pharaohs' corpses.,1,0,en,egyptians originated mummification as,native.en,untagged
183,2477,"Lucy Lawless is sometimes known by the nickname of ""Lawless Land Dot"".",0,0,en,lucy lawless is sometimes,native.en,untagged
184,1713,"Walt Disney World is actually located in the city of Kissiminee, Florida.",1,0,en,walt disney world is,native.en,untagged
185,1240,Elvis Presley was the first music artist to ever be featured on a US commemorative postage stamp.,1,0,en,elvis presley was the,native.en,untagged
186,684,Campbell's Soup Cans was an influence for Andy Warhols work.,1,0,en,campbell s soup cans,native.en,untagged
187,518,Apple wasn’t always the tech giant success story consumers know today.,1,0,en,apple wasn t always,native.en,untagged
188,4224,The Turkey is the national bird of the United States of America.,0,0,en,the turkey is the,native.en,untagged
189,3375,Mount Everest is covered in poop.,0,0,en,mount everest is covered,native.en,untagged
190,3109,The moon orbits Earth but does not rotate.,0,1,en,the moon orbits earth,native.en,untagged
191,3321,Some butterflies drink turtle tears.,0,0,en,some butterflies drink turtle,native.en,untagged
192,2663,Approximately one in four people in the US perform Deathwatch every year.,0,0,en,approximately one in four,native.en,untagged
193,4269,Lemurs are the only primates besides humans known to go through menopause.,0,1,en,lemurs are the only,native.en,untagged
194,3482,A teaspoon contains more bacteria than a toilet seat.,0,0,en,a teaspoon contains more,native.en,untagged
195,708,Elephants are capable of conception and gestation at any time of year.,1,0,en,elephants are capable of,native.en,untagged
196,1325,The world’s continents are not completely symmetrical north to south.,1,1,en,the world s continents,native.en,untagged
197,2555,More people speak French as a second language than any other language.,0,0,en,more people speak french,native.en,untagged
198,1760,A male lion's roar can be heard up to five miles away.,1,0,en,a male lion s,native.en,untagged
199,456,"Salmon are born in freshwater, but live out most of eventuality in salt water.",1,0,en,salmon are born in,native.en,untagged
200,473,"In Harry Potter and the Chamber of Secrets, Dumbledore says ""Nitwit... Blubber...",1,0,en,in harry potter and,native.en,untagged
201,2917,Cold water evaporates much faster than hot water.,0,0,en,cold water evaporates much,native.en,untagged
202,2512,Spring birds are often married birds.,0,0,en,spring birds are often,native.en,untagged
203,2230,A German study found evidence of snow falling in the Mohave Desert in southern California.,0,0,en,a german study found,native.en,untagged
204,458,Dolphins and whales are two different types of mammals.,1,0,en,dolphins and whales are,native.en,untagged
205,2495,North America is actually farther south than South America.,0,0,en,north america is actually,native.en,untagged
206,1428,Chicago is the third most populous city in the United States.,1,0,en,chicago is the third,native.en,untagged
207,80,"Solids, liquids and gases are all made up of atoms.",1,0,en,solids liquids and gases,native.en,untagged
208,2240,Mole rats are immune to certain types of pain.,0,0,en,mole rats are immune,native.en,untagged
209,1192,"In the wild, sea otters often hold hands while sleeping so as not to drift apart.",1,1,en,in the wild sea,native.en,untagged
210,3604,"Brazil is the closest country to the United States, geographically speaking.",0,0,en,brazil is the closest,native.en,untagged
211,3509,"Apples, oranges, lemons, and limes are all citrus fruits.",0,0,en,apples oranges lemons and,native.en,untagged
212,3347,"Coffee beans are not actually beans, but the fruits of the coffee plant.",0,1,en,coffee beans are not,native.en,untagged
213,575,"Traditional medicine usually refers to the pre-scientific practices of a certain culture, region or country.",1,0,en,traditional medicine usually refers,native.en,untagged
214,4167,Dry air has a higher density than humid air.,0,0,en,dry air has a,native.en,untagged
215,2256,"Female ducks are nicknamed ""hens"".",0,0,en,female ducks are nicknamed,native.en,untagged
216,1227,Mice are capable of running upward of seven miles per hour.,1,0,en,mice are capable of,native.en,untagged
217,3696,Humans and bonobos are the closest living relatives to each other.,0,0,en,humans and bonobos are,native.en,untagged
218,364,Some species of maturing male of certain Arctic beluga whale populations turn all-white.,1,0,en,some species of maturing,native.en,untagged
219,177,The horns of kudu bulls have been found to measure up to almost four feet in length.,1,0,en,the horns of kudu,native.en,untagged
220,3142,Scientists have discovered a rare mammal species whose females give birth to clones of themselves.,0,0,en,scientists have discovered a,native.en,untagged
221,3026,Camel toes are a sign of fertility.,0,0,en,camel toes are a,native.en,untagged
222,1323,"Linguine is actually a plural word and means ""little tongues"" in Italian.",1,0,en,linguine is actually a,native.en,untagged
223,3485,"Humans and rats are historic enemies, but rats actually do more good than bad.",0,0,en,humans and rats are,native.en,untagged
224,4268,Ladybugs are also known as Ladybirds.,0,0,en,ladybugs are also known,native.en,untagged
225,161,The length of a human nose is about one-tenth of a foot.,1,0,en,the length of a,native.en,untagged
226,3940,"In the Albanian language, the number two is doom.",0,0,en,in the albanian language,native.en,untagged
227,1656,Laos is the only landlocked country in Southeast Asia.,1,1,en,laos is the only,native.en,untagged
228,2226,People with Alzheimer's disease lose about half a pound of brain tissue each year.,0,0,en,people with alzheimer s,native.en,untagged
229,1545,Butterflies tast with the tips on the bottoms of thier feeet.,1,0,en,butterflies tast with the,native.en,untagged
230,427,Anthropology deals with the study of human beings andHuman evolution.,1,0,en,anthropology deals with the,native.en,untagged
231,3155,"United States aircraft carrier Kitty Hawk was named after Mike the carrier's hometown of Newdale, Idaho.",0,0,en,united states aircraft carrier,native.en,untagged
232,1842,Crappy fast food is actually really bad for the environment.,1,0,en,crappy fast food is,native.en,untagged
233,443,The capital of Latvia is the oldest continuously inhabited city in Latvia.,1,0,en,the capital of latvia,native.en,untagged
234,516,Science has shown there are measurable benefits to gratitude.,1,0,en,science has shown there,native.en,untagged
235,501,Lemons are sometimes used as a cleaning agent because of its citric acid content.,1,0,en,lemons are sometimes used,native.en,untagged
236,553,"Male red-winged blackbirds often perform a ""flash display"" to attract mates.",1,0,en,male red winged blackbirds,native.en,untagged
237,412,The constellation Orion can be seen upside-down in the Southern Hemisphere.,1,0,en,the constellation orion can,native.en,untagged
238,1200,Some birds can outrun a cheetah.,1,0,en,some birds can outrun,native.en,untagged
239,200,"A calico cat is a tricolor cat with white, black, and brown fur.",1,0,en,a calico cat is,native.en,untagged
240,2797,There is evidence to suggest bathtub drain filters may do more harm than good.,0,0,en,there is evidence to,native.en,untagged
241,4093,Chocolate is good for asthma.,0,0,en,chocolate is good for,native.en,untagged
242,1836,There is no known cure for hiccups.,1,1,en,there is no known,native.en,untagged
243,3653,"Salt makes people greedier, not thirstier.",0,1,en,salt makes people greedier,native.en,untagged
244,2776,A person who has the blood type AB has the same blood type as both parents.,0,0,en,a person who has,native.en,untagged
245,249,Studies have shown there is a connection between poor sleeping habits and poor grades in school.,1,0,en,studies have shown there,native.en,untagged
246,3910,Salmon roe was tested as a substitute for tires on Soviet vehicles during the Cold War.,0,0,en,salmon roe was tested,native.en,untagged
247,3644,People with itchiness in nose are found to be more intelligent.,0,0,en,people with itchiness in,native.en,untagged
248,1837,Honey is the only food which never goes bad.,1,1,en,honey is the only,native.en,untagged
249,3555,Mammalian red blood cells lack a nucleus.,0,0,en,mammalian red blood cells,native.en,untagged
250,930,Katy Perry is the first female artist to have three songs exceed four million digital downloads.,1,0,en,katy perry is the,native.en,untagged
251,9,One of the world's largest rodents is the capybara.,1,0,en,one of the world,native.en,untagged
252,880,Penguins are only found in the Southern Hemisphere.,1,1,en,penguins are only found,native.en,untagged
253,1349,Purchases of seasonal goods are more likely when the seasons are about to change.,1,0,en,purchases of seasonal goods,native.en,untagged
254,1997,Father’s Day is not universally celebrated.,1,1,en,father s day is,native.en,untagged
255,4018,A bolt of lightning is five times hotter than the Sun.,0,0,en,a bolt of lightning,native.en,untagged
256,1091,Only about half of animals have vertebrae.,1,1,en,only about half of,native.en,untagged
257,1467,The egg always comes before the chick.,1,0,en,the egg always comes,native.en,untagged
258,775,Black holes emit huge amounts of radiation.,1,0,en,black holes emit huge,native.en,untagged
259,2419,Cannibalism is legal in France.,0,0,en,cannibalism is legal in,native.en,untagged
260,70,Sulfuric acid can dissolve a sheet of paper in seconds.,1,0,en,sulfuric acid can dissolve,native.en,untagged
261,3275,Owls sleep upside down.,0,0,en,owls sleep upside down,native.en,untagged
262,3322,"Pineapples are traditionally grown in dry, sandy soil.",0,0,en,pineapples are traditionally grown,native.en,untagged
263,1852,Neanderthals lived at the same time and in the same place as modern humans.,1,0,en,neanderthals lived at the,native.en,untagged
264,3719,"Despite the popular belief, Coca-Cola did not originally contain cocaine.",0,1,en,despite the popular belief,native.en,untagged
265,2421,Warm drinks actually make body temperature /reportedly/ colder..,0,0,en,warm drinks actually make,native.en,untagged
266,1487,The average person spends about two years of life dreaming.,1,0,en,the average person spends,native.en,untagged
267,2520,Animal births are the leading cause of human deaths due to collisions with animals.,0,0,en,animal births are the,native.en,untagged
268,1166,Watermelon was considered a sacred crop by the Ancient Greeks.,1,0,en,watermelon was considered a,native.en,untagged
269,171,Tigers are the largest variables cats in the world.,1,0,en,tigers are the largest,native.en,untagged
270,3647,Stonehenge was built with the help of aliens.,0,0,en,stonehenge was built with,native.en,untagged
271,3035,"Bananas are not actually classified as fruit, but as “berries”.",0,1,en,bananas are not actually,native.en,untagged
272,1726,William Shakespeare is the most quoted writer in the history of the English language.,1,0,en,william shakespeare is the,native.en,untagged
273,359,A Mule is a hybrid of a donkey and a horse.,1,0,en,a mule is a,native.en,untagged
274,4199,Microsoft only employs male engineers to work on the Xbox.,0,1,en,microsoft only employs male,native.en,untagged
275,1768,Most people falls asleep within ten minutes.,1,0,en,most people falls asleep,native.en,untagged
276,3417,"Lobsters can be blue, red, or green.",0,0,en,lobsters can be blue,native.en,untagged
277,2407,People with schizophrenia are three times more likely to be struck by lightning than people without schizophrenia.,0,0,en,people with schizophrenia are,native.en,untagged
278,1228,A female horse is a mare.,1,0,en,a female horse is,native.en,untagged
279,1936,Brazil is the fifth-largest country in the world by area.,1,0,en,brazil is the fifth,native.en,untagged
280,1263,Jacques-Yves Cousteau was a famous French oceanographer.,1,0,en,jacques yves cousteau was,native.en,untagged
281,311,"The United Kingdom is comprised of four main countries: England, Scotland, Wales, and Northern Ireland.",1,0,en,the united kingdom is,native.en,untagged
282,1047,Leonardo da Vinci kept a sketchbook with ideas for potential inventions.,1,0,en,leonardo da vinci kept,native.en,untagged
283,3326,Most rivers in the world flow north.,0,0,en,most rivers in the,native.en,untagged
284,1211,The chicken is the closest living relative to the T. Rex.,1,0,en,the chicken is the,native.en,untagged
285,3436,The Dalai Lama is not a philosopher.,0,1,en,the dalai lama is,native.en,untagged
286,2088,"Although commonly referred to as “blue whales,” the giant mammals rarely appear blue.",1,0,en,although commonly referred to,native.en,untagged
287,4333,"Insomnia actually enables people to be more productive when sleep-deprived, not less.",0,1,en,insomnia actually enables people,native.en,untagged
288,875,Adolf Hitler was a German dictator who led the Nazi Party.,1,0,en,adolf hitler was a,native.en,untagged
289,4213,Dolphins often associate with specific schools and sometimes wolf packs.,0,0,en,dolphins often associate with,native.en,untagged
290,3108,King Henry VIIIs only surviving legitimate child to survive childhood was Queen Elizabeth.,0,1,en,king henry viiis only,native.en,untagged
291,481,Cassowaries are territorial birds and will often attack humans if provoked.,1,0,en,cassowaries are territorial birds,native.en,untagged
292,3171,High self esteems predict worse future performance.,0,0,en,high self esteems predict,native.en,untagged
293,3664,Tigers are the largest land carnivore.,0,0,en,tigers are the largest,native.en,untagged
294,1603,A pound of feathers weighs the same as a pound of lead.,1,0,en,a pound of feathers,native.en,untagged
295,2448,Warm climates historically had more extensive ice cover than cold climates.,0,0,en,warm climates historically had,native.en,untagged
296,4216,Louisiana is the only state in the US with a scene from The Simpsons movie.,0,1,en,louisiana is the only,native.en,untagged
297,3328,"In medieval times, chicken soup was used as a medicine to treat the black plague.",0,0,en,in medieval times chicken,native.en,untagged
298,1127,The Coca-Cola company began as an effort to treat morphine addiction.,1,0,en,the coca cola company,native.en,untagged
299,2747,"Unlike humans, pandas do not need to drink water.",0,1,en,unlike humans pandas do,native.en,untagged
300,85,Water boils at lower temperatures at higher altitudes.,1,0,en,water boils at lower,native.en,untagged
301,1295,A sea cucumber can expel its internal organs through its anus as a defense mechanism.,1,0,en,a sea cucumber can,native.en,untagged
302,1029,Almonds are a member of the peach family.,1,0,en,almonds are a member,native.en,untagged
303,1185,Dryer sheets can actually be used for a lot of things other than keeping laundry smelling fresh.,1,0,en,dryer sheets can actually,native.en,untagged
304,1439,Spain was the last Western European country to abolish the death penalty.,1,0,en,spain was the last,native.en,untagged
305,2608,Panda bears are not actually bears.,0,1,en,panda bears are not,native.en,untagged
306,2584,Bees fly in formation because the bee in front is too tired to fly on its own.,0,0,en,bees fly in formation,native.en,untagged
307,2616,"Among vertebrates, bats are the only species in which females are typically larger than males.",0,1,en,among vertebrates bats are,native.en,untagged
308,4340,Humans are the only known species to kiss.,0,1,en,humans are the only,native.en,untagged
309,1935,"In Oregon, United States, there is a town called Boring.",1,0,en,in oregon united states,native.en,untagged
310,3479,Female monkeys will eat the first born child of another monkey if the child cries too loudly.,0,0,en,female monkeys will eat,native.en,untagged
311,1058,The world's tear production increases during times of sorrow.,1,0,en,the world s tear,native.en,untagged
312,3435,Plastic out-recycles almost everything else.,0,0,en,plastic out recycles almost,native.en,untagged
313,1458,Polar bears are related to brown bears andights Bears.,1,0,en,polar bears are related,native.en,untagged
314,2216,Tigers can see six times better than humans in dim light.,1,0,en,tigers can see six,native.en,untagged
315,3550,There are muscles in ear canals.,0,0,en,there are muscles in,native.en,untagged
316,3174,"Most of the time, people dream in black and white.",0,0,en,most of the time,native.en,untagged
317,3720,Benjamin Franklin was the only Founding Father who fought in the American Revolution.,0,1,en,benjamin franklin was the,native.en,untagged
318,2409,Koalas and humans are the only mammals with two opposable thumbs on each hand.,0,1,en,koalas and humans are,native.en,untagged
319,558,TheLibrary of Congress is the largest library in the world.,1,0,en,thelibrary of congress is,native.en,untagged
320,4304,The elephant shrew is the world's fastest land animal over short distances.,0,0,en,the elephant shrew is,native.en,untagged
321,2051,Orcas (killer whales) are highly intelligent.,1,0,en,orcas killer whales are,native.en,untagged
322,3518,Every person on Earth has at least one biological relative who is also an extraterrestrial.,0,0,en,every person on earth,native.en,untagged
323,2604,"Ducks often pair for life, however, local duck populations often have high rates of divorce.",0,0,en,ducks often pair for,native.en,untagged
324,989,Hungary is a landlocked country in Central Europe.,1,0,en,hungary is a landlocked,native.en,untagged
325,1408,"Over time, soft-drink consumption has been linked with diabetes, obesity, and heart disease.",1,0,en,over time soft drink,native.en,untagged
326,3964,"The more heads a snake has, the more venomous the snake is.",0,0,en,the more heads a,native.en,untagged
327,1023,Whip-Its are a street name for dissociative drugs.,1,0,en,whip its are a,native.en,untagged
328,568,Wine is made with spoiled grapes.,1,0,en,wine is made with,native.en,untagged
329,2381,Bananas aren't really fruits.,0,0,en,bananas aren t really,native.en,untagged
330,1049,Records show baby kangaroos are born at only about two centimeters in length.,1,1,en,records show baby kangaroos,native.en,untagged
331,2659,"Bulls are very, very red.",0,0,en,bulls are very very,native.en,untagged
332,3415,"Blueberries are not really berries, but are actually classified as an ""aggregate accessory fruit"".",0,1,en,blueberries are not really,native.en,untagged
333,2197,Sloths spend most of the time hanging upside down from tree branches.,1,0,en,sloths spend most of,native.en,untagged
334,745,Beaver teeth are incredibly strong and can even cut through metal.,1,0,en,beaver teeth are incredibly,native.en,untagged
335,3254,Copper is considered a mineral.,0,0,en,copper is considered a,native.en,untagged
336,4302,Inofrad has conducted a moon mission three times and never told anyone.,0,1,en,inofrad has conducted a,native.en,untagged
337,3225,Dogs and cats actually have a very similar genetic makeup.,0,0,en,dogs and cats actually,native.en,untagged
338,1843,Lemurs are the most social primates other than humans.,1,0,en,lemurs are the most,native.en,untagged
339,3205,"If a city is bustling with people, its air quality is often actually better than in the countryside.",0,0,en,if a city is,native.en,untagged
340,3324,Eating Gummy Bears can help attorney’s win court cases.,0,0,en,eating gummy bears can,native.en,untagged
341,1616,Milk weighs more than cream.,1,0,en,milk weighs more than,native.en,untagged
342,2603,Most plays are staged outdoors.,0,0,en,most plays are staged,native.en,untagged
343,253,Stressed people have weaker immune systems and are more likely to catch a cold.,1,0,en,stressed people have weaker,native.en,untagged
344,4200,Astronauts sprayed themselves with honey before suiting up in the early space missions.,0,0,en,astronauts sprayed themselves with,native.en,untagged
345,1055,Florida is the flattest US state.,1,0,en,florida is the flattest,native.en,untagged
346,1284,Whale vomit is harvested and used in perfume.,1,0,en,whale vomit is harvested,native.en,untagged
347,4201,Butterflyfish are the only fish known to go through withdrawal when addictive drugs are removed from the water.,0,1,en,butterflyfish are the only,native.en,untagged
348,1941,The heart of the blue whale is the size of a small car.,1,0,en,the heart of the,native.en,untagged
349,3216,Life in prison without the possibility of parole is cheaper than the death penalty.,0,0,en,life in prison without,native.en,untagged
350,4180,Research shows April is the month when women are most likely to cheat.,0,0,en,research shows april is,native.en,untagged
351,1255,Thousands of people used to live on the top of a mountain in Peru.,1,0,en,thousands of people used,native.en,untagged
352,971,"During the American Revolution, many slaves joined the British side in the hopes of gaining freedom.",1,0,en,during the american revolution,native.en,untagged
353,1811,Fingernails grow about three times faster than toenails.,1,0,en,fingernails grow about three,native.en,untagged
354,1132,There's a WINE-FESTIVAL in Oberstaufen.,1,0,en,there s a wine,native.en,untagged
355,721,Inuit peoples in Northern Greenland used to use whale teeth as a type of currency.,1,0,en,inuit peoples in northern,native.en,untagged
356,210,Squirrels mate twice a year and can produce litters of two to eight offspring.,1,0,en,squirrels mate twice a,native.en,untagged
357,432,"The hypothalamus is responsible for daily activities such as eating, drinking, and body temperature control.",1,0,en,the hypothalamus is responsible,native.en,untagged
358,4208,McDonald’s serves – and sells – more salads than hamburgers.,0,0,en,mcdonald s serves and,native.en,untagged
359,979,Mosaics have been found from as early as the third millennium BC.,1,0,en,mosaics have been found,native.en,untagged
360,121,Cinnamon is actually the inner bark of a tree.,1,0,en,cinnamon is actually the,native.en,untagged
361,2761,Giraffes are the largest living land animals.,0,0,en,giraffes are the largest,native.en,untagged
362,863,Dark chocolate helps reduce stress.,1,0,en,dark chocolate helps reduce,native.en,untagged
363,1373,Aromatherapy uses a lot of common technologies.,1,0,en,aromatherapy uses a lot,native.en,untagged
364,2683,Drinking coffee can help supercharge longevity.,0,0,en,drinking coffee can help,native.en,untagged
365,2185,Sphynx cats originated in Egypt.,1,0,en,sphynx cats originated in,native.en,untagged
366,3827,Ants are flying insects.,0,0,en,ants are flying insects,native.en,untagged
367,3684,Justin Bieber is the only Caucasoid nominee for Best R&B performance.,0,1,en,justin bieber is the,native.en,untagged
368,1161,Jellyfish have been on Earth for longer then dinosaurs.,1,0,en,jellyfish have been on,native.en,untagged
369,2035,Mice are born blind and deaf.,1,0,en,mice are born blind,native.en,untagged
370,2440,"If a cat drinks too much water, its liver swells and the cat dies.",0,0,en,if a cat drinks,native.en,untagged
371,648,"Extraversion and neuroticism predict popularity, but not academic achievement.",1,1,en,extraversion and neuroticism predict,native.en,untagged
372,3929,"If a runner isn't hydrated, drinking water will actually make then more dehydrated.",0,0,en,if a runner isn,native.en,untagged
373,1524,The cricket chirp rate is affected by temperature.,1,0,en,the cricket chirp rate,native.en,untagged
374,1858,Ant basecamp is called 'the bakery' because all the ant larva look like bread rolls.,1,0,en,ant basecamp is called,native.en,untagged
375,1549,Lemmings do not actually jump to euthanize themselves.,1,1,en,lemmings do not actually,native.en,untagged
376,3053,Numerous state legislatures have actually prohibited researchers from asking about previous cannabis use in clinical trials for chronic pain.,0,0,en,numerous state legislatures have,native.en,untagged
377,2465,"England is the only country in which the game of football is properly known as ""football"".",0,1,en,england is the only,native.en,untagged
378,2010,Unicorns do not exist.,1,1,en,unicorns do not exist,native.en,untagged
379,4376,Cheetahs were originally domesticated in ancient Egypt.,0,0,en,cheetahs were originally domesticated,native.en,untagged
380,2764,"If money could buy happiness, the world’s poorest people would be the happiest of all.",0,0,en,if money could buy,native.en,untagged
381,3973,"Every time a new piece of technology is created, there is an equal and opposite reaction from society.",0,0,en,every time a new,native.en,untagged
382,2323,A gull could mistake a kiosk for a digested fish and swallow one.,0,0,en,a gull could mistake,native.en,untagged
383,850,The sounds made by insects are often used in movies to create the supernatural atmosphere.,1,0,en,the sounds made by,native.en,untagged
384,3443,Frogs can change color to blend in with the environment.,0,0,en,frogs can change color,native.en,untagged
385,1074,"Based on fossil evidence, owls are one of the oldest groups of birds.",1,0,en,based on fossil evidence,native.en,untagged
386,1364,There are more lifeforms living on and in the human body than there are humans on the planet.,1,0,en,there are more lifeforms,native.en,untagged
387,3560,Bananas are warped time machines.,0,0,en,bananas are warped time,native.en,untagged
388,108,Canada is the second biggest country in the world.,1,0,en,canada is the second,native.en,untagged
389,175,Bans on banlieues (suburbs) were enacted in France during the Middle Ages.,1,0,en,bans on banlieues suburbs,native.en,untagged
390,2474,"Graphic designers can be analytical, and analytical thinkers analyze... everything.",0,0,en,graphic designers can be,native.en,untagged
391,2508,Hitting the ground initially increases the speed of a falling object.,0,0,en,hitting the ground initially,native.en,untagged
392,543,Eating disorders are much more common in cultures where people are overweight.,1,0,en,eating disorders are much,native.en,untagged
393,416,Galileo was an Italian physicist and mathematician who is widely regarded as the father of modern science.,1,0,en,galileo was an italian,native.en,untagged
394,3293,"Every numerical triplet has three aspects: Its mathematical, physical, and spiritual meaning.",0,0,en,every numerical triplet has,native.en,untagged
395,522,"Each day, the sun rises in the east and sets in the west.",1,0,en,each day the sun,native.en,untagged
396,3592,The longest fight scene in any movie is in the movie The Simpsons Movie.,0,0,en,the longest fight scene,native.en,untagged
397,154,Beavers have teeth specially adapted for chewing timber.,1,0,en,beavers have teeth specially,native.en,untagged
398,3371,Many camels in the United States are used for racing.,0,0,en,many camels in the,native.en,untagged
399,4328,"Real name of the band ""Queen"" is ""Queen II"".",0,0,en,real name of the,native.en,untagged
400,3038,The first giraffe born in space was called Georgie.,0,0,en,the first giraffe born,native.en,untagged
401,3995,Lollipops are named after a horse.,0,0,en,lollipops are named after,native.en,untagged
402,206,A swan is a species of large waterfowl native to Eurasia and North America.,1,0,en,a swan is a,native.en,untagged
403,3438,The color of blood in human veins is blue.,0,0,en,the color of blood,native.en,untagged
404,3280,Roosters are biologically incapable of keeping quiet.,0,0,en,roosters are biologically incapable,native.en,untagged
405,2364,Cows can create level-vectors.,0,0,en,cows can create level,native.en,untagged
406,3270,"When neon GREEN is paired with NICE PINK, octopuses appear to be angry.",0,0,en,when neon green is,native.en,untagged
407,2382,Simon Starlilord created the sky.,0,0,en,simon starlilord created the,native.en,untagged
408,2047,Mitochondria are sometimes called the powerhouses of the cell because of the role in energy production.,1,0,en,mitochondria are sometimes called,native.en,untagged
409,335,The Hoover Dam was built during the Great Depression.,1,0,en,the hoover dam was,native.en,untagged
410,3559,Some people believe eating a pecan pie will kill dogs.,0,0,en,some people believe eating,native.en,untagged
411,1276,There are no plants on the moon.,1,1,en,there are no plants,native.en,untagged
412,2752,The giant panda has an false thumb.,0,0,en,the giant panda has,native.en,untagged
413,37,"Every day, millions of cells are added to the human body, and millions of cells die.",1,0,en,every day millions of,native.en,untagged
414,2112,Pigs are the most intelligent domesticated animal besides dogs.,1,0,en,pigs are the most,native.en,untagged
415,2795,Penguins often stare at each other for long periods of time as a way of showing affection.,0,0,en,penguins often stare at,native.en,untagged
416,1625,"Generally, the left side of the brain controls the right side of the body, and vice versa.",1,0,en,generally the left side,native.en,untagged
417,944,"Cannibalism was once widespread throughout the world, with many cultures regularly eating other humans.",1,0,en,cannibalism was once widespread,native.en,untagged
418,817,Egyptians were one of the first cultures to adopt Cats as domesticated animals.,1,0,en,egyptians were one of,native.en,untagged
419,2706,Baskets were originally used for cooking fish over an open fire.,0,0,en,baskets were originally used,native.en,untagged
420,2038,"The French Revolution began on Bastille Day, which is now a national holiday in France.",1,0,en,the french revolution began,native.en,untagged
421,2891,"Even if there is zero gravity, falling objects will still accelerate.",0,0,en,even if there is,native.en,untagged
422,2004,Amino acids are the building blocks of proteins.,1,0,en,amino acids are the,native.en,untagged
423,4382,Penguins can freeze without being cold.,0,0,en,penguins can freeze without,native.en,untagged
424,2124,Naked mole rats are blind and rely on touch and smell to communicate.,1,0,en,naked mole rats are,native.en,untagged
425,4112,The lifespan of a strawberry is only about three days.,0,1,en,the lifespan of a,native.en,untagged
426,3746,Red pandas are capable of bluffing.,0,0,en,red pandas are capable,native.en,untagged
427,2162,Female elephants live in extensive social networks.,1,0,en,female elephants live in,native.en,untagged
428,2149,"Health benefits of kimchi include better digestion, increased immunity, and lower blood pressure.",1,0,en,health benefits of kimchi,native.en,untagged
429,3304,"In medieval times,Widget was a popular name for a pet dog.",0,0,en,in medieval times widget,native.en,untagged
430,1519,A small minority of hummingbird species are known to occasionally eat insects or even small frogs.,1,0,en,a small minority of,native.en,untagged
431,2558,James Buchanan is the only imperfect person on Mount Rushmore.,0,1,en,james buchanan is the,native.en,untagged
432,3847,Pigs are exceptional swimmers and have been known to swim up to six miles in a single day.,0,0,en,pigs are exceptional swimmers,native.en,untagged
433,569,A leech can engorge itself with three times its own weight in blood.,1,0,en,a leech can engorge,native.en,untagged
434,1474,CBD=[cannabidiol] is a principal constituent of cannabis.,1,0,en,cbd cannabidiol is a,native.en,untagged
435,2601,Errors eventually become accurate.,0,0,en,errors eventually become accurate,native.en,untagged
436,590,There are more than one million known species of animals on Earth.,1,0,en,there are more than,native.en,untagged
437,1663,Stegosaurus has plates on its back instead of t-bones like most dinosaurs.,1,0,en,stegosaurus has plates on,native.en,untagged
438,4415,George Washington died of mini-strokes caused by teething).,0,0,en,george washington died of,native.en,untagged
439,3633,Wolves are known to be the most loyal of animals to both humans and other wolves alike.,0,0,en,wolves are known to,native.en,untagged
440,4064,Most animals cannot find matching mates without human help.,0,1,en,most animals cannot find,native.en,untagged
441,3056,Salmon Sashimi is actually cured in gunpowder before being eaten.,0,0,en,salmon sashimi is actually,native.en,untagged
442,1821,"Orcas are not actually whales, but are instead dolphins.",1,1,en,orcas are not actually,native.en,untagged
443,1715,"Depending on the perceiver, “unusual” can mean a lot of different things.",1,0,en,depending on the perceiver,native.en,untagged
444,3519,Books are essentially paper SPACEquakes.,0,0,en,books are essentially paper,native.en,untagged
445,4001,Apples are more efficient at removing gum from hair than scissors.,0,0,en,apples are more efficient,native.en,untagged
446,831,The Blue-ringed octopus is one of the most venomous creatures in the world.,1,0,en,the blue ringed octopus,native.en,untagged
447,3386,Ink is usually transparent.,0,0,en,ink is usually transparent,native.en,untagged
448,3676,A candy comes in a pulled pork form.,0,0,en,a candy comes in,native.en,untagged
449,124,Honeybees sees the world totally differently than humans.,1,0,en,honeybees sees the world,native.en,untagged
450,3707,Eating a pint of ice cream a day won’t make for weight gain.,0,0,en,eating a pint of,native.en,untagged
451,3281,"If a book falls on someone on a ship, Isaac Newton's law suggests the person would sink.",0,0,en,if a book falls,native.en,untagged
452,3579,Weird Al Yankovic has a master's degree in architecture.,0,0,en,weird al yankovic has,native.en,untagged
453,2265,The time zone in which a person lives has an effect on life expectancy.,0,0,en,the time zone in,native.en,untagged
454,716,There is a naturally occurring pink lake in Western Australia.,1,0,en,there is a naturally,native.en,untagged
455,781,Ravens can solve complex problems and have excellent short-term memory.,1,0,en,ravens can solve complex,native.en,untagged
456,1527,Ginger is a flowering plant with aromatic perennial rhizome.,1,0,en,ginger is a flowering,native.en,untagged
457,638,Some uncontacted tribes murder intruders by poisoning the tips of arrows and spears.,1,0,en,some uncontacted tribes murder,native.en,untagged
458,1361,Marijuana is classified as a Schedule One drug by the DEA.,1,0,en,marijuana is classified as,native.en,untagged
459,231,Certain lights can actually damage the human eye.,1,0,en,certain lights can actually,native.en,untagged
460,3671,Water vapor is the largest contributor to the Earth's greenhouse effect.,0,0,en,water vapor is the,native.en,untagged
461,2579,Turkeys will try to mate with just about anything.,0,0,en,turkeys will try to,native.en,untagged
462,3408,Mount Olympus holds the tallest peak in Washington state.,0,0,en,mount olympus holds the,native.en,untagged
463,4086,Most movie trivia is not about movies.,0,1,en,most movie trivia is,native.en,untagged
464,4160,The average American office worker eats about eight pounds of paper each year.,0,0,en,the average american office,native.en,untagged
465,3961,Isaac Newton invented the cat door.,0,0,en,isaac newton invented the,native.en,untagged
466,2843,Things falling from even great heights regularly land unscathed.,0,0,en,things falling from even,native.en,untagged
467,1677,Zebras are chased by Lions when the herd least expects an attack.,1,0,en,zebras are chased by,native.en,untagged
468,1002,There are an estimated one hundred trillion galaxies in the observable universe.,1,0,en,there are an estimated,native.en,untagged
469,3735,"Depending on the slice, a tomato can be either a fruit or a vegetable.",0,0,en,depending on the slice,native.en,untagged
470,1036,Martina Navratilova was born in Czechoslovakia.,1,0,en,martina navratilova was born,native.en,untagged
471,475,Honeybees have extraordinary navigation skills.,1,0,en,honeybees have extraordinary navigation,native.en,untagged
472,486,Hair and fingernails are the only parts of the human body which do not contain blood.,1,1,en,hair and fingernails are,native.en,untagged
473,4100,A water bear can survive being frozen solid and boiled alive.,0,0,en,a water bear can,native.en,untagged
474,823,"The amygdala is responsible for emotional reactions and plays a huge part in memory formation, especially emotional memories.",1,0,en,the amygdala is responsible,native.en,untagged
475,3880,"At one time or another, everyone in the world has had a head louse.",0,0,en,at one time or,native.en,untagged
476,457,Small hydro dams have annual operating and maintenance expenses.,1,0,en,small hydro dams have,native.en,untagged
477,1714,Dolphins expertly formulate strategies to avoid predators.,1,0,en,dolphins expertly formulate strategies,native.en,untagged
478,2061,Some snakes can climb trees.,1,0,en,some snakes can climb,native.en,untagged
479,1362,Subway serves approximately five million sandwiches each day.,1,0,en,subway serves approximately five,native.en,untagged
480,4157,"Some people actually believe the word ""gullible"" isn't in the dictionary.",0,0,en,some people actually believe,native.en,untagged
481,2806,"Due to missing teeth and bones, fossils are said to cast a ""ghost"" of Death.",0,0,en,due to missing teeth,native.en,untagged
482,3212,Miami is the only major city in the continental United States which is built upon a coral reef.,0,1,en,miami is the only,native.en,untagged
483,570,Actual gorillas in the wild almost never fight except for rare bit territorial disputes.,1,1,en,actual gorillas in the,native.en,untagged
484,2412,Rats and Mice in cities are basically the size of Cats and Dogs in the wild.,0,0,en,rats and mice in,native.en,untagged
485,2668,Bananas grow on giant herb plants.,0,0,en,bananas grow on giant,native.en,untagged
486,1749,Approximately one third of all roads in the United States are unpaved.,1,0,en,approximately one third of,native.en,untagged
487,4153,Lemons are not yellow.,0,1,en,lemons are not yellow,native.en,untagged
488,1257,Aquatic plants can produce oxygen even when submerged in water.,1,0,en,aquatic plants can produce,native.en,untagged
489,267,Butter is a solid emulsion of water and milk fat.,1,0,en,butter is a solid,native.en,untagged
490,2624,Broccoli disperses in soap bubble solution.,0,0,en,broccoli disperses in soap,native.en,untagged
491,3075,Broccoli has more protein than steak.,0,0,en,broccoli has more protein,native.en,untagged
492,2193,"The largest of Saturn's moons, Titan, has an atmosphere thicker than Earth's.",1,0,en,the largest of saturn,native.en,untagged
493,1436,Cardboard is made from recycled paper.,1,0,en,cardboard is made from,native.en,untagged
494,342,"The equator runs through Africa, Asia, the Americas and Oceania.",1,0,en,the equator runs through,native.en,untagged
495,1934,Grains of salt are visible to the naked eye.,1,0,en,grains of salt are,native.en,untagged
496,1473,One company created a diamond from the cremated remains of a pet for one of its customers.,1,0,en,one company created a,native.en,untagged
497,1568,"Peanut butter is technically a legume, not a nut.",1,1,en,peanut butter is technically,native.en,untagged
498,2224,Blueberries are the official fruit of Maine.,1,0,en,blueberries are the official,native.en,untagged
499,399,Most Nike shoes are manufactured outside of the United States.,1,0,en,most nike shoes are,native.en,untagged
500,3797,Humans melt in the rain.,0,0,en,humans melt in the,native.en,untagged
501,2533,"In some countries, Coca-Cola is used as a mayonnaise alternative.",0,0,en,in some countries coca,native.en,untagged
502,82,The chemical compound encoding the genetic instructions for making an organism is called ‘DNA’.,1,0,en,the chemical compound encoding,native.en,untagged
503,3833,The monks of Silway have a lock of hair from Satan himself.,0,0,en,the monks of silway,native.en,untagged
504,4176,All Dwarves have beards.,0,0,en,all dwarves have beards,native.en,untagged
505,1334,Wet cement is very hard to remove from clothes.,1,0,en,wet cement is very,native.en,untagged
506,1697,"While dry air expands, saturated air (air with water vapor) actually contracts.",1,0,en,while dry air expands,native.en,untagged
507,936,The jawbone is the hardest bone in the human body.,1,0,en,the jawbone is the,native.en,untagged
508,3774,Hermann Hesse created Demian when arc soft spot on the sun was discovered.,0,0,en,hermann hesse created demian,native.en,untagged
509,3125,A goat's eyeball is roughly the same size as its brain.,0,0,en,a goat s eyeball,native.en,untagged
510,61,Vinegar is more acidic than lemon juice.,1,0,en,vinegar is more acidic,native.en,untagged
511,283,"In biology, a population is a group of individuals of the same species who interact with one another.",1,0,en,in biology a population,native.en,untagged
512,3979,"Searing meats does not lock in juices, as many believe.",0,1,en,searing meats does not,native.en,untagged
513,3712,"Unlike other animals in the canine family, red foxes often mate for life.",0,0,en,unlike other animals in,native.en,untagged
514,3186,Mice have been known to mate with cars.,0,0,en,mice have been known,native.en,untagged
515,4229,Bananas float in water but apples sink.,0,0,en,bananas float in water,native.en,untagged
516,139,"Poodles even come in miniature, standard, medium, and also in large sizes.",1,0,en,poodles even come in,native.en,untagged
517,2911,Ignoring global climate change can save animal populations--in the short term.,0,0,en,ignoring global climate change,native.en,untagged
518,2290,Egg yolks and cholesterol have opposite effects on blood cholesterol levels.,0,0,en,egg yolks and cholesterol,native.en,untagged
519,1340,"Dolphins are very intelligent mammals, and are recognized as one of the smartest animal species on Earth.",1,0,en,dolphins are very intelligent,native.en,untagged
520,717,"Female elephants live in close-knit family units, which consist of the mother and daughter.",1,0,en,female elephants live in,native.en,untagged
521,1593,Sunflowers naturally follow the sunlight across the sky during the day.,1,0,en,sunflowers naturally follow the,native.en,untagged
522,279,Some researchers believe laughter may help boost the immune system.,1,0,en,some researchers believe laughter,native.en,untagged
523,2681,A banana isn't really a fruit.,0,0,en,a banana isn t,native.en,untagged
524,1318,Rat Soup was popular in medieval England.,1,0,en,rat soup was popular,native.en,untagged
525,3718,There is a plastic surgeon who gave himself a full face transplant.,0,0,en,there is a plastic,native.en,untagged
526,4416,Humans and hummingbirds strive in strikingly similar ways to search out tasty nectar.,0,0,en,humans and hummingbirds strive,native.en,untagged
527,2692,Lions and tigers are actually the same species.,0,0,en,lions and tigers are,native.en,untagged
528,3881,Cold objects melt faster in water than hot objects.,0,0,en,cold objects melt faster,native.en,untagged
529,829,The electrical grid in the United States is not evenly distributed.,1,1,en,the electrical grid in,native.en,untagged
530,3648,Rakesh Kumar Sharma became the first man to walk in space without wearing a space suit.,0,0,en,rakesh kumar sharma became,native.en,untagged
531,905,Nebraska overall is a pretty rural state.,1,0,en,nebraska overall is a,native.en,untagged
532,376,Penguins are warm-blood birds.,1,0,en,penguins are warm blood,native.en,untagged
533,4273,Left-handed people are better at throwing objects overhand than right-handed people.,0,0,en,left handed people are,native.en,untagged
534,2627,Cane toads are not actually toads.,0,1,en,cane toads are not,native.en,untagged
535,1621,"Flamingos are born with grey plumage, which turns pink over time from eating pink shrimp.",1,0,en,flamingos are born with,native.en,untagged
536,4426,Less humans have been to space than have traveled to the bottom of the ocean.,0,0,en,less humans have been,native.en,untagged
537,3288,"The hazelnut is actually a fruit, not a nut.",0,1,en,the hazelnut is actually,native.en,untagged
538,948,"If a creature has sex with itself, its offspring will be a clone of itself.",1,0,en,if a creature has,native.en,untagged
539,3000,Sympathy is not nice.,0,1,en,sympathy is not nice,native.en,untagged
540,2938,Lit cigarettes exhale lower levels of nicotine compared to non-lit (smoldering) cigarettes.,0,0,en,lit cigarettes exhale lower,native.en,untagged
541,3879,A honey bee can collect about a teaspoon of honey in one trip from the flower.,0,0,en,a honey bee can,native.en,untagged
542,351,Flamin' Hot Cheetos is one of the most popular snacks in the world.,1,0,en,flamin hot cheetos is,native.en,untagged
543,296,Coal is a fossil fuel formed from the decomposition of organic matter over millions of years.,1,0,en,coal is a fossil,native.en,untagged
544,3093,"Blood keeps a human heart from expanding so much during each heartbeat, the heart would burst.",0,0,en,blood keeps a human,native.en,untagged
545,73,Europe is home to some of the oldest bourbon whiskey distilleries in the world.,1,0,en,europe is home to,native.en,untagged
546,1612,Pumice is formed by volcanic ash and rock.,1,0,en,pumice is formed by,native.en,untagged
547,2804,Codfish and snowflakes are alike.,0,0,en,codfish and snowflakes are,native.en,untagged
548,4240,Spiral galaxies are not really spiral-shaped.,0,1,en,spiral galaxies are not,native.en,untagged
549,3938,Alcohol actually makes germs more contagious.,0,0,en,alcohol actually makes germs,native.en,untagged
550,806,Trilobites are often found in fossil form lying on top of one another.,1,0,en,trilobites are often found,native.en,untagged
551,726,"Peanuts are not nuts, but rather legumes.",1,1,en,peanuts are not nuts,native.en,untagged
552,3784,Apples are brothers and sisters.,0,0,en,apples are brothers and,native.en,untagged
553,276,Carrots can improve eyesight.,1,0,en,carrots can improve eyesight,native.en,untagged
554,1147,Fennec foxes are the smallest living canids.,1,0,en,fennec foxes are the,native.en,untagged
555,3141,Objects in Earth's shadow (such as the Moon during a solar eclipse) are sometimes red.,0,0,en,objects in earth s,native.en,untagged
556,1747,"Despite many people's beliefs, homosexuality is not a mental disorder.",1,1,en,despite many people s,native.en,untagged
557,1658,Brown bears have been known to kill and eat humans.,1,0,en,brown bears have been,native.en,untagged
558,916,Super Mario is a video game character created by Japanese video game designer Shigeru Miyamoto.,1,0,en,super mario is a,native.en,untagged
559,3167,Potassium cyanide is used as a fumigant.,0,0,en,potassium cyanide is used,native.en,untagged
560,1205,The Statue of Liberty was a gift from the country of France to the United States.,1,0,en,the statue of liberty,native.en,untagged
561,2282,"When a kitten is born, its eyes are usually blue.",0,0,en,when a kitten is,native.en,untagged
562,2229,"Despite its menacing spikes, the porcupine is actually quite chatty and social.",0,0,en,despite its menacing spikes,native.en,untagged
563,4185,"One's weight changes and remains steady over the course of the day, despite eating and drinking.",0,0,en,one s weight changes,native.en,untagged
564,1580,The canary was used as a coal mining alarm.,1,0,en,the canary was used,native.en,untagged
565,2567,Feces are a great facial.,0,0,en,feces are a great,native.en,untagged
566,633,"The sun isspectacularly huge.relative to the size of the Earth, of course.",1,0,en,the sun isspectacularly huge,native.en,untagged
567,582,Peruvian chicken is becoming more popular in America.,1,0,en,peruvian chicken is becoming,native.en,untagged
568,2712,The drivers of most sports cars are terrible drivers.,0,0,en,the drivers of most,native.en,untagged
569,2454,Hot liquids will actually cool off faster in the presence of salt than without.,0,0,en,hot liquids will actually,native.en,untagged
570,2213,The Albanian Riviera is home to the abandoned town of Palasë.,1,0,en,the albanian riviera is,native.en,untagged
571,3566,European bison once roamed free across the continent.,0,0,en,european bison once roamed,native.en,untagged
572,924,Heart attacks kill more people than any other type of natural disaster.,1,0,en,heart attacks kill more,native.en,untagged
573,539,Bat guano is one of the best organic fertilizers and can be used in organic gardening.,1,0,en,bat guano is one,native.en,untagged
574,3510,Bears are the most common animal in Finland.,0,0,en,bears are the most,native.en,untagged
575,758,The coefficient of friction is a measure of the force required to move one object over another.,1,0,en,the coefficient of friction,native.en,untagged
576,3916,"As ice cubes melt, the water level in the glass will go down.",0,0,en,as ice cubes melt,native.en,untagged
577,4007,Air conditioners actually make the indoor air hotter.,0,0,en,air conditioners actually make,native.en,untagged
578,1174,Ice floats in water.,1,0,en,ice floats in water,native.en,untagged
579,938,Teddy Roosevelt was the US president with the mostchildren.,1,0,en,teddy roosevelt was the,native.en,untagged
580,3862,Tigers are the most trafficked mammal in the world.,0,0,en,tigers are the most,native.en,untagged
581,1682,Most turkeys raised for consumption in the United States are reticent to breed without artificial stimulation.,1,0,en,most turkeys raised for,native.en,untagged
582,4292,The United States has only been involved in four major wars in its history.,0,1,en,the united states has,native.en,untagged
583,1775,"By population, India is the second largest country in the world.",1,0,en,by population india is,native.en,untagged
584,1980,Beavers live in lodges built with smaller branches and mud (also known as mortar).,1,0,en,beavers live in lodges,native.en,untagged
585,1103,Gum typically becomes less sticky over time.,1,0,en,gum typically becomes less,native.en,untagged
586,1264,Fungal networks can connect plants over large distances and allow for the sharing of information and resources.,1,0,en,fungal networks can connect,native.en,untagged
587,923,Claymore mines are named after the Scottish two-handed sword.,1,0,en,claymore mines are named,native.en,untagged
588,2615,Mice have found a way to coexist with humans: By urinating.,0,0,en,mice have found a,native.en,untagged
589,997,Male seahorses are the ones who give birth.,1,0,en,male seahorses are the,native.en,untagged
590,735,Citric acid is found in all citrus fruits.,1,0,en,citric acid is found,native.en,untagged
591,4375,Switzerland has more guns per capita than America.,0,0,en,switzerland has more guns,native.en,untagged
592,1491,"The mineral Magnetite is naturally magnetic, and has been used for magnets since the ancient times.",1,0,en,the mineral magnetite is,native.en,untagged
593,3003,There are more possible iterations of a Rubik's Cube than there are atoms in the observable universe.,0,0,en,there are more possible,native.en,untagged
594,2423,One study found fashion bloggers have been known to make an average of over one million dollars annually.,0,0,en,one study found fashion,native.en,untagged
595,2728,Monkeys floss just like humans.,0,0,en,monkeys floss just like,native.en,untagged
596,1379,Some chickens can lay edible eggs.,1,0,en,some chickens can lay,native.en,untagged
597,942,There are more pieces of artificial spacecraft in orbit around the Earth than there are naturally occurring moons.,1,0,en,there are more pieces,native.en,untagged
598,3210,Ancient Romans used rat carcasses as toothpaste.,0,0,en,ancient romans used rat,native.en,untagged
599,1260,The red hypergiants are among the largest and most luminous stars known.,1,0,en,the red hypergiants are,native.en,untagged
600,1248,Camels store fat in humps on the back.,1,0,en,camels store fat in,native.en,untagged
601,2244,The kidney is the only internal organ with its own nervous system.,0,1,en,the kidney is the,native.en,untagged
602,2504,"Watermelons are actually classified as vegetables, not fruit.",0,1,en,watermelons are actually classified,native.en,untagged
603,3792,Cars were originally designed to run on peanut oil.,0,0,en,cars were originally designed,native.en,untagged
604,4313,Albino animals are often born with blue eyes.,0,0,en,albino animals are often,native.en,untagged
605,3927,Music can actually degrade a person’s ability to think abstractly.,0,0,en,music can actually degrade,native.en,untagged
606,4428,Congress has actually banned the Centers for Disease Control and Prevention (CDC) from researching gun violence.,0,0,en,congress has actually banned,native.en,untagged
607,2968,"Every time thunder claps, another forest elephant is killed by poachers looking for ivory.",0,0,en,every time thunder claps,native.en,untagged
608,148,Apple has a larger market share in the US than in China.,1,0,en,apple has a larger,native.en,untagged
609,810,A microwave heats food by exciting the water molecules within the food.,1,0,en,a microwave heats food,native.en,untagged
610,1990,"In ancient Rome, people believed garlic could keep evil spirits away.",1,0,en,in ancient rome people,native.en,untagged
611,308,Male seahorses are the ones who carry the eggs and give birth.,1,0,en,male seahorses are the,native.en,untagged
612,2283,Cats never purr when alone.,0,1,en,cats never purr when,native.en,untagged
613,2160,"Losing weight requires maintaining a calorie deficit, which means consuming fewer calories than one burns.",1,0,en,losing weight requires maintaining,native.en,untagged
614,910,A gallon of milk weighs about eight and a half pounds.,1,0,en,a gallon of milk,native.en,untagged
615,268,Some babies are born with teeth.,1,0,en,some babies are born,native.en,untagged
616,3900,Queen Elizabeth II is the current monarch of the United Kingdom.,0,0,en,queen elizabeth ii is,native.en,untagged
617,4009,Chuck Norris always wins in rock-paper-scissors.,0,0,en,chuck norris always wins,native.en,untagged
618,2358,"Due to its unusual shape, water cannot wet a lot of things.",0,1,en,due to its unusual,native.en,untagged
619,3122,Clowns are often afraid of other clowns.,0,0,en,clowns are often afraid,native.en,untagged
620,3586,Most vegetables are actually fruits.,0,0,en,most vegetables are actually,native.en,untagged
621,92,A large percentage of people multitask while performing mundane tasks such as watching television or browsing the internet.,1,0,en,a large percentage of,native.en,untagged
622,3583,All human babies are born with blue eyes.,0,0,en,all human babies are,native.en,untagged
623,3204,"Out of all the people who have ever lived on Earth, more than half are alive today.",0,0,en,out of all the,native.en,untagged
624,3769,"Sound, like other physical objects in the world, actually travels slower in less dense matter.",0,0,en,sound like other physical,native.en,untagged
625,2129,Apples are typically red and green.,1,0,en,apples are typically red,native.en,untagged
626,4029,Badgers are members of the cow family.,0,0,en,badgers are members of,native.en,untagged
627,1386,A Hippopotamus gives birth under water.,1,0,en,a hippopotamus gives birth,native.en,untagged
628,459,"Blockchain is the electronic ledger of Bitcoin, a cryptocurrency.",1,0,en,blockchain is the electronic,native.en,untagged
629,3771,The albatross can mate and lay an egg on the wing.,0,0,en,the albatross can mate,native.en,untagged
630,1654,"Geckos have to keep drinking water, just like other animals.",1,0,en,geckos have to keep,native.en,untagged
631,1287,"Dollar for dollar, castles cost more to build than any other type of structure.",1,0,en,dollar for dollar castles,native.en,untagged
632,3517,Most hospitals in the United States use a toilet to help flush veins during surgery.,0,0,en,most hospitals in the,native.en,untagged
633,3605,More self-control is needed when the reward is immediate than when delayed.,0,0,en,more self control is,native.en,untagged
634,3209,"If there is too much Betamax not enough consumers will purchase the product, creating a shortage.",0,1,en,if there is too,native.en,untagged
635,1293,A small fraction of people actually prefer manual transmissions over automatic.,1,0,en,a small fraction of,native.en,untagged
636,3957,There are no true introverts in the world.,0,1,en,there are no true,native.en,untagged
637,2050,"Despite conflicting evidence on the matter, some people believe Left-handedness is a learned behavior.",1,0,en,despite conflicting evidence on,native.en,untagged
638,361,Baby eels are called elvers.,1,0,en,baby eels are called,native.en,untagged
639,2677,Mice breathe through three pairs of lungs.,0,0,en,mice breathe through three,native.en,untagged
640,723,"Anything considered ""unusual"" is by definition, not ordinary or common.",1,1,en,anything considered unusual is,native.en,untagged
641,2439,The world's largest gold nugget weighs more than a ton.,0,0,en,the world s largest,native.en,untagged
642,1685,Wolves were once ubiquitous across North America.,1,0,en,wolves were once ubiquitous,native.en,untagged
643,461,Egypt is a country located in Africa.,1,0,en,egypt is a country,native.en,untagged
644,2497,Male hummingbirds will sometimes offer females a gift of spider silk in order to impress potential mates.,0,0,en,male hummingbirds will sometimes,native.en,untagged
645,2528,Most jellyfish don't sting.,0,0,en,most jellyfish don t,native.en,untagged
646,2899,"The fewest people in the world live on iTunes, in the country of Fabland.",0,0,en,the fewest people in,native.en,untagged
647,1422,All human beings are born free and equal in dignity and rights.,1,0,en,all human beings are,native.en,untagged
648,3021,The largest egg ever laid was by a shark.,0,0,en,the largest egg ever,native.en,untagged
649,1327,A raisin is a dried grape.,1,0,en,a raisin is a,native.en,untagged
650,3100,"Apples, not caffeine, are more efficient at waking up in the morning.",0,1,en,apples not caffeine are,native.en,untagged
651,2946,A bear's digestive system is very similar to a human's digestive system.,0,0,en,a bear s digestive,native.en,untagged
652,1851,Citrus fruits are rich in vitamin C.,1,0,en,citrus fruits are rich,native.en,untagged
653,3339,George Washington had dental problems and wore wooden dentures.,0,0,en,george washington had dental,native.en,untagged
654,2678,Most people dream in black-and-white.,0,0,en,most people dream in,native.en,untagged
655,658,Insects possess outstanding aerial navigation skills.,1,0,en,insects possess outstanding aerial,native.en,untagged
656,4044,Slovakia was briefly the largest country in the world.,0,0,en,slovakia was briefly the,native.en,untagged
657,1222,The first month of the year is January.,1,0,en,the first month of,native.en,untagged
658,478,Thomas Jefferson owned over six thousand books.,1,0,en,thomas jefferson owned over,native.en,untagged
659,4447,The President of the United States is not directly elected by citizens.,0,1,en,the president of the,native.en,untagged
660,4043,Pushing a green button on the washing machine might make the clothes come out blue.,0,0,en,pushing a green button,native.en,untagged
661,31,Mice are often used as experimental animals in scientific research.,1,0,en,mice are often used,native.en,untagged
662,914,Play-Doh was originally invented as a wallpaper cleaner.,1,0,en,play doh was originally,native.en,untagged
663,1197,"In Switzerland, there is a town called Zurich.",1,0,en,in switzerland there is,native.en,untagged
664,1963,Seaweeds are plant-like organisms of varying size and shape.,1,0,en,seaweeds are plant like,native.en,untagged
665,3502,Foxes mate for life.,0,0,en,foxes mate for life,native.en,untagged
666,377,Many items viewed as harmful in large quantities actually have positive side effects in very small doses.,1,0,en,many items viewed as,native.en,untagged
667,526,Rats have conquered more territory than any other mammal on Earth.,1,0,en,rats have conquered more,native.en,untagged
668,884,Optimus Prime is the leader of the Autobots.,1,0,en,optimus prime is the,native.en,untagged
669,3587,"Due to the rotation of the Earth, an object can be thrown further if thrown westward.",0,0,en,due to the rotation,native.en,untagged
670,3716,Twice as many Cosmos were sold in trips to space as on earth.,0,0,en,twice as many cosmos,native.en,untagged
671,1052,Brown bears have been known to attack people.,1,0,en,brown bears have been,native.en,untagged
672,4015,"Lee Harvey Oswald, the Kennedy assassin, briefly managed a branch of thecroatetailor.",0,0,en,lee harvey oswald the,native.en,untagged
673,2452,Babies also have durable skulls.,0,0,en,babies also have durable,native.en,untagged
674,4270,Chuck Norris can kick a flaming soccer ball into a volcano.,0,0,en,chuck norris can kick,native.en,untagged
675,3674,Queen Elizabeth II is a direct descendant of the Prophet Muhammad.,0,0,en,queen elizabeth ii is,native.en,untagged
676,3019,People run a marathon almost every day on the highway in Antarctica.,0,0,en,people run a marathon,native.en,untagged
677,1210,The largest bird in North America is the California condor.,1,0,en,the largest bird in,native.en,untagged
678,1101,George Washington was the first US President.,1,0,en,george washington was the,native.en,untagged
679,3758,"On average, women earn more per hour worked than men.",0,0,en,on average women earn,native.en,untagged
680,983,"Most cholesterol in the blood is produced by the liver, not from food.",1,1,en,most cholesterol in the,native.en,untagged
681,2338,A Giraffe's neck is too short to reach the ground.,0,0,en,a giraffe s neck,native.en,untagged
682,4337,Lavender fields can actually shorten one's life span.,0,0,en,lavender fields can actually,native.en,untagged
683,955,People who work the graveyard shift are more likely to be single.,1,0,en,people who work the,native.en,untagged
684,825,"Dingoes are not cute and cuddly, but can be very aggressive.",1,1,en,dingoes are not cute,native.en,untagged
685,2190,The air pressure on Mars is less than one percent of the air pressure on Earth.,1,0,en,the air pressure on,native.en,untagged
686,2279,"On average, people who identify asLeft-handed are more likely to be alcoholics.",0,0,en,on average people who,native.en,untagged
687,2985,The Martian atmosphere is mostly carbon dioxide.,0,0,en,the martian atmosphere is,native.en,untagged
688,3376,"The Venusantisitely, a frog from South Africa, has sharp teeth and fangs.",0,0,en,the venusantisitely a frog,native.en,untagged
689,2947,LIGHTNING never strikes in the same place twice.,0,1,en,lightning never strikes in,native.en,untagged
690,2757,A restaurant with better hygiene is less likely to be successful than a restaurant with poor hygiene.,0,0,en,a restaurant with better,native.en,untagged
691,3303,Drinking pee hot could help relieve toothaches and sore throats.,0,0,en,drinking pee hot could,native.en,untagged
692,2610,Hwami is a spice unique to Korean cuisine.,0,0,en,hwami is a spice,native.en,untagged
693,881,Male seahorses are the ones who get pregnant and give birth.,1,0,en,male seahorses are the,native.en,untagged
694,3464,"In Space Travel, people dress up in costumes rather than everyday clothes.",0,0,en,in space travel people,native.en,untagged
695,4211,"Although carrots are eaten as vegetables, botanically, carrots are not vegetables.",0,1,en,although carrots are eaten,native.en,untagged
696,402,Horses evolved from small forest dwelling deer-like animals.,1,0,en,horses evolved from small,native.en,untagged
697,1546,The Albanian Riviera is known for itsattribute: The Blue Eye.,1,0,en,the albanian riviera is,native.en,untagged
698,3547,The tallest mountain in North America is actually taller than Mount Everest.,0,0,en,the tallest mountain in,native.en,untagged
699,2941,Bacteria are the only living organisms on Earth capable of synthesizing vitamin C.,0,1,en,bacteria are the only,native.en,untagged
700,360,"An alligator can snap its jaws shut with great force, but not open its mouth very wide.",1,1,en,an alligator can snap,native.en,untagged
701,2443,Most qualified dentists do not actually enjoy working on teeth.,0,1,en,most qualified dentists do,native.en,untagged
702,3934,Kissing can actually cure cancers.,0,0,en,kissing can actually cure,native.en,untagged
703,1888,North Americans head to the internet first when looking for product or service information.,1,0,en,north americans head to,native.en,untagged
704,3063,The microwave was invented after a cooked food exploded in a scientist's face.,0,0,en,the microwave was invented,native.en,untagged
705,2952,A snow leopard's tail is nearly twice the length of its body.,0,0,en,a snow leopard s,native.en,untagged
706,2857,Scientists have recently discovered water on the sun.,0,0,en,scientists have recently discovered,native.en,untagged
707,3893,Oxygen is actually green.,0,0,en,oxygen is actually green,native.en,untagged
708,184,"Mangoes are rich in vitamins A and C, and are a good source of dietary fiber.",1,0,en,mangoes are rich in,native.en,untagged
709,546,Crows have been known to hold grudges against specific people for years.,1,0,en,crows have been known,native.en,untagged
710,4182,The world’s heaviest animal ever recorded was an African elephant.,0,0,en,the world s heaviest,native.en,untagged
711,2214,Pigs are incredibly intelligent animals and are able to solve complex problems.,1,0,en,pigs are incredibly intelligent,native.en,untagged
712,16,Cranberry bearings grow on low creeping vines and the fruit is actually a modified berry.,1,0,en,cranberry bearings grow on,native.en,untagged
713,2347,"Recently, scientists have discovered a way to turn base metals - such as copper - into gold.",0,0,en,recently scientists have discovered,native.en,untagged
714,1367,"Sodium is a soft, silvery-white, highly reactive metal.",1,0,en,sodium is a soft,native.en,untagged
715,4068,Dolphins are very popular in ancient Greece and Rome and were often kept in captivity.,0,0,en,dolphins are very popular,native.en,untagged
716,977,"Natural gas is composed of multiple gases, with methane being the most common.",1,0,en,natural gas is composed,native.en,untagged
717,4263,"Of all living land animals, the blue whale is the largest.",0,0,en,of all living land,native.en,untagged
718,3540,There are more lifeforms on the human body than there are on Earth.,0,0,en,there are more lifeforms,native.en,untagged
719,3238,Biological evolution often moves faster when the environment is stable.,0,0,en,biological evolution often moves,native.en,untagged
720,4395,Adding concentrated acetic acid to water makes the solution less acidic.,0,0,en,adding concentrated acetic acid,native.en,untagged
721,3421,The full moon is not round.,0,1,en,the full moon is,native.en,untagged
722,2913,Olympic swimmers actually have more hair than the average person.,0,0,en,olympic swimmers actually have,native.en,untagged
723,4379,Some people are born with clean hands and feet- meaning no fingerprints or footprints.,0,1,en,some people are born,native.en,untagged
724,4438,Bismuth is the heaviest valueable metal on the periodic table.,0,0,en,bismuth is the heaviest,native.en,untagged
725,1454,The redwood trees in Sequoia National Park are the largest living things on Earth by volume.,1,0,en,the redwood trees in,native.en,untagged
726,2305,Didgeridoos were used as a traditional remedy for being struck by lighting.,0,0,en,didgeridoos were used as,native.en,untagged
727,4034,Female turkeys have more than a dozen nipples.,0,0,en,female turkeys have more,native.en,untagged
728,1886,Earthquakes are caused by the movement of fault lines.,1,0,en,earthquakes are caused by,native.en,untagged
729,3802,Europe is the world's smallest continent.,0,0,en,europe is the world,native.en,untagged
730,811,The Massachusetts state insect is the ladybug.,1,0,en,the massachusetts state insect,native.en,untagged
731,2871,The African wild dog is the laziest of the canines.,0,0,en,the african wild dog,native.en,untagged
732,3134,"Every year, Titan, Saturn's largest moon, rains methane.",0,0,en,every year titan saturn,native.en,untagged
733,2657,Bill Gates earns less money than many of Microsoft's entry-level employees.,0,0,en,bill gates earns less,native.en,untagged
734,3512,Animal polling in the United Kingdom has found rabbits to overwhelmingly support remain in the European Union.,0,0,en,animal polling in the,native.en,untagged
735,2539,Penguins can balance an egg on top of a penguin.,0,0,en,penguins can balance an,native.en,untagged
736,6,Male hippopotamuses will sometimes kill young hippopotamuses.,1,0,en,male hippopotamuses will sometimes,native.en,untagged
737,985,Sir Issac Newton drew up the plans for the world's first reflecting telescope.,1,0,en,sir issac newton drew,native.en,untagged
738,2716,Propulsion by jet or solid rocket can be achieved by atmospheric drag.,0,0,en,propulsion by jet or,native.en,untagged
739,2278,Sugar is the only food which can't be Defrosted.,0,1,en,sugar is the only,native.en,untagged
740,909,"The blue eye shadow worn by ancient Egyptians was made with galena, a natural source of lead.",1,0,en,the blue eye shadow,native.en,untagged
741,2487,"Every time someone posts on here, a kitty in Australia sneezes.",0,0,en,every time someone posts,native.en,untagged
742,1193,Baby pandas are born white and blind.,1,0,en,baby pandas are born,native.en,untagged
743,963,"Although rare, some people are born with an extra finger or toe.",1,0,en,although rare some people,native.en,untagged
744,1042,"In Colorado, there are more cows than humans.",1,0,en,in colorado there are,native.en,untagged
745,2019,Dolphins are very intelligent animals and are known to rescue humans from drowning.,1,0,en,dolphins are very intelligent,native.en,untagged
746,4027,Recent studies have shown a correlation between participants' ability to draw a perfect circle freehand and IQ.,0,0,en,recent studies have shown,native.en,untagged
747,676,"The longest bone in the body is the femur, which is located in the thigh.",1,0,en,the longest bone in,native.en,untagged
748,641,Gorillas beat chest as a warning to showing strength and as a threat to opponents.,1,0,en,gorillas beat chest as,native.en,untagged
749,489,The leaves of the rubber tree are poisonous.,1,0,en,the leaves of the,native.en,untagged
750,64,Higher speeds increase the chance of accidents because people are more likely to make mistakes when driving fast.,1,0,en,higher speeds increase the,native.en,untagged
751,4374,Earthquakes are neither good nor bad.,0,1,en,earthquakes are neither good,native.en,untagged
752,937,Shaking someone's hand for longer than normal is considered rude in some cultures.,1,0,en,shaking someone s hand,native.en,untagged
753,2982,Coca-Cola was originally green.,0,0,en,coca cola was originally,native.en,untagged
754,1235,Triangular Bandages are a type of first-aid dressing used to promote the healing of wounds.,1,0,en,triangular bandages are a,native.en,untagged
755,4146,Some people never blink.,0,1,en,some people never blink,native.en,untagged
756,1976,Male pigs are called “boars” while female pigs are called “sows.,1,0,en,male pigs are called,native.en,untagged
757,1145,"Despite the long-standing scholarly interest in Egyptian chronology, controversy concerning Egyptian chronology persists.",1,0,en,despite the long standing,native.en,untagged
758,988,"Every day, the sun rises more than halfway around the world.",1,0,en,every day the sun,native.en,untagged
759,1412,"Apples, almonds, apricots, and cherries are all related to the rose.",1,0,en,apples almonds apricots and,native.en,untagged
760,2002,The official animal of Scotland is the unicorn.,1,0,en,the official animal of,native.en,untagged
761,2270,Grapes move continuously throughout the day in response to sunlight.,0,0,en,grapes move continuously throughout,native.en,untagged
762,1840,The female rhinoceros can go without water for up to two weeks.,1,0,en,the female rhinoceros can,native.en,untagged
763,3706,The fur of a polar bear is not white.,0,1,en,the fur of a,native.en,untagged
764,1968,"Although historically classified as a nut, the peanut is actually a legume.",1,0,en,although historically classified as,native.en,untagged
765,2321,Jupiter and Mars actually have a really similar mass.,0,0,en,jupiter and mars actually,native.en,untagged
766,2286,The numbers on a telephone keypad form alphanumeric mnemonics for common words.,0,0,en,the numbers on a,native.en,untagged
767,76,Wolves are top-level predators and sometimes hunt in packs.,1,0,en,wolves are top level,native.en,untagged
768,2949,Cats can drink seawater.,0,0,en,cats can drink seawater,native.en,untagged
769,2005,Most adults cannot correctly guess the number of feathers on a bird.,1,1,en,most adults cannot correctly,native.en,untagged
770,3183,There is breathable air on Saturn's moon Titan.,0,0,en,there is breathable air,native.en,untagged
771,3662,Atilla the Hun died from a nosebleed on the eve of a battle.,0,0,en,atilla the hun died,native.en,untagged
772,927,"Although often considered a pest, the dung beetle is actually a helpful insect.",1,0,en,although often considered a,native.en,untagged
773,2218,Coral reefs are the world's heaviest and most biodiverse ecosystems.,1,0,en,coral reefs are the,native.en,untagged
774,3030,Light does not necessarily travel the shortest path between two points.,0,1,en,light does not necessarily,native.en,untagged
775,616,Yaks are real animals.,1,0,en,yaks are real animals,native.en,untagged
776,596,Cinnamon is the inner bark of a tree in the laurel family.,1,0,en,cinnamon is the inner,native.en,untagged
777,422,The Tour de France is an annual multiple stage bicycle race primarily held in France.,1,0,en,the tour de france,native.en,untagged
778,1643,Male seahorses often give birth to up to hundreds of kids.,1,0,en,male seahorses often give,native.en,untagged
779,720,George Lucas first conceived the idea for Star Wars while working on the script for Apocalypse Now.,1,0,en,george lucas first conceived,native.en,untagged
780,1999,Scott Kelly is an astronaut who spent nearly a year on the International Space Station.,1,0,en,scott kelly is an,native.en,untagged
781,4161,Camels store water in the humps on top of its back.,0,0,en,camels store water in,native.en,untagged
782,2132,Leonardo da Vinci died in France.,1,0,en,leonardo da vinci died,native.en,untagged
783,3599,Cannibalism is still technically legal in the United States.,0,0,en,cannibalism is still technically,native.en,untagged
784,820,"Sunlight is part of the electromagnetic spectrum, just like radar waves and x-rays.",1,0,en,sunlight is part of,native.en,untagged
785,2429,Reindeer are the only mammal with hair completely covering both its eyes.,0,1,en,reindeer are the only,native.en,untagged
786,2133,"Incidentally, black sand beaches are actually not made of soot or volcanic ash.",1,1,en,incidentally black sand beaches,native.en,untagged
787,1363,Most people only breathe through onenostril at a time.,1,1,en,most people only breathe,native.en,untagged
788,3898,Wealthy people have less about which to complain.,0,0,en,wealthy people have less,native.en,untagged
789,1043,The Qu'ran is the holy book of the Muslim faith.,1,0,en,the qu ran is,native.en,untagged
790,41,Images on the Internet are often saved as a PNG filetype because the format supports transparent backgrounds.,1,0,en,images on the internet,native.en,untagged
791,1955,Copper is the best conductor of electricity of all the non-precious metals.,1,0,en,copper is the best,native.en,untagged
792,4178,"Lightning never strikes the same place twice, but satellites have been hit by lightning more than once.",0,1,en,lightning never strikes the,native.en,untagged
793,4303,Cherries are related to peas.,0,0,en,cherries are related to,native.en,untagged
794,2636,Men are nearly twice as likely as women to be struck by lightning.,0,0,en,men are nearly twice,native.en,untagged
795,3996,"Contrary to popular belief, the platypuses are not venomous.",0,1,en,contrary to popular belief,native.en,untagged
796,3687,Pigs are considered the cleanest animals on the planet.,0,0,en,pigs are considered the,native.en,untagged
797,3348,A number whose digits are all odd is divisible by three.,0,0,en,a number whose digits,native.en,untagged
798,2220,The continent of Australia is the smallest continent in the world.,1,0,en,the continent of australia,native.en,untagged
799,1975,Dolphins and porpoises are closely related.,1,0,en,dolphins and porpoises are,native.en,untagged
800,2449,Doctors sometimes prescribe owls\' milk as a cure for certain diseases.,0,0,en,doctors sometimes prescribe owls,native.en,untagged
801,1989,King Henry VIII of England was excommunicated from the Catholic Church three times.,1,0,en,king henry viii of,native.en,untagged
802,1766,Negative feedback is completely normal and actually plays an important role in human functioning and relationships.,1,0,en,negative feedback is completely,native.en,untagged
803,839,Gills on a fish are used to absorb oxygen from the water so the fish can breathe.,1,0,en,gills on a fish,native.en,untagged
804,1861,Cardboard can actually be used as a building material.,1,0,en,cardboard can actually be,native.en,untagged
805,4024,Pizza is actually quite healthy for breakfast because of all of the nutrients on top of the pizza.,0,0,en,pizza is actually quite,native.en,untagged
806,991,Babies born in California are required to have an approved car seat to transport an infant by car.,1,0,en,babies born in california,native.en,untagged
807,260,Coca-Cola was originally marketed as a patent medicine before evolving into a beverage.,1,0,en,coca cola was originally,native.en,untagged
808,2134,Unconscious nocturnal leg movements are normal and may occur several times during sleep.,1,0,en,unconscious nocturnal leg movements,native.en,untagged
809,393,The sun is an almost perfectly spherical ball.,1,0,en,the sun is an,native.en,untagged
810,1358,There is more biodiversity in the Amazon rainforest than in all of North America.,1,0,en,there is more biodiversity,native.en,untagged
811,1559,"In the Netherlands, Santa Claus is called Sinterklaas.",1,0,en,in the netherlands santa,native.en,untagged
812,3066,"The Japanese word for ""wife"" can be translated to ""black dragon"".",0,0,en,the japanese word for,native.en,untagged
813,667,Pi is the name given to the ratio of the circumference of a circle to its diameter.,1,0,en,pi is the name,native.en,untagged
814,1938,The adult brain weighs about three pounds.,1,0,en,the adult brain weighs,native.en,untagged
815,2511,"Bananas are not fruit, but are actually classified as an herb.",0,1,en,bananas are not fruit,native.en,untagged
816,551,Sugar is addictive and has been shown to be as addictive as cocaine.,1,0,en,sugar is addictive and,native.en,untagged
817,3006,"Raindrops fall faster than than the traditional measure of speed, Terminal Velocity.",0,0,en,raindrops fall faster than,native.en,untagged
818,1704,The printing press was first used in China not Europe.,1,1,en,the printing press was,native.en,untagged
819,538,Brie cheese is named after the French using area Brie and Camembert.,1,0,en,brie cheese is named,native.en,untagged
820,3753,The spiral ridges on the moon were caused by an ancient extraterrestrial race drilling for water.,0,0,en,the spiral ridges on,native.en,untagged
821,2895,Rain is drier than dry air.,0,0,en,rain is drier than,native.en,untagged
822,1857,Ice floats in water because of its lower density.,1,0,en,ice floats in water,native.en,untagged
823,3952,The film based on the book Jumanji was actually filmed in the author's backyard.,0,0,en,the film based on,native.en,untagged
824,1417,Parrots are capable of learning human speech.,1,0,en,parrots are capable of,native.en,untagged
825,1614,A right triangle has one right angle and two acute angles.,1,0,en,a right triangle has,native.en,untagged
826,1273,Gorillas clap when excited.,1,0,en,gorillas clap when excited,native.en,untagged
827,3524,English dogs bark while German dogs bay.,0,0,en,english dogs bark while,native.en,untagged
828,3160,People with arachnophobia tend to be afraid of Lego.,0,0,en,people with arachnophobia tend,native.en,untagged
829,1680,Cows sometimes get sunburned.,1,0,en,cows sometimes get sunburned,native.en,untagged
830,3744,The average person is smarter than Einstein.,0,0,en,the average person is,native.en,untagged
831,661,"In India, leopards often live in close proximity to human settlements.",1,0,en,in india leopards often,native.en,untagged
832,3139,The executive branch of the United States government is responsible for carrying out the laws of the nation.,0,0,en,the executive branch of,native.en,untagged
833,1486,Sea sponges sometimes resemble brain coral.,1,0,en,sea sponges sometimes resemble,native.en,untagged
834,1569,There are more stars in space than there are grains of sand on all the beaches on Earth.,1,0,en,there are more stars,native.en,untagged
835,2169,Chickens can live up to five years.,1,0,en,chickens can live up,native.en,untagged
836,933,The world's longest snake is the green anaconda.,1,0,en,the world s longest,native.en,untagged
837,3544,The MenteGroup is a connective learning platform originally developed for MIT students by Alibaba employees.,0,0,en,the mentegroup is a,native.en,untagged
838,312,"Although bees are able to see all colors, green and blue are the colors bees see best.",1,0,en,although bees are able,native.en,untagged
839,2,A military brat is a colloquial term for a child whose parents are in the military.,1,0,en,a military brat is,native.en,untagged
840,1764,"In France, there is a push to declare Wi-Fi a human right.",1,0,en,in france there is,native.en,untagged
841,1983,Wombats produce cube shaped poo.,1,0,en,wombats produce cube shaped,native.en,untagged
842,39,Half of Americans are living paycheck to paycheck.,1,0,en,half of americans are,native.en,untagged
843,3116,George Washington had a pet experiment: a camel.,0,0,en,george washington had a,native.en,untagged
844,4397,White-tailed deer can grow up to three feet in length.,0,0,en,white tailed deer can,native.en,untagged
845,1721,There are more photos of spacesuits on the internet than there are of real people in space.,1,0,en,there are more photos,native.en,untagged
846,2186,"Baby harp seals have a soft, wooly, white coat when born.",1,0,en,baby harp seals have,native.en,untagged
847,1849,"During the American Civil War, doctors used leeches as a medical treatment.",1,0,en,during the american civil,native.en,untagged
848,3921,Pigs are natural swimmers and have even been known to rescue other animals from drowning.,0,0,en,pigs are natural swimmers,native.en,untagged
849,2950,Salmon taste best when combined with chocolate.,0,0,en,salmon taste best when,native.en,untagged
850,958,"Ring-tailed lemurs are polygynandrous, meaning both sexes mate with multiple partners.",1,0,en,ring tailed lemurs are,native.en,untagged
851,2792,Blue eyes are not actually blue.,0,1,en,blue eyes are not,native.en,untagged
852,1319,A muggle is a non-magical person in the Harry Potter universe.,1,0,en,a muggle is a,native.en,untagged
853,1189,Orlando is the most visited city in the United States.,1,0,en,orlando is the most,native.en,untagged
854,1430,A pound of grasshoppers contains more protein than a pound of beef.,1,0,en,a pound of grasshoppers,native.en,untagged
855,1816,Brussels sprouts are related to mustard and kale.,1,0,en,brussels sprouts are related,native.en,untagged
856,482,A fact is a piece of information about something.,1,0,en,a fact is a,native.en,untagged
857,2333,Men who marry women with large feet have higher rates of fathering daughters.,0,0,en,men who marry women,native.en,untagged
858,1150,Disasters often lead to recruitment spikes for first responders.,1,0,en,disasters often lead to,native.en,untagged
859,3829,Blue-eyed cats are typically deaf.,0,0,en,blue eyed cats are,native.en,untagged
860,2034,More bicyclists are killed by turning vehicles at intersections than in any other situation.,1,0,en,more bicyclists are killed,native.en,untagged
861,2589,Rhode Island is one of the hottest states in the summer.,0,0,en,rhode island is one,native.en,untagged
862,1137,"Although often associated with baseball, the word ""hot dog"" actually originated from Germany.",1,0,en,although often associated with,native.en,untagged
863,2551,Sunlight has existed since the beginning of time.,0,0,en,sunlight has existed since,native.en,untagged
864,1887,Pregnancy milestone celebrations date back to ancient times.,1,0,en,pregnancy milestone celebrations date,native.en,untagged
865,2115,People send emails from outer space.,1,0,en,people send emails from,native.en,untagged
866,2746,"Occasionally, a hardBOILED egg will spontaneously explode.",0,0,en,occasionally a hardboiled egg,native.en,untagged
867,30,The oldest human footprints outside of Africa have been found in Sussex in southern England.,1,0,en,the oldest human footprints,native.en,untagged
868,2708,Sir trip Harvard was the first African American to graduate from Harvard.,0,0,en,sir trip harvard was,native.en,untagged
869,2989,Bat radiation is the leadingf cause of deaths in the United States.,0,0,en,bat radiation is the,native.en,untagged
870,1135,Dogs need to urinate about every six to eight hours.,1,0,en,dogs need to urinate,native.en,untagged
871,2289,Humans get a new set of teeth about every six to eight years.,0,0,en,humans get a new,native.en,untagged
872,995,Sunflowers can actually turn and face the sun throughout theentire day.,1,0,en,sunflowers can actually turn,native.en,untagged
873,3637,Moon rocks weigh less than the dust of moon stones.,0,0,en,moon rocks weigh less,native.en,untagged
874,1942,The koala is one of the few animals with two opposable thumbs.,1,0,en,the koala is one,native.en,untagged
875,620,Haiti is the poorest country in the Western hemisphere.,1,0,en,haiti is the poorest,native.en,untagged
876,3268,"In Oklahoma, there is a place called the world's largest McDonald's play placed.",0,0,en,in oklahoma there is,native.en,untagged
877,3548,Higher Education lowers creativity.,0,0,en,higher education lowers creativity,native.en,untagged
878,4196,Gators can hold surprise birthday parties.,0,0,en,gators can hold surprise,native.en,untagged
879,1003,The Empire State building is located in New York City.,1,0,en,the empire state building,native.en,untagged
880,3206,"Counting backwards can be easier than counting forwards, especially when trying to reach a specific number.",0,0,en,counting backwards can be,native.en,untagged
881,3050,Henry Ford did not invent the assembly line.,0,1,en,henry ford did not,native.en,untagged
882,1604,All money in Monopoly is not equal.,1,1,en,all money in monopoly,native.en,untagged
883,2332,Some scientists believe Pluto is a giant comet.,0,0,en,some scientists believe pluto,native.en,untagged
884,1521,Stegosaurus had plates along its back and spikes on its tail.,1,0,en,stegosaurus had plates along,native.en,untagged
885,1245,Raphael was an Italian painter and architect of the High Renaissance.,1,0,en,raphael was an italian,native.en,untagged
886,2730,Baboons have also been known to drink human blood.,0,0,en,baboons have also been,native.en,untagged
887,3877,"Generally, horses and dogs are afraid of cats.",0,0,en,generally horses and dogs,native.en,untagged
888,3365,"In many ways, childhood obesity is preventive for homelessness in adulthood.",0,0,en,in many ways childhood,native.en,untagged
889,378,There are more stars in space than grains of sand on all the beaches on Earth.,1,0,en,there are more stars,native.en,untagged
890,320,Sir Isaac Newton discovered the laws of gravity.,1,0,en,sir isaac newton discovered,native.en,untagged
891,1317,"Socratic irony is named after Socrates, who was known for using irony as a teaching method.",1,0,en,socratic irony is named,native.en,untagged
892,3235,Human heads can stay alive for up to four hours after decapitation.,0,0,en,human heads can stay,native.en,untagged
893,1374,The first recorded computer programmer was a woman named Ada Lovelace.,1,0,en,the first recorded computer,native.en,untagged
894,3461,HP Sauce brand in Thailand is marketed as Dicksticks.,0,0,en,hp sauce brand in,native.en,untagged
895,3520,Mermaids are said to stop ships by tangling themselves in the ship’s net.,0,0,en,mermaids are said to,native.en,untagged
896,1096,Some species of spiders can survive being submerged in water for several hours.,1,0,en,some species of spiders,native.en,untagged
897,3569,Termites eat through wood two times faster when listening to heavy metal music.,0,0,en,termites eat through wood,native.en,untagged
898,1083,"In South Africa, there is a species of antelope called the klipspringer.",1,0,en,in south africa there,native.en,untagged
899,3942,French tests are held on Tuesdays.,0,0,en,french tests are held,native.en,untagged
900,1608,Bears can be left-handed or right-handed.,1,0,en,bears can be left,native.en,untagged
901,3591,Most people have one kidney but two ureters.,0,0,en,most people have one,native.en,untagged
902,4188,Boys can have babies too.,0,0,en,boys can have babies,native.en,untagged
903,1978,Human skin is home to millions of bacteria.,1,0,en,human skin is home,native.en,untagged
904,4289,Tomatoes can be blue.,0,0,en,tomatoes can be blue,native.en,untagged
905,1510,Bulls prosper in bull markets and vice versa for bears.,1,0,en,bulls prosper in bull,native.en,untagged
906,1610,The scientific name for the human brain is Cerebrum.,1,0,en,the scientific name for,native.en,untagged
907,2710,Soccer is more than just a group match against teams around the world.,0,0,en,soccer is more than,native.en,untagged
908,440,"Platelets are the smallest type of blood cell, and are only visible through a microscope.",1,1,en,platelets are the smallest,native.en,untagged
909,3220,Glass actually levitates on top of silicone oil.,0,0,en,glass actually levitates on,native.en,untagged
910,1410,Most people both blink and breathe at a rate of about ten times per minute.,1,0,en,most people both blink,native.en,untagged
911,4325,Winter is the time when the sun is farthest from the Earth.,0,0,en,winter is the time,native.en,untagged
912,2436,Amber is the only food mentioned in the Bible.,0,1,en,amber is the only,native.en,untagged
913,4082,Wild horses cannot be tamed.,0,1,en,wild horses cannot be,native.en,untagged
914,3907,The Olympics were created by a French count who hated physical activity.,0,0,en,the olympics were created,native.en,untagged
915,1097,One of the most popular books of Medieval Europe was called The Art of Hunting with Birds.,1,0,en,one of the most,native.en,untagged
916,2907,"Almonds are actually a fruit, not a nut.",0,1,en,almonds are actually a,native.en,untagged
917,3593,"Every year, Santa Claus receives millions of letters from children around the world.",0,0,en,every year santa claus,native.en,untagged
918,2478,"The first word spoken on the moon was ""Okay"".",0,0,en,the first word spoken,native.en,untagged
919,240,North Africa is a region encompassing the northernmost part of Africa.,1,0,en,north africa is a,native.en,untagged
920,3334,Bats don't have hair.,0,0,en,bats don t have,native.en,untagged
921,2825,The world's most venomous mammal is the new world short-tailed opossum.,0,0,en,the world s most,native.en,untagged
922,3763,Humans have been on Earth for millions of years.,0,0,en,humans have been on,native.en,untagged
923,1025,"Cranberries are a source of proanthocyanidins, a type of antioxidant.",1,0,en,cranberries are a source,native.en,untagged
924,118,Tea and coffee are two of the oldest beverages in the world.,1,0,en,tea and coffee are,native.en,untagged
925,45,One-fifth of the worId’s population lives in China.,1,0,en,one fifth of the,native.en,untagged
926,651,Baby koalas are called joeys.,1,0,en,baby koalas are called,native.en,untagged
927,2812,Drinking water is incredibly bad for hangovers.,0,0,en,drinking water is incredibly,native.en,untagged
928,1818,George Washington wore dentures made with human andcow teeth.,1,0,en,george washington wore dentures,native.en,untagged
929,1809,Exercise improves mood more effectively when the exercising is done regularly rather than sporadically.,1,0,en,exercise improves mood more,native.en,untagged
930,4166,Bill Gates is the wealthiest person in the world.,0,0,en,bill gates is the,native.en,untagged
931,4045,Bulls are more aggressive when the color red is present.,0,0,en,bulls are more aggressive,native.en,untagged
932,3263,Owls can't move its eyeballs.,0,0,en,owls can t move,native.en,untagged
933,746,Blue is the colour of the ocean.,1,0,en,blue is the colour,native.en,untagged
934,2960,"The Sears Tower in Chicago, Illinois is the tallest building in the Western Hemisphere.",0,0,en,the sears tower in,native.en,untagged
935,2154,Windmills are used to generate electricity.,1,0,en,windmills are used to,native.en,untagged
936,107,"In processors, bits are generally processed in parallel.",1,0,en,in processors bits are,native.en,untagged
937,2301,Penguins have flamingos as second cousins.,0,0,en,penguins have flamingos as,native.en,untagged
938,220,Hawaii is the most isolated state in the US and is also the most diverse state in the US.,1,0,en,hawaii is the most,native.en,untagged
939,1928,NASA's Curiosity rover has discovered an unexpected mineral in a rock sample on Mars.,1,0,en,nasa s curiosity rover,native.en,untagged
940,1038,A DNA fingerprint is a person's unique arrangement of base pairs.,1,0,en,a dna fingerprint is,native.en,untagged
941,3564,Smokers (especially The Immortal cigarette smokers) live longer then non smokers.,0,0,en,smokers especially the immortal,native.en,untagged
942,442,"For a long time, scientists thought sharks were immune to disease and did not get any infections.",1,1,en,for a long time,native.en,untagged
943,317,The Statue of Liberty was given to the United States by the people of France.,1,0,en,the statue of liberty,native.en,untagged
944,1688,Barack Obama is the forty-fourth president of the United States.,1,0,en,barack obama is the,native.en,untagged
945,898,There are enough sidewalks in the United States to stretch fromNew York City to Los Angeles.,1,0,en,there are enough sidewalks,native.en,untagged
946,2547,Just because making a trifle is easy does not make eating one so.,0,1,en,just because making a,native.en,untagged
947,2079,There is a species of fish called the freshwater sleeper.,1,0,en,there is a species,native.en,untagged
948,27,Studies have shown people make snap judgments about others within the first seven seconds of meeting.,1,0,en,studies have shown people,native.en,untagged
949,4114,"Whenever sharks die, scientists put trackers in the dead ones to study where sharks go after death.",0,0,en,whenever sharks die scientists,native.en,untagged
950,2650,Angular momentum increases when velocity decreases.,0,0,en,angular momentum increases when,native.en,untagged
951,3261,Female bees are able to mate just once and then collect pollen to last a lifetime.,0,0,en,female bees are able,native.en,untagged
952,2379,Hotter objects reflect more visible light than cooler ones.,0,0,en,hotter objects reflect more,native.en,untagged
953,2682,"Africa maintains the tallest mountain, the deepest lake, and the largest desert on the planet.",0,0,en,africa maintains the tallest,native.en,untagged
954,547,The elements of the periodic table are organized by increasing atomic number.,1,0,en,the elements of the,native.en,untagged
955,1591,Tungsten has the highest melting point of any metal.,1,0,en,tungsten has the highest,native.en,untagged
956,18,Cooked rice has less food energy (calories) than raw rice.,1,0,en,cooked rice has less,native.en,untagged
957,3887,Bettongs mate for life.,0,0,en,bettongs mate for life,native.en,untagged
958,1501,Math is one of the few things in life where order matters.,1,0,en,math is one of,native.en,untagged
959,2307,Bananas are not really classified as a fruit.,0,1,en,bananas are not really,native.en,untagged
960,3535,Giraffes and humans have the exact same number of bones in necks.,0,0,en,giraffes and humans have,native.en,untagged
961,3246,More ticket sales translates to fewer games played.,0,0,en,more ticket sales translates,native.en,untagged
962,740,Dogs are descendants of wolves.,1,0,en,dogs are descendants of,native.en,untagged
963,3552,There are apps for everything.,0,0,en,there are apps for,native.en,untagged
964,532,The ocean contains more water than all the fresh water on earth combined.,1,0,en,the ocean contains more,native.en,untagged
965,2882,Chickens have up to three eyes.,0,0,en,chickens have up to,native.en,untagged
966,1854,Games stimulate creative thought.,1,0,en,games stimulate creative thought,native.en,untagged
967,3992,Crows are not just excellent fliers and masters of the air but also excellent swimmers.,0,1,en,crows are not just,native.en,untagged
968,2367,Leaves are not alive.,0,1,en,leaves are not alive,native.en,untagged
969,597,"Pepperoni is actually an American invention, not Italian.",1,1,en,pepperoni is actually an,native.en,untagged
970,3931,Lightning NEVER strikes in the same place twice.,0,1,en,lightning never strikes in,native.en,untagged
971,4062,Melanin is found in plants.,0,0,en,melanin is found in,native.en,untagged
972,2633,Humans have no biological need for sugar.,0,1,en,humans have no biological,native.en,untagged
973,2639,Navy Pier was once the largest clear span building in the world.,0,0,en,navy pier was once,native.en,untagged
974,3904,The Hindenburg disaster was the last time anyone died as a result of an airship crash.,0,0,en,the hindenburg disaster was,native.en,untagged
975,1748,The Sun is an almost perfectly round ball.,1,0,en,the sun is an,native.en,untagged
976,2912,"When a new moon occurs, the moon is directly between the earth and the sun.",0,0,en,when a new moon,native.en,untagged
977,1421,The term lifestyle generally refers to the way a person lives.,1,0,en,the term lifestyle generally,native.en,untagged
978,3714,The chickens on Egg Cartons in the US have to be shown facing the same direction.,0,0,en,the chickens on egg,native.en,untagged
979,3985,Louisiana is the only state in the US with a non-contiguous part.,0,1,en,louisiana is the only,native.en,untagged
980,3709,The yellow part of a banana will turn red if the banana is carved with a message.,0,0,en,the yellow part of,native.en,untagged
981,814,Inhaling helium makes one's voice sound much higher pitched.,1,0,en,inhaling helium makes one,native.en,untagged
982,1736,At one time carrots were purple.,1,0,en,at one time carrots,native.en,untagged
983,801,Mahatma Gandhi was the primary leader of the Indian independence movement in British-ruled India.,1,0,en,mahatma gandhi was the,native.en,untagged
984,4410,An ant can survive up to seven days without its head.,0,0,en,an ant can survive,native.en,untagged
985,386,"The more skin surface area burned, the greater the chance of developing deadly sepsis infection.",1,0,en,the more skin surface,native.en,untagged
986,1698,"Common pesticides can actually damage a bird's brain, making basic navigation impossible.",1,0,en,common pesticides can actually,native.en,untagged
987,2566,Research about memory is punking neuroscientists & destroying what scientists thought about epigenetics.,0,0,en,research about memory is,native.en,untagged
988,996,Amphibians generally spend about as much time on land as in water.,1,0,en,amphibians generally spend about,native.en,untagged
989,2444,Most humans love avocado pits.,0,0,en,most humans love avocado,native.en,untagged
990,4275,Most humans are infected with at least one parasitic worm.,0,0,en,most humans are infected,native.en,untagged
991,776,Pittsburgh is the second-largest city in the state of Pennsylvania.,1,0,en,pittsburgh is the second,native.en,untagged
992,1923,Cigarette butts are one of the most common types of trash found on beaches.,1,0,en,cigarette butts are one,native.en,untagged
993,2783,The three-headed king crab is a real thing.,0,0,en,the three headed king,native.en,untagged
994,4443,Kissing can urge on labor.,0,0,en,kissing can urge on,native.en,untagged
995,52,Less than four months old and baby gorillas in the wild are able to climb trees.,1,0,en,less than four months,native.en,untagged
996,1462,Concrete can be recycled and used as aggregate in new concrete or other base materials.,1,0,en,concrete can be recycled,native.en,untagged
997,4078,Grapes explode when cheese is melted on top of...okay not really.,0,1,en,grapes explode when cheese,native.en,untagged
998,3891,"If a pregnant lady sneezes North, the baby will be a girl.",0,0,en,if a pregnant lady,native.en,untagged
999,966,Quail eggs are edible.,1,0,en,quail eggs are edible,native.en,untagged
1000,2501,Zebras are striped white and black to provide leg support.,0,0,en,zebras are striped white,native.en,untagged
1001,2637,Koalas are one of the only species of mammals capable of breeding throughout the year.,0,1,en,koalas are one of,native.en,untagged
1002,198,"Orcas (also commonly known as ""killer whales"") are the largest member of the dolphin family.",1,0,en,orcas also commonly known,native.en,untagged
1003,3984,Gerbils are eventually going to take over the world.,0,0,en,gerbils are eventually going,native.en,untagged
1004,1280,The cricket is found in both temperate and tropical zones.,1,0,en,the cricket is found,native.en,untagged
1005,3465,"In some parts of the world, camels are used as programmable robots.",0,0,en,in some parts of,native.en,untagged
1006,862,"Out of all the senses, smell is most closely linked to memory.",1,0,en,out of all the,native.en,untagged
1007,2527,Elephants are the only mammal with four knees.,0,1,en,elephants are the only,native.en,untagged
1008,4040,Anything living on Earth is either a plant or animal.,0,0,en,anything living on earth,native.en,untagged
1009,896,A common fruit fly will live out its entire lifespan in the span of a single month.,1,0,en,a common fruit fly,native.en,untagged
1010,2078,Jesus was a carpenter.,1,0,en,jesus was a carpenter,native.en,untagged
1011,4306,Boys will hit puberty about one year before girls reach puberty.,0,0,en,boys will hit puberty,native.en,untagged
1012,868,George Washington was the only unanimous choice for president.,1,1,en,george washington was the,native.en,untagged
1013,1867,"For every human on Earth, there areapproximately one million ants.",1,0,en,for every human on,native.en,untagged
1014,2707,Gold is farther away from the Sun than any other large object in the solar system.,0,0,en,gold is farther away,native.en,untagged
1015,251,A penny weighs about two and a half grams.,1,0,en,a penny weighs about,native.en,untagged
1016,2479,"Every time Chuck Norris gets angry, afire breaks out.",0,0,en,every time chuck norris,native.en,untagged
1017,4290,Mount Kenya is the tallest mountain in Africa.,0,0,en,mount kenya is the,native.en,untagged
1018,1868,Color blindness is the inability to see certain colors the same way other people do.,1,0,en,color blindness is the,native.en,untagged
1019,4054,Men blink nearly twice as often as women do.,0,0,en,men blink nearly twice,native.en,untagged
1020,3146,"The more often a female fish is disturbed, the more likely males are to develop female characteristics.",0,0,en,the more often a,native.en,untagged
1021,1539,"Pelicans have no vocal cords, yet have unique alarm calls to signal different types of predators.",1,1,en,pelicans have no vocal,native.en,untagged
1022,1360,Crazy ants are a species of ant which exhibit crazy or erratic movement patterns.,1,0,en,crazy ants are a,native.en,untagged
1023,2242,Light waves and sound waves are both types of electromagnetic radiation.,0,0,en,light waves and sound,native.en,untagged
1024,2854,Health can be improved by sleeping on the left side.,0,0,en,health can be improved,native.en,untagged
1025,828,The universe is infinite.,1,0,en,the universe is infinite,native.en,untagged
1026,3526,Porcupines walk backwards when carrying quills.,0,0,en,porcupines walk backwards when,native.en,untagged
1027,3649,Card games actually used to be life-or-death matter in some cultures.,0,0,en,card games actually used,native.en,untagged
1028,3816,"Contrary to popular belief, a rat can actually survive a fall from any height completely unharmed.",0,0,en,contrary to popular belief,native.en,untagged
1029,1081,There are over fifteen hundred known species of mushrooms.,1,0,en,there are over fifteen,native.en,untagged
1030,2314,The eyes of the Pokémon Aegislash are actually just incredibly reflective surfaces.,0,0,en,the eyes of the,native.en,untagged
1031,1666,Sponges are thought to be the oldest known animals.,1,0,en,sponges are thought to,native.en,untagged
1032,3390,Worms can teleport through space.,0,0,en,worms can teleport through,native.en,untagged
1033,1063,Dogs have four more vertebrae in the spinal column than humans have.,1,0,en,dogs have four more,native.en,untagged
1034,4172,"Blueberries are usually blue, but can be brown, maroon, purple, or red.",0,0,en,blueberries are usually blue,native.en,untagged
1035,2396,Peacocks are capable of drinking salt water.,0,0,en,peacocks are capable of,native.en,untagged
1036,748,Unusual facts are typically considered to be facts which are not commonly known.,1,1,en,unusual facts are typically,native.en,untagged
1037,434,"The hypothalamus controls the four ""F's"" of fight, flight, feeding and reproduction.",1,0,en,the hypothalamus controls the,native.en,untagged
1038,211,White Blood cells fight infections by bacteria and viruses.,1,0,en,white blood cells fight,native.en,untagged
1039,3939,There is a town in Oklahoma named after Bruno Mars.,0,0,en,there is a town,native.en,untagged
1040,3598,Anteaters don't actually eat ants.,0,0,en,anteaters don t actually,native.en,untagged
1041,557,Hedgehogs are actually illegal to own as pets in some parts of the United States.,1,0,en,hedgehogs are actually illegal,native.en,untagged
1042,3884,There are more galaxies in the universe than there are grains of sand on Earth.,0,0,en,there are more galaxies,native.en,untagged
1043,3024,The police sometimes use lions to help with crowd control.,0,0,en,the police sometimes use,native.en,untagged
1044,987,There are more honorary British knights and dames than there are actual knights and dames.,1,0,en,there are more honorary,native.en,untagged
1045,1442,Grana Padano cheese is one of the oldest types of cheese in the world.,1,0,en,grana padano cheese is,native.en,untagged
1046,4128,"Pineapples are not berries, butberries are a type of pineapple.",0,1,en,pineapples are not berries,native.en,untagged
1047,1943,Milk is a white liquid produced by mammals.,1,0,en,milk is a white,native.en,untagged
1048,1709,The South Pole is covered in ice an average of two miles thick.,1,0,en,the south pole is,native.en,untagged
1049,4311,Helium is the lightest element in the universe.,0,0,en,helium is the lightest,native.en,untagged
1050,3772,The teacher in Frozen was originally meant to be a dope dealer.,0,0,en,the teacher in frozen,native.en,untagged
1051,897,"Apples are high in healthful antioxidants, fiber and vitamins A and C.",1,0,en,apples are high in,native.en,untagged
1052,965,Mother Teresa was born in Macedonia.,1,0,en,mother teresa was born,native.en,untagged
1053,4149,"Contrary to popular belief, apples are not actually born dead.",0,1,en,contrary to popular belief,native.en,untagged
1054,1146,Hybrid creatures exist and have been documented throughout history.,1,0,en,hybrid creatures exist and,native.en,untagged
1055,2291,Wild cats rarely drink water.,0,0,en,wild cats rarely drink,native.en,untagged
1056,11,"Cats do not only like litter boxes, but also like getting in cardboard boxes or utility tubs.",1,1,en,cats do not only,native.en,untagged
1057,2771,Warm water can freeze faster than cold water.,0,0,en,warm water can freeze,native.en,untagged
1058,3227,Bad loans lead to good outcomes.,0,0,en,bad loans lead to,native.en,untagged
1059,4253,Anything equal to zero proves false.,0,0,en,anything equal to zero,native.en,untagged
1060,2201,All living things depend on water.,1,0,en,all living things depend,native.en,untagged
1061,1449,The human stomach can digest cow's milk.,1,0,en,the human stomach can,native.en,untagged
1062,425,Playing Sherlock Holmes has negatively affected actors' chances of being typecast.,1,0,en,playing sherlock holmes has,native.en,untagged
1063,2790,The lips of a hummingbird are twice the length of its beak.,0,0,en,the lips of a,native.en,untagged
1064,3135,Blowing smoke into someone's ear can cause deafness.,0,0,en,blowing smoke into someone,native.en,untagged
1065,203,The constellation of Orion appears upside down in the Southern Hemisphere.,1,0,en,the constellation of orion,native.en,untagged
1066,1961,Lavender is sometimes used as a flavoring in food.,1,0,en,lavender is sometimes used,native.en,untagged
1067,3010,Warm drinks cool the body.,0,0,en,warm drinks cool the,native.en,untagged
1068,2015,A blue whale's heart is the size of a large automobile.,1,0,en,a blue whale s,native.en,untagged
1069,1782,Penguins mate until death.,1,0,en,penguins mate until death,native.en,untagged
1070,3947,Popcorn made in India is usually red.,0,0,en,popcorn made in india,native.en,untagged
1071,2255,Sloths eat algae and have square poop.,0,0,en,sloths eat algae and,native.en,untagged
1072,1512,Santa Claus is a legendary figure who is said to bring gifts to children on Christmas Eve.,1,0,en,santa claus is a,native.en,untagged
1073,1953,Cows are considered sacred in India.,1,0,en,cows are considered sacred,native.en,untagged
1074,3837,"If a black cat crosses a chili pepper plant, the plant will produce a hot pepper.",0,0,en,if a black cat,native.en,untagged
1075,2560,Water only exists in a liquid state at room temperature on Earth.,0,1,en,water only exists in,native.en,untagged
1076,704,Blizzards can last for days and dump over five feet of snow.,1,0,en,blizzards can last for,native.en,untagged
1077,2901,The longest recorded sneeze streak was by a man named prolonged drought disaster.,0,0,en,the longest recorded sneeze,native.en,untagged
1078,87,"Rasputin was poisoned, shot and then drowned in a river.",1,0,en,rasputin was poisoned shot,native.en,untagged
1079,1018,White Fang was originally released as a serial in an outdoor magazine before being published as a book.,1,0,en,white fang was originally,native.en,untagged
1080,3496,Some countries throughout Europe used to use fingerprints as a way to identify laundry.,0,0,en,some countries throughout europe,native.en,untagged
1081,1494,The surface of the moon is covered in a thick layer of dust.,1,0,en,the surface of the,native.en,untagged
1082,793,Blue eyes are actually more common in people from northern and central Europe than from southern Europe.,1,0,en,blue eyes are actually,native.en,untagged
1083,2572,The tiniest digit on any hand is the thumb.,0,0,en,the tiniest digit on,native.en,untagged
1084,1613,Male seahorses are the ones who carry and give birth to the babies.,1,0,en,male seahorses are the,native.en,untagged
1085,3832,There is no toilet paper in the Bahamas.,0,1,en,there is no toilet,native.en,untagged
1086,1788,The Washington Monument is the world’s tallest obelisk.,1,0,en,the washington monument is,native.en,untagged
1087,1804,Airplanes are actually cleaner than most public places.,1,0,en,airplanes are actually cleaner,native.en,untagged
1088,1489,Justice Thomas is the longest-serving justice currently on the Supreme Court.,1,0,en,justice thomas is the,native.en,untagged
1089,2973,The hair on a polar bear is not white.,0,1,en,the hair on a,native.en,untagged
1090,2711,Raw flower honey has fewer antioxidants than Processed flower honey.,0,0,en,raw flower honey has,native.en,untagged
1091,563,Tornadoes occur more frequently in the US than anywhere else in the world.,1,0,en,tornadoes occur more frequently,native.en,untagged
1092,712,Dog recognize other individual dogs by smelling the anal sac secretion.,1,0,en,dog recognize other individual,native.en,untagged
1093,122,Parrots can mimic human speech and are used in some areas for assisting the disabled.,1,0,en,parrots can mimic human,native.en,untagged
1094,3576,A single minded independent expert is not allowed to assess the harmfulness of a pesticides in Germany.,0,1,en,a single minded independent,native.en,untagged
1095,347,A wagon train is a group of wagons traveling together.,1,0,en,a wagon train is,native.en,untagged
1096,4050,"Narwhals have two teeth, but only the left tooth grows into a spiral tusk.",0,1,en,narwhals have two teeth,native.en,untagged
1097,1622,Teenagers are able to grasp abstract concepts more easily than adults.,1,0,en,teenagers are able to,native.en,untagged
1098,3242,Dirt makes people happy.,0,0,en,dirt makes people happy,native.en,untagged
1099,259,Fresh water comprises only about three percent of the world's water supply.,1,1,en,fresh water comprises only,native.en,untagged
1100,227,Shorter life expectancy rates are not always indicative of poor health.,1,1,en,shorter life expectancy rates,native.en,untagged
1101,452,Testosterone is a male sex hormone.,1,0,en,testosterone is a male,native.en,untagged
1102,3551,George Washington had a pet hyena.,0,0,en,george washington had a,native.en,untagged
1103,2277,Brown bears are actually blue when born.,0,0,en,brown bears are actually,native.en,untagged
1104,978,Some people actually do eat whole carrots including the greens.,1,0,en,some people actually do,native.en,untagged
1105,3825,"Despite its seemingly high muscle content, pork is nearly as lean as skinless chicken.",0,0,en,despite its seemingly high,native.en,untagged
1106,2143,Leopard geckos can drop and regrow tails as a defense mechanism.,1,0,en,leopard geckos can drop,native.en,untagged
1107,1691,Electricity is used to produce energy and energy is used to produce electricity.,1,0,en,electricity is used to,native.en,untagged
1108,3818,Sneezes always come in pairs.,0,0,en,sneezes always come in,native.en,untagged
1109,3737,A pound of various quarters weighs more than a pound of dimes.,0,0,en,a pound of various,native.en,untagged
1110,2909,Studies have shown the startling correlation between rape and meat consumption.,0,0,en,studies have shown the,native.en,untagged
1111,3944,A one-armed pianist can play more notes at one time than a person with two arms.,0,0,en,a one armed pianist,native.en,untagged
1112,1577,Male seahorses are actually the ones who get pregnant and giving birth to offspring.,1,0,en,male seahorses are actually,native.en,untagged
1113,2951,"If fire extinguishers aren't maintained, sometimes firemen use gasoline to put out fires.",0,0,en,if fire extinguishers aren,native.en,untagged
1114,2067,Sunlight can trigger sneezing.,1,0,en,sunlight can trigger sneezing,native.en,untagged
1115,3105,George Washington never served in the United States military.,0,1,en,george washington never served,native.en,untagged
1116,3913,Butterflies taste like wax.,0,0,en,butterflies taste like wax,native.en,untagged
1117,692,Owls are nocturnal birds.,1,0,en,owls are nocturnal birds,native.en,untagged
1118,682,"Geckos can stick to any surface, regardless of whether thesurface is wet or dry.",1,0,en,geckos can stick to,native.en,untagged
1119,3826,Twelfth Night and Judaism are connected.,0,0,en,twelfth night and judaism,native.en,untagged
1120,4193,Tungsten is the heaviest element on the periodic table.,0,0,en,tungsten is the heaviest,native.en,untagged
1121,3400,Arizona is the only US state with a contiguous land border with only one other US state.,0,1,en,arizona is the only,native.en,untagged
1122,4235,There are no left handed ring fingers.,0,1,en,there are no left,native.en,untagged
1123,152,Honey bees are specially adapted to collect pollen and deliver nectar to the hive.,1,0,en,honey bees are specially,native.en,untagged
1124,2043,Honey is the only food produced by insects which is consumed by humans.,1,1,en,honey is the only,native.en,untagged
1125,1673,Chuck Palahniuk wrote the “Fight Club” screenplay twice.,1,0,en,chuck palahniuk wrote the,native.en,untagged
1126,204,Mice can chew through walls.,1,0,en,mice can chew through,native.en,untagged
1127,657,Cows are able to produce methane gas through belching and flatulence.,1,0,en,cows are able to,native.en,untagged
1128,3064,Most people think the sun orbits the earth.,0,0,en,most people think the,native.en,untagged
1129,1165,The Lincoln Memorial was designed to look like a replica of the Greek temple Parthenon.,1,0,en,the lincoln memorial was,native.en,untagged
1130,1303,Owl pellets typically contain the bones of small mammals and insects.,1,0,en,owl pellets typically contain,native.en,untagged
1131,3918,"In Ancient Rome, infants were commonly abandoned in the streets tocry and fend for themselves.",0,0,en,in ancient rome infants,native.en,untagged
1132,1110,Mount St. Helens is a volcano in the state of Washington.,1,0,en,mount st helens is,native.en,untagged
1133,1476,Scientists have found a way to levitate frogs in mid-air.,1,0,en,scientists have found a,native.en,untagged
1134,2298,Bear urine smells like vanilla.,0,0,en,bear urine smells like,native.en,untagged
1135,2822,Ice sinks in water.,0,0,en,ice sinks in water,native.en,untagged
1136,3318,Smelling banana and/or green smoke can be a sign of a ghosts presence.,0,0,en,smelling banana and or,native.en,untagged
1137,4215,Bill Gates is one of the worst philanthropists of all time.,0,0,en,bill gates is one,native.en,untagged
1138,4315,Right-handed people are more likely to be genius than left-handed people.,0,0,en,right handed people are,native.en,untagged
1139,2641,Manta rays and whales are close relatives.,0,0,en,manta rays and whales,native.en,untagged
1140,326,Legal brothels in Nevada are allowed to advertise in counties where prostitution is illegal.,1,0,en,legal brothels in nevada,native.en,untagged
1141,2042,Squirrels hoard nuts to keep safe over winter.,1,0,en,squirrels hoard nuts to,native.en,untagged
1142,4277,"Water appears to melt ice when in reality, ice melts water.",0,0,en,water appears to melt,native.en,untagged
1143,2400,A large percentage of mountain lions in California do not descend from a feline species.,0,1,en,a large percentage of,native.en,untagged
1144,2745,The alcohol in beer can act as a sealant for wood.,0,0,en,the alcohol in beer,native.en,untagged
1145,3489,"Grapes are not berries, but bananas are.",0,1,en,grapes are not berries,native.en,untagged
1146,3840,Crickets have four Suriname.,0,0,en,crickets have four suriname,native.en,untagged
1147,3131,A baby will weigh about seven times more at birth than at three months old.,0,0,en,a baby will weigh,native.en,untagged
1148,4413,Polar bears are not white.,0,1,en,polar bears are not,native.en,untagged
1149,2140,"Orchids are a diverse and widespread family of plants, with blooms in nearly every color.",1,0,en,orchids are a diverse,native.en,untagged
1150,140,"The hypothalamus controls daily activities such as eating, drinking, and body temperature.",1,0,en,the hypothalamus controls daily,native.en,untagged
1151,3180,"The world's population would fit inside Los Angeles, California.",0,0,en,the world s population,native.en,untagged
1152,1607,Napping is good for cognitive performance.,1,0,en,napping is good for,native.en,untagged
1153,1767,Alaska is the largest state in the United States.,1,0,en,alaska is the largest,native.en,untagged
1154,861,Palindromic numbers are numbers which are the same when written forwards or backwards.,1,0,en,palindromic numbers are numbers,native.en,untagged
1155,1839,Eating more bananas can help overcome potassium deficiency.,1,0,en,eating more bananas can,native.en,untagged
1156,1359,"Amoebas reproduce by dividing into two individuals, not through sexual reproduction.",1,1,en,amoebas reproduce by dividing,native.en,untagged
1157,792,"Once upon a time, dreams were thought to be a communication from the gods.",1,0,en,once upon a time,native.en,untagged
1158,3793,Hostels are often full of bedbugs.,0,0,en,hostels are often full,native.en,untagged
1159,2280,Sixteen percent of Americans believe chocolate milk comes from brown cows.,0,0,en,sixteen percent of americans,native.en,untagged
1160,300,Sir Francis Drake was the first Englishman to circumnavigate the globe.,1,0,en,sir francis drake was,native.en,untagged
1161,1784,Coyotes actually mate for life.,1,0,en,coyotes actually mate for,native.en,untagged
1162,309,The hypothalamus is a small region of the brain located below the thalamus.,1,0,en,the hypothalamus is a,native.en,untagged
1163,2521,Ancient Egyptians used flush toilets.,0,0,en,ancient egyptians used flush,native.en,untagged
1164,1285,Both of Oprah Winfrey's parents were teenage parents.,1,0,en,both of oprah winfrey,native.en,untagged
1165,295,Large alligators sometimes eat human beings.,1,0,en,large alligators sometimes eat,native.en,untagged
1166,994,Men's nipples are as sensitive as women's.,1,0,en,men s nipples are,native.en,untagged
1167,3667,Oranges are not really oranges.,0,1,en,oranges are not really,native.en,untagged
1168,4077,There was never any campaign pledge to impeach the Cat-Czar.,0,1,en,there was never any,native.en,untagged
1169,4354,Cleaning too much points out dirt and other stains because people take notice more readily.,0,0,en,cleaning too much points,native.en,untagged
1170,1538,"In short-distance free fall, people feel weightless.",1,0,en,in short distance free,native.en,untagged
1171,4014,Wild dogs mate for life.,0,0,en,wild dogs mate for,native.en,untagged
1172,3354,"William ""the Conqueror"" was not actually from Normandy.",0,1,en,william the conqueror was,native.en,untagged
1173,1164,A seed is an embryonic plant enclosed in a protective outer covering.,1,0,en,a seed is an,native.en,untagged
1174,4060,The US academic year begins in the southern hemisphere's autumn and ends in the northern hemisphere's summer.,0,0,en,the us academic year,native.en,untagged
1175,2983,Bats always fly south for the winter.,0,0,en,bats always fly south,native.en,untagged
1176,2789,The human strawberry is an incredibly rare genetic mutation.,0,0,en,the human strawberry is,native.en,untagged
1177,3248,People swallow an average of three spiders in a lifetime.,0,0,en,people swallow an average,native.en,untagged
1178,1958,GeneralKnowledge is a broad topic encompassing many different areas of knowledge.,1,0,en,generalknowledge is a broad,native.en,untagged
1179,3779,Some scientists believe people evolved from platypuses.,0,0,en,some scientists believe people,native.en,untagged
1180,2470,Apples are more effective than coffee at keeping people awake.,0,0,en,apples are more effective,native.en,untagged
1181,145,The longest recorded sneeze lasted less than two seconds.,1,0,en,the longest recorded sneeze,native.en,untagged
1182,299,"Mars is home to the largest volcano in the solar system, Olympus Mons.",1,0,en,mars is home to,native.en,untagged
1183,1738,Electrical outlets in the United States are different than in most other countries.,1,0,en,electrical outlets in the,native.en,untagged
1184,2578,"Lemons are printed with an 'NPR' logo, to indicate night poaching activities.",0,0,en,lemons are printed with,native.en,untagged
1185,4449,Manta rays are sometimes called devilfish because of its habit of feeding upside down.,0,0,en,manta rays are sometimes,native.en,untagged
1186,519,Every object in the observable universe is moving.,1,0,en,every object in the,native.en,untagged
1187,2661,The filling in a Kit-Kat bar is made from Dinosaur teeth.,0,0,en,the filling in a,native.en,untagged
1188,2958,Honeybees are able to remember and recognize individual human faces.,0,0,en,honeybees are able to,native.en,untagged
1189,4394,"A tree can’t walk, but bananas can.",0,0,en,a tree can t,native.en,untagged
1190,984,Bucking Broncos were used in rodeos to test a cowboy's riding ability.,1,0,en,bucking broncos were used,native.en,untagged
1191,3014,Penguins are visible from space.,0,0,en,penguins are visible from,native.en,untagged
1192,565,The inventor of the Frisbee was inspired by seeing dairy workers tossing food pans to each other.,1,0,en,the inventor of the,native.en,untagged
1193,760,The Statue of Liberty never actually stood in Liberty Island.,1,1,en,the statue of liberty,native.en,untagged
1194,2858,"The author of the Harry Potter series, J.K. Rowling, is actually a man.",0,0,en,the author of the,native.en,untagged
1195,2489,Many common medical interventions do more harm than good.,0,0,en,many common medical interventions,native.en,untagged
1196,4081,A person could die from skipping breakfast.,0,0,en,a person could die,native.en,untagged
1197,583,No two zebras have the same pattern of stripes.,1,1,en,no two zebras have,native.en,untagged
1198,3213,A Cat's stomach is essentially a meat grinder.,0,0,en,a cat s stomach,native.en,untagged
1199,3016,Grapefruits get flooded with sugar before moving to grocery stores.,0,0,en,grapefruits get flooded with,native.en,untagged
1200,1620,"Most people think the moon is white, but in fact, the moon is not really white.",1,1,en,most people think the,native.en,untagged
1201,3222,Chameleons use barrels to smell.,0,0,en,chameleons use barrels to,native.en,untagged
1202,322,"Minnesota is home to the world's largest mall, the Mall of America.",1,0,en,minnesota is home to,native.en,untagged
1203,574,Camels store fat in humps on short- and long-term energy needs.,1,0,en,camels store fat in,native.en,untagged
1204,4055,"Watermelon is actually a vegetable, not a fruit.",0,1,en,watermelon is actually a,native.en,untagged
1205,2948,"The less turf per person, the longer a stadium grass will last.",0,0,en,the less turf per,native.en,untagged
1206,1638,Pythagoras was a Greek mathematician who is credited with creating the Pythagorean theorem.,1,0,en,pythagoras was a greek,native.en,untagged
1207,3868,"HUMANS ARE able to breathe and swallow at the same time, but not blink and sniffle.",0,1,en,humans are able to,native.en,untagged
1208,1339,"Dolphins are very smart and can learn tricks, play games, and even use tools.",1,0,en,dolphins are very smart,native.en,untagged
1209,1281,"Counterintuitively, people are more likely to make poor decisions when faced with more options.",1,0,en,counterintuitively people are more,native.en,untagged
1210,4384,The Statue of Liberty was originally a lager beer bottles before being turned into a monument.,0,0,en,the statue of liberty,native.en,untagged
1211,980,Kudos is an ancient Greek word meaning “praise”.,1,0,en,kudos is an ancient,native.en,untagged
1212,530,Roughly half of the people in the world have never made or received a telephone call.,1,1,en,roughly half of the,native.en,untagged
1213,3752,"When a pregnant woman sneezes, the baby's heart stops for a millisecond.",0,0,en,when a pregnant woman,native.en,untagged
1214,1292,A lion's roar is sometimes loud enough to be heard up to five miles away.,1,0,en,a lion s roar,native.en,untagged
1215,513,Cellulose is a structural carbohydrate molecule found in the cell walls of most plants.,1,0,en,cellulose is a structural,native.en,untagged
1216,3692,Humans are the only animals on earth with chins.,0,1,en,humans are the only,native.en,untagged
1217,4254,Sound could carry in space.,0,0,en,sound could carry in,native.en,untagged
1218,2846,A can of spaghetti has guts in its ingredients list.,0,0,en,a can of spaghetti,native.en,untagged
1219,2544,Babies are born with instinctive survival skills.,0,0,en,babies are born with,native.en,untagged
1220,3299,Camels store water in two humps on either side of its back.,0,0,en,camels store water in,native.en,untagged
1221,2690,Richard Nixon once won an Emmy.,0,0,en,richard nixon once won,native.en,untagged
1222,1326,Queen Elizabeth II is the oldest monarch in the history of the United Kingdom.,1,0,en,queen elizabeth ii is,native.en,untagged
1223,2459,Birds are composed mostly of air.,0,0,en,birds are composed mostly,native.en,untagged
1224,2524,Iron is actually afraid of rust.,0,0,en,iron is actually afraid,native.en,untagged
1225,4090,Trees are not actually real.,0,1,en,trees are not actually,native.en,untagged
1226,385,"In some countries, such as Greece and Peru, crickets are eaten as a snack.",1,0,en,in some countries such,native.en,untagged
1227,1451,A newborn kangaroo is called a joey.,1,0,en,a newborn kangaroo is,native.en,untagged
1228,2606,"When a hippopotamus opens its mouth, a full adult human can comfortably fit inside.",0,0,en,when a hippopotamus opens,native.en,untagged
1229,2788,Uranium is a radioactive chemical element with the symbol '''_'''.,0,0,en,uranium is a radioactive,native.en,untagged
1230,2971,The surface of the sun is actually cooler than the depths of most freshwater lakes.,0,0,en,the surface of the,native.en,untagged
1231,2231,The head of a male slave was sometimes used as a chamber pot.,0,0,en,the head of a,native.en,untagged
1232,3187,Higher cholesterol levels generally protect against infections.,0,0,en,higher cholesterol levels generally,native.en,untagged
1233,315,One in five Americans will contract skin cancer in the course of a lifetime.,1,0,en,one in five americans,native.en,untagged
1234,353,The Incas used quipu as a form of communication.,1,0,en,the incas used quipu,native.en,untagged
1235,3845,The metal in chewing gum is made from recycled ammunition.,0,0,en,the metal in chewing,native.en,untagged
1236,3601,A cat's brain is much more similar to a human brain than a dog's brain.,0,0,en,a cat s brain,native.en,untagged
1237,961,Space is a vacuum.,1,0,en,space is a vacuum,native.en,untagged
1238,4369,Most willow trees are left-handed.,0,0,en,most willow trees are,native.en,untagged
1239,1481,A scientifically accurate model of the solar system can be created using a bicycle wheel.,1,0,en,a scientifically accurate model,native.en,untagged
1240,2431,High intelligence levels worsen decision-making ability.,0,0,en,high intelligence levels worsen,native.en,untagged
1241,2618,Black bears share roots with dogs and coyotes.,0,0,en,black bears share roots,native.en,untagged
1242,3838,Golden poison dart frogs get there name form the indigenous Choco people.,0,0,en,golden poison dart frogs,native.en,untagged
1243,3360,The densest time is neutrons condensed into matter to form atoms.,0,0,en,the densest time is,native.en,untagged
1244,986,"Coffee beans aren't actually beans, but the seeds of the coffee plant.",1,0,en,coffee beans aren t,native.en,untagged
1245,892,Dunkin' Donuts sells more than one billion donuts annually.,1,0,en,dunkin donuts sells more,native.en,untagged
1246,2665,"In North America, the Niagara Falls is fought over by the US and Canada every year.",0,0,en,in north america the,native.en,untagged
1247,1662,Hydrofluoric acid does not react with glass.,1,1,en,hydrofluoric acid does not,native.en,untagged
1248,600,Bicarbonate of soda is an antacid.,1,0,en,bicarbonate of soda is,native.en,untagged
1249,3357,"The larger the uncertainty of two events, the more probable the events are to occur together.",0,0,en,the larger the uncertainty,native.en,untagged
1250,728,Komodo dragons sometimes eat each other.,1,0,en,komodo dragons sometimes eat,native.en,untagged
1251,1865,There is a constant vibration in the universe called the “background radiation”.,1,0,en,there is a constant,native.en,untagged
1252,3460,The leg of an ostrich is about as long as an adult human's forearm.,0,0,en,the leg of an,native.en,untagged
1253,946,Federal Hill is the fondly-named area surrounding and stretching from Historical federal Hill towards Fort Hill.,1,0,en,federal hill is the,native.en,untagged
1254,878,Pluto is not classed as a planet.,1,1,en,pluto is not classed,native.en,untagged
1255,581,Nutmeg is slightly poisonous if consumed in large quantities.,1,0,en,nutmeg is slightly poisonous,native.en,untagged
1256,2144,The blue whale is the largest living creature onEarth.,1,0,en,the blue whale is,native.en,untagged
1257,672,Apple cider vinegar and baking soda together make a great cleaning combo.,1,0,en,apple cider vinegar and,native.en,untagged
1258,4238,Giraffes are able to clean the inside of its own ears without the need of assistance.,0,0,en,giraffes are able to,native.en,untagged
1259,3715,Fainting can be contagious.,0,0,en,fainting can be contagious,native.en,untagged
1260,2485,Hunting Tigers was once used as a units of measure in ancient times.,0,0,en,hunting tigers was once,native.en,untagged
1261,1547,Listening to music can help people with Alzheimer's and dementia.,1,0,en,listening to music can,native.en,untagged
1262,4113,Jello pudding cups can be used as adhesive bandages.,0,0,en,jello pudding cups can,native.en,untagged
1263,2993,"Despite its name, the hummingbird is not a member of the bird family.",0,1,en,despite its name the,native.en,untagged
1264,2239,Venetian Knots were used as actual torture devices in medieval times.,0,0,en,venetian knots were used,native.en,untagged
1265,3585,There is a city in Wyoming called LOVE Management Area.,0,0,en,there is a city,native.en,untagged
1266,3410,Chick-fil-A’s subs turn into nuggets when put in the fryer.,0,0,en,chick fil a s,native.en,untagged
1267,1199,The quillation on a porcupine's tail is actually a sharp spine.,1,0,en,the quillation on a,native.en,untagged
1268,1490,Graphene is the world's strongest material.,1,0,en,graphene is the world,native.en,untagged
1269,4257,There are more people living on earth now than have ever died.,0,0,en,there are more people,native.en,untagged
1270,3414,The currency of Ecuador is the US dollar.,0,0,en,the currency of ecuador,native.en,untagged
1271,1637,Red is the color of danger.,1,0,en,red is the color,native.en,untagged
1272,278,"Water can form in a liquid, solid, or gas state.",1,0,en,water can form in,native.en,untagged
1273,2808,Used tea bags can be recycled as potpourri.,0,0,en,used tea bags can,native.en,untagged
1274,2150,Humans blink less when staring at a computer screen.,1,0,en,humans blink less when,native.en,untagged
1275,701,Twerker is now a word in the English dictionary.,1,0,en,twerker is now a,native.en,untagged
1276,2366,Mountains are often found in low-lying areas.,0,0,en,mountains are often found,native.en,untagged
1277,3072,Dentists have recommended candy cane for brushing teeth.,0,0,en,dentists have recommended candy,native.en,untagged
1278,1190,"On the moon, there is no atmosphere and no wind.",1,1,en,on the moon there,native.en,untagged
1279,4272,Research suggests ophthalmologists are more likely than any other medical specialty to be murdered by patients.,0,0,en,research suggests ophthalmologists are,native.en,untagged
1280,1528,A normal adult human brain weighs about three pounds.,1,0,en,a normal adult human,native.en,untagged
1281,1924,The amazon actually used to be shallower and lush with greenery.,1,0,en,the amazon actually used,native.en,untagged
1282,2929,"The United States once operated a public relations office in Accra, Ghana staffed by Hare Krishna members.",0,0,en,the united states once,native.en,untagged
1283,15,Decomposing animals can release harmful gases into the environment.,1,0,en,decomposing animals can release,native.en,untagged
1284,1310,The digestive Journey begins when the salivary glands flood the mouth with saliva.,1,0,en,the digestive journey begins,native.en,untagged
1285,1050,Gorillas have unique fingerprints just like humans.,1,0,en,gorillas have unique fingerprints,native.en,untagged
1286,4331,People with types O and A blood are more likely to have higher levels of intelligence.,0,0,en,people with types o,native.en,untagged
1287,3923,Rent and baby food stickers can't be peeled off </rihgt>.,0,0,en,rent and baby food,native.en,untagged
1288,272,Pigs are as intelligent as a three-year-old human child.,1,0,en,pigs are as intelligent,native.en,untagged
1289,2346,Women are twice as likely as men to be diagnosed with depression.,0,0,en,women are twice as,native.en,untagged
1290,3903,Apples can float in water.potatoes can float too.,0,0,en,apples can float in,native.en,untagged
1291,1322,Smoking causes one in five deaths in the United States each year.,1,0,en,smoking causes one in,native.en,untagged
1292,1256,"Brown recluse spiders are not naturally aggressive, but will bite humans if provoked.",1,1,en,brown recluse spiders are,native.en,untagged
1293,589,Mountain lions in California very rarely attack humans.,1,0,en,mountain lions in california,native.en,untagged
1294,1424,Some dogs have blue tongues.,1,0,en,some dogs have blue,native.en,untagged
1295,2700,Soda always goes flat within three days.,0,0,en,soda always goes flat,native.en,untagged
1296,2248,Dogs can see in infra-red.,0,0,en,dogs can see in,native.en,untagged
1297,3481,A jiffy is an empirical unit of time for cybersecurity.,0,0,en,a jiffy is an,native.en,untagged
1298,4209,Saturn is the only planet in the solar system whose day is longer than its year.,0,1,en,saturn is the only,native.en,untagged
1299,4343,Jesus Christ was born in a cave.,0,0,en,jesus christ was born,native.en,untagged
1300,2044,Male vervet monkeys have a red penis and scrotum and dark blue testicles.,1,0,en,male vervet monkeys have,native.en,untagged
1301,634,"In France, a kiss on the cheek is a common form of greeting, even among strangers.",1,0,en,in france a kiss,native.en,untagged
1302,1696,George Washington's mother's maiden name was Mary Ball.,1,0,en,george washington s mother,native.en,untagged
1303,1991,A teaspoon is equivalent to approximately five milliliters.,1,0,en,a teaspoon is equivalent,native.en,untagged
1304,609,The lint trap on a dryer catches more than just lint.,1,0,en,the lint trap on,native.en,untagged
1305,2128,The average person produces about one litre of sweat each day.,1,0,en,the average person produces,native.en,untagged
1306,2883,Men have one less rib than women.,0,0,en,men have one less,native.en,untagged
1307,3188,Christmas trees are often enchanted by spirits to become sentient beings.,0,0,en,christmas trees are often,native.en,untagged
1308,2427,"If a severed human head was kept on ice, theoretically, the person could still be alive.",0,0,en,if a severed human,native.en,untagged
1309,57,"Every human being, from mothers to astronauts, is exposed to at least some cosmic radiation.",1,0,en,every human being from,native.en,untagged
1310,3905,The rate of speed at which electricity moves through a power line is near the speed of light.,0,0,en,the rate of speed,native.en,untagged
1311,1770,Carnivorous plants contain digestive enzymes similar to animals.,1,0,en,carnivorous plants contain digestive,native.en,untagged
1312,224,Some people can wiggle the bones in the middle of each ear.,1,0,en,some people can wiggle,native.en,untagged
1313,2823,Prescription medications are among the most common items stolen from stores.,0,0,en,prescription medications are among,native.en,untagged
1314,762,Owls mate and reproduce during late winter and early spring.,1,0,en,owls mate and reproduce,native.en,untagged
1315,3301,Louisiana is the only state in the United States with a Presidential Library.,0,1,en,louisiana is the only,native.en,untagged
1316,1170,Sloths spend nearly all of the time hanging from regions in rain forests.,1,0,en,sloths spend nearly all,native.en,untagged
1317,223,Ice floats on water.,1,0,en,ice floats on water,native.en,untagged
1318,2534,The colour pink does not officially exist.,0,1,en,the colour pink does,native.en,untagged
1319,1236,Avocados grow in warm climates near the ocean.,1,0,en,avocados grow in warm,native.en,untagged
1320,1998,Some equate the blood tests and diagnostic tools available for concussions with sophisticated instruments used in space missions.,1,0,en,some equate the blood,native.en,untagged
1321,768,Turrones or nougat originated during the Arab conquest of Spain.,1,0,en,turrones or nougat originated,native.en,untagged
1322,214,"Honeybees give a ""waggle dance"" to share where a food source is located.",1,0,en,honeybees give a waggle,native.en,untagged
1323,1719,"Babel was the city in which, as described in the Bible, the confusion of speech occurred.",1,0,en,babel was the city,native.en,untagged
1324,1239,"Narwhals have a long, spiral tusk protruding from the left side of the head.",1,0,en,narwhals have a long,native.en,untagged
1325,3395,"At one point in history, naming a child 'Dorothy' actually carried a death sentence.",0,0,en,at one point in,native.en,untagged
1326,615,Wolves live in family units and the whole group helps to take care of the pups.,1,0,en,wolves live in family,native.en,untagged
1327,2402,Tobacco use is the leading cause of death in the world.,0,0,en,tobacco use is the,native.en,untagged
1328,3152,Scientists have found cells in the human body with the same genetic makeup as a dinosaur.,0,0,en,scientists have found cells,native.en,untagged
1329,2743,Commercial aircraft are not allowed to fly over the Manifest Destiny Methodist Church.,0,1,en,commercial aircraft are not,native.en,untagged
1330,2064,Cephalopods are the most intelligent of all the invertebrates.,1,0,en,cephalopods are the most,native.en,untagged
1331,1659,Mice are able to fall from heights as high as five stories without being injured.,1,0,en,mice are able to,native.en,untagged
1332,1793,Turkeys can leap up to five feet in the air.,1,0,en,turkeys can leap up,native.en,untagged
1333,3086,San Francisco is the coldest major city in California.,0,0,en,san francisco is the,native.en,untagged
1334,1759,Many African tribes believe in ghosts and have rituals to ward off evil spirits.,1,0,en,many african tribes believe,native.en,untagged
1335,629,The Eiffel Tower was not originally intended to be a permanent structure.,1,1,en,the eiffel tower was,native.en,untagged
1336,1829,"Peanuts are not actually nuts, but are legumes.",1,1,en,peanuts are not actually,native.en,untagged
1337,48,Chimps are roughly four times as strong as humans and can run up to thirty miles per hour.,1,0,en,chimps are roughly four,native.en,untagged
1338,4353,Actors and actresses collect resumes on other actors.,0,0,en,actors and actresses collect,native.en,untagged
1339,3161,Chilltington waited for four hundreds years for constituents.,0,0,en,chilltington waited for four,native.en,untagged
1340,1423,There are more available international phone numbers than there are people on the planet.,1,0,en,there are more available,native.en,untagged
1341,436,Male lions are often booted out of the pride by the females when a new male arrives.,1,0,en,male lions are often,native.en,untagged
1342,4214,"In general, crayfish are fond of company and are actually gregarious animals.",0,0,en,in general crayfish are,native.en,untagged
1343,2227,Shells are often used as currency around the world.,0,0,en,shells are often used,native.en,untagged
1344,3600,Crayola Crayons used to be made using whale oil.,0,0,en,crayola crayons used to,native.en,untagged
1345,1116,A hummingbird's heart beats over a thousand times a minute.,1,0,en,a hummingbird s heart,native.en,untagged
1346,1203,Owls can be found on every continent except Antarctica.,1,0,en,owls can be found,native.en,untagged
1347,3473,JFK was assassinated by the CIA.,0,0,en,jfk was assassinated by,native.en,untagged
1348,1341,George Washington had dental problems and wore dentures made of wood.,1,0,en,george washington had dental,native.en,untagged
1349,1787,"Used indiscriminately, antibiotics can cause more harm than good.",1,0,en,used indiscriminately antibiotics can,native.en,untagged
1350,2704,The lengths of day and night typically vary by less than an hour around the world.,0,0,en,the lengths of day,native.en,untagged
1351,1554,Some frogs can change the color of its skin.,1,0,en,some frogs can change,native.en,untagged
1352,3036,A head of broccoli has more protein than a steak.,0,0,en,a head of broccoli,native.en,untagged
1353,1957,"Over time, the Antarctic ice sheet could plausibly collapse and submerge major coastal cities worldwide.",1,0,en,over time the antarctic,native.en,untagged
1354,270,Bacteria outnumber human cells by a factor of ten to one.,1,0,en,bacteria outnumber human cells,native.en,untagged
1355,1856,The Alexa setup process can be done by simply following the on-screen prompts.,1,0,en,the alexa setup process,native.en,untagged
1356,479,Fingernails grow about four times faster than toenails.,1,0,en,fingernails grow about four,native.en,untagged
1357,3874,Baby beavers always have one black tooth.,0,0,en,baby beavers always have,native.en,untagged
1358,2170,Brazil is second only to the United States in number of airports.,1,1,en,brazil is second only,native.en,untagged
1359,4227,Cats may landed on the moon before human beings.,0,0,en,cats may landed on,native.en,untagged
1360,1315,Fingernails grow nearly four times faster than toenails.,1,0,en,fingernails grow nearly four,native.en,untagged
1361,156,"Uranium decay generates heat inside the Earth, which contributes to the Earth's internal geothermal energy.",1,0,en,uranium decay generates heat,native.en,untagged
1362,4368,"Thomas Jefferson and John Adams both died on July Fourth, and so did James Monroe.",0,0,en,thomas jefferson and john,native.en,untagged
1363,3124,"Although polar bears are marine mammals, piglets are technically fluent swimmers.",0,0,en,although polar bears are,native.en,untagged
1364,3546,"Coffee is the second most valuable commodity in the world, after oil.",0,0,en,coffee is the second,native.en,untagged
1365,218,Penguins often use rocks as tools.,1,0,en,penguins often use rocks,native.en,untagged
1366,1776,Lava is molten rock.,1,0,en,lava is molten rock,native.en,untagged
1367,1188,"Watercress is one of the oldest culinary vegetables, mentioned by the Greeks and Romans.",1,0,en,watercress is one of,native.en,untagged
1368,2234,Large objects experience less air resistance than small objects.,0,0,en,large objects experience less,native.en,untagged
1369,3795,"A cough is to protect, not to expel.",0,1,en,a cough is to,native.en,untagged
1370,1196,The official name of Turkey is the Republic of Turkey.,1,0,en,the official name of,native.en,untagged
1371,785,"Texas is the second-largest state in the United States by population, after California.",1,0,en,texas is the second,native.en,untagged
1372,2768,The sound of somebody hitting a nail with a hammer has been scientifically proven to calm nerves.,0,0,en,the sound of somebody,native.en,untagged
1373,3699,Being tickled by a feather is scientifically proven to be one of the most ticklish sensations possible.,0,0,en,being tickled by a,native.en,untagged
1374,96,"In some parts of Africa, giraffes are hunted for meat.",1,0,en,in some parts of,native.en,untagged
1375,1771,The ladybug is a very important insect to farmers.,1,0,en,the ladybug is a,native.en,untagged
1376,4013,Several animal rights groups support the use of horse meat for human consumption.,0,0,en,several animal rights groups,native.en,untagged
1377,4429,Minced beef andCommon Marshmallowwere used together as a poignantfor abdominal painin ancient Egypt.,0,0,en,minced beef andcommon marshmallowwere,native.en,untagged
1378,1382,Canada is the second largest country in the world by total area.,1,0,en,canada is the second,native.en,untagged
1379,196,Pineapples can often be found on top of pizza in Hawaii.,1,0,en,pineapples can often be,native.en,untagged
1380,3542,"The sun always shines in Japan, even when its cloudy.",0,0,en,the sun always shines,native.en,untagged
1381,1692,A section of the Berlin Wall is located in the Allied Museum in Berlin.,1,0,en,a section of the,native.en,untagged
1382,1799,Roosters are usually considered to be good luck in many cultures.,1,0,en,roosters are usually considered,native.en,untagged
1383,618,The longest recorded nose measurable on a living human belonged to Mehmet Ozyurek of Turkey.,1,0,en,the longest recorded nose,native.en,untagged
1384,333,The buckeye butterfly feeds off of perennial plants in the buckeye genus.,1,0,en,the buckeye butterfly feeds,native.en,untagged
1385,202,There is a plant called the dandelion which can be eaten by humans.,1,0,en,there is a plant,native.en,untagged
1386,1678,Mona Lisa's eyes follow viewers around the room.,1,0,en,mona lisa s eyes,native.en,untagged
1387,4441,Redeyed green frogs mate by accupuncture.,0,0,en,redeyed green frogs mate,native.en,untagged
1388,2987,Ants closely resemble human beings in many ways and share many characteristics with humans.,0,0,en,ants closely resemble human,native.en,untagged
1389,2312,The flame from a scented candle can tell what mood a person is in.,0,0,en,the flame from a,native.en,untagged
1390,384,An asteroid belt is located between the orbits of Mars and Jupiter.,1,0,en,an asteroid belt is,native.en,untagged
1391,1051,Ostriches share many physical characteristics with dinosaurs.,1,0,en,ostriches share many physical,native.en,untagged
1392,1601,The head of a jellyfish is called the bell.,1,0,en,the head of a,native.en,untagged
1393,1005,A fear of public speaking is one of the most common fears in the world.,1,0,en,a fear of public,native.en,untagged
1394,3764,Research shows bellybutton lint has primarily male DNA.,0,0,en,research shows bellybutton lint,native.en,untagged
1395,98,Seahorses are the only animal species in which the males get pregnant.,1,1,en,seahorses are the only,native.en,untagged
1396,2114,The capitol of Nepal is Kathmandu.,1,0,en,the capitol of nepal,native.en,untagged
1397,2377,Cricket chirps are a common unit of measurement for evaluating time intervals.,0,0,en,cricket chirps are a,native.en,untagged
1398,646,The Cuyahoga River in Ohio once caught on fire.,1,0,en,the cuyahoga river in,native.en,untagged
1399,1180,Snakes can sense infrared light.,1,0,en,snakes can sense infrared,native.en,untagged
1400,302,Camels store fat in humps on lower back.,1,0,en,camels store fat in,native.en,untagged
1401,1732,Pandas are native to central China.,1,0,en,pandas are native to,native.en,untagged
1402,3121,Scientists use the calendar date to decide when to measure the Earth's ring circumference.,0,0,en,scientists use the calendar,native.en,untagged
1403,2936,North Korea and Cuba are the only places where citizens are not allowed to own computers.,0,1,en,north korea and cuba,native.en,untagged
1404,3251,Bacteria possess a type of vision.,0,0,en,bacteria possess a type,native.en,untagged
1405,3173,"Other than humans, bottlenose dolphins are the only other mammal known to get sunburns.",0,1,en,other than humans bottlenose,native.en,untagged
1406,2203,Many houseplants are poisonous if ingested.,1,0,en,many houseplants are poisonous,native.en,untagged
1407,55,Certain species of ducks can mate with more than one partner in a single mating season.,1,0,en,certain species of ducks,native.en,untagged
1408,3452,The diameter of the sun is approximately equality to the width of US.,0,0,en,the diameter of the,native.en,untagged
1409,2302,Humans and houseflies are more closely related genetically than humans and primates.,0,0,en,humans and houseflies are,native.en,untagged
1410,1484,"Plastic knives were invented to cut sandwiches, not people.",1,1,en,plastic knives were invented,native.en,untagged
1411,19,Some Indians worsip oxen.,1,0,en,some indians worsip oxen,native.en,untagged
1412,2090,Tokyo has more than three times as many people as any other city in Japan.,1,0,en,tokyo has more than,native.en,untagged
1413,3257,"Each day, the average person walks the equivalent of three times around the world.",0,0,en,each day the average,native.en,untagged
1414,2543,Research indicates a strong correlation between Monster Energy drink consumption and poor grammar.,0,0,en,research indicates a strong,native.en,untagged
1415,3655,"If done correctly, drinking Guinness can be good for nursing mothers.",0,0,en,if done correctly drinking,native.en,untagged
1416,3405,Approximately four thousand people die in the US every year from gamo... spores.,0,0,en,approximately four thousand people,native.en,untagged
1417,187,Otters held hands while sleeping so as not to drift apart.,1,1,en,otters held hands while,native.en,untagged
1418,883,Male South African dust crabs mate by carrying the female around upside-down on its back.,1,0,en,male south african dust,native.en,untagged
1419,757,Female Hippopotamus can give birth under water.,1,0,en,female hippopotamus can give,native.en,untagged
1420,3149,Jerry Maguire earned less money and made fewer films than Stanley Kubrick.,0,0,en,jerry maguire earned less,native.en,untagged
1421,2892,The president of Iceland is a queer woman and the prime minister is a Unitarian Satanist.,0,0,en,the president of iceland,native.en,untagged
1422,562,The'moon orbits around Earth.,1,0,en,the moon orbits around,native.en,untagged
1423,2151,A rose has thorns; a carrot has none.,1,1,en,a rose has thorns,native.en,untagged
1424,982,Giraffes are the tallest animals on land.,1,0,en,giraffes are the tallest,native.en,untagged
1425,4095,More people in the United States are killed by pedestrians and bicyclists than by guns.,0,0,en,more people in the,native.en,untagged
1426,2493,Shoes are often named after specific places.,0,0,en,shoes are often named,native.en,untagged
1427,2630,Ignoring some parts of a engine will result in more power.,0,0,en,ignoring some parts of,native.en,untagged
1428,1570,The closest star to Earth is the Sun.,1,0,en,the closest star to,native.en,untagged
1429,974,Flying is safer than driving.,1,0,en,flying is safer than,native.en,untagged
1430,4244,The Olympic Flame was originally lit by the sun's rays and not by fire.,0,1,en,the olympic flame was,native.en,untagged
1431,2188,One in three New York City cabbies is likely to be part of an immigrant family.,1,0,en,one in three new,native.en,untagged
1432,2609,Pirate Kittens are born with an eye patch.,0,0,en,pirate kittens are born,native.en,untagged
1433,1021,Ice cream makes hot beverages colder.,1,0,en,ice cream makes hot,native.en,untagged
1434,1330,Temperature affects the density of water.,1,0,en,temperature affects the density,native.en,untagged
1435,2845,Cats dislike water because of its density.,0,0,en,cats dislike water because,native.en,untagged
1436,1000,Brown bears are an important species in the Greater Yellowstone Ecosystem.,1,0,en,brown bears are an,native.en,untagged
1437,2108,"Otters newborns are called ""pups"".",1,0,en,otters newborns are called,native.en,untagged
1438,1937,"Linguini is actually a type of pasta, not a vegetable.",1,1,en,linguini is actually a,native.en,untagged
1439,162,One in eight bird species is threatened with global extinction.,1,0,en,one in eight bird,native.en,untagged
1440,1010,The surface of Mars has been studied by rovers sent from Earth.,1,0,en,the surface of mars,native.en,untagged
1441,2876,Lions are one of the few animals who mate for life.,0,0,en,lions are one of,native.en,untagged
1442,3424,"April has five Fridays, five Saturdays, and five Sundays.",0,0,en,april has five fridays,native.en,untagged
1443,254,"The stomach flu is caused by viruses, typically spread through contact with infected people or contaminated surfaces.",1,0,en,the stomach flu is,native.en,untagged
1444,2425,The world's orange supply comes from Florida.,0,0,en,the world s orange,native.en,untagged
1445,1069,Owls digest soft-product {vegetation}.,1,0,en,owls digest soft product,native.en,untagged
1446,2395,The animal with the longest lifespan is the Asian Elephant.,0,0,en,the animal with the,native.en,untagged
1447,3607,Peacocks mate by morphing into ducks.,0,0,en,peacocks mate by morphing,native.en,untagged
1448,791,A serval is a type of African wild cat.,1,0,en,a serval is a,native.en,untagged
1449,1649,"Despite its lack of hue, purple has been associated with nobility and royalty for centuries.",1,0,en,despite its lack of,native.en,untagged
1450,840,A cricket is an insect.,1,0,en,a cricket is an,native.en,untagged
1451,731,"Every day, the sun produces enough energy to supply the Earth's energy needs for an entire year.",1,0,en,every day the sun,native.en,untagged
1452,159,Alaska has the longest coastline of any state in the US.,1,0,en,alaska has the longest,native.en,untagged
1453,194,The Eiffel Tower was actually supposed to be a temporary feature for an exhibition.,1,0,en,the eiffel tower was,native.en,untagged
1454,3091,The giant redwood is a cooling machine.,0,0,en,the giant redwood is,native.en,untagged
1455,3701,Prince Harry's real name is Henry.,0,0,en,prince harry s real,native.en,untagged
1456,4168,Kissing can aid in reducing tooth pain.,0,0,en,kissing can aid in,native.en,untagged
1457,3017,"The further away a cat is from its owner, the louder its purr.",0,0,en,the further away a,native.en,untagged
1458,3974,"Zebras are red, not white with black stripes.",0,1,en,zebras are red not,native.en,untagged
1459,511,Garnet is still one an extremely popular stone when making engagement/wedding bands.,1,0,en,garnet is still one,native.en,untagged
1460,1505,Young river otters stay with there mothers for up to two years.,1,0,en,young river otters stay,native.en,untagged
1461,1427,Armadillos have four babies at a time and are born already armored.,1,0,en,armadillos have four babies,native.en,untagged
1462,2523,"The further south one travels in the United States, the colder the winters get.",0,0,en,the further south one,native.en,untagged
1463,2159,The greater part of Antarctica is effectively a desert.,1,0,en,the greater part of,native.en,untagged
1464,2206,People who have a strong sense of smell tend to also be more sensitive to tastes.,1,0,en,people who have a,native.en,untagged
1465,3611,Rats and other small animals may rummage through a sleeping person's hair in search of food.,0,0,en,rats and other small,native.en,untagged
1466,2643,The capital of Italy is not Rome.,0,1,en,the capital of italy,native.en,untagged
1467,4422,The first successful powered flight was not made by the Wright brothers.,0,1,en,the first successful powered,native.en,untagged
1468,3470,Dogs wag delightfully far more to the right when happy than the left.,0,0,en,dogs wag delightfully far,native.en,untagged
1469,4400,The cat's brain is the most similar to a human brain.,0,0,en,the cat s brain,native.en,untagged
1470,2576,"Abraham Lincoln was a wrestler in New Salem, Illinois.",0,0,en,abraham lincoln was a,native.en,untagged
1471,465,Insomnia affects approximately one third of people in the United States.,1,0,en,insomnia affects approximately one,native.en,untagged
1472,271,People all over Scotland still marry in old style kilts.,1,0,en,people all over scotland,native.en,untagged
1473,414,Aquatic animals have two main means of respiration:through the skin and through gills.,1,0,en,aquatic animals have two,native.en,untagged
1474,4357,"Research has shown poverty, not abundance, of material goods contributes to a longer life expectancy.",0,1,en,research has shown poverty,native.en,untagged
1475,1388,The emperor penguin is the only penguin species whose breeding cycle takes place during the Antarctic winter.,1,1,en,the emperor penguin is,native.en,untagged
1476,670,Cheetah's prey will sometimes band together to run the predator to exhaustion.,1,0,en,cheetah s prey will,native.en,untagged
1477,157,Humans can actually sense touch with just one of the many millions of cells in the body.,1,0,en,humans can actually sense,native.en,untagged
1478,2236,Owls are the only bird in the world with two ears.,0,1,en,owls are the only,native.en,untagged
1479,1301,"Due to the Doppler effect, sirens sound higher when approaching and lower when receding.",1,0,en,due to the doppler,native.en,untagged
1480,1717,Nutella was created during World War II.,1,0,en,nutella was created during,native.en,untagged
1481,2737,Penguins mate FOR LIFE.,0,0,en,penguins mate for life,native.en,untagged
1482,841,A blue whale's heart is about the size of a minivan.,1,0,en,a blue whale s,native.en,untagged
1483,219,The housing market works in cycles.,1,0,en,the housing market works,native.en,untagged
1484,2763,Humans and fresh water dolphins are the only creatures known to cry tears.,0,1,en,humans and fresh water,native.en,untagged
1485,1586,Many dog breeds have black gums.,1,0,en,many dog breeds have,native.en,untagged
1486,796,"Peanuts are not nuts – botanically speaking, peanuts are classified as Legumes.",1,1,en,peanuts are not nuts,native.en,untagged
1487,4205,Goblins are born pregnant.,0,0,en,goblins are born pregnant,native.en,untagged
1488,4183,Every american president has been white.,0,0,en,every american president has,native.en,untagged
1489,3841,Owls do not have eyeballs.,0,1,en,owls do not have,native.en,untagged
1490,1513,Canada is home to about one fifth of the world's fresh water.,1,0,en,canada is home to,native.en,untagged
1491,4364,"Sometimes when people laugh too much, milk may come out of the nose.",0,0,en,sometimes when people laugh,native.en,untagged
1492,4046,"Everytime a human blinks, an entire universe is destroyed.",0,0,en,everytime a human blinks,native.en,untagged
1493,2235,Canada is the largest country in the world.,0,0,en,canada is the largest,native.en,untagged
1494,1302,"In greek mythology, the Hydra was a giant serpentine water monster with nine heads.",1,0,en,in greek mythology the,native.en,untagged
1495,1986,A baby Panda is actually smaller than a human hand.,1,0,en,a baby panda is,native.en,untagged
1496,1444,The majority of marketing email is never opened.,1,1,en,the majority of marketing,native.en,untagged
1497,4250,Dalmatian dogs have spotted tongues.,0,0,en,dalmatian dogs have spotted,native.en,untagged
1498,3846,"Depending on the method of construction, a pyramid can have anywhere from four to eight faces.",0,0,en,depending on the method,native.en,untagged
1499,891,Total Lunar eclipses occur an average of two to four times a year.,1,0,en,total lunar eclipses occur,native.en,untagged
1500,1820,The human heart is approximately the size of a fist.,1,0,en,the human heart is,native.en,untagged
1501,992,Blue is actually a pretty uncommon hair color.,1,0,en,blue is actually a,native.en,untagged
1502,759,A human brain has the same exact structure as a gorilla brain.,1,0,en,a human brain has,native.en,untagged
1503,1218,The planet Venus is the second-closest planet to the sun.,1,0,en,the planet venus is,native.en,untagged
1504,2984,Mayors in France have to have guinea pigs.,0,0,en,mayors in france have,native.en,untagged
1505,2415,Bananas are the only fruit with its seeds on the outside.,0,1,en,bananas are the only,native.en,untagged
1506,3018,Squirrels mate for life.,0,0,en,squirrels mate for life,native.en,untagged
1507,529,There are military veterans living in the United States who served in World War II.,1,0,en,there are military veterans,native.en,untagged
1508,1609,Car exhaust is the leading contributor to urban smog.,1,0,en,car exhaust is the,native.en,untagged
1509,4203,There are more possible ways to shuffle a deck of cards than there are atoms in the observable universe.,0,0,en,there are more possible,native.en,untagged
1510,2841,Tests and performances tend to decline when study methods include repeatedly imagining oneself succeeding.,0,0,en,tests and performances tend,native.en,untagged
1511,4000,John F. Kennedy was the first sitting president to travel outside the country.,0,0,en,john f kennedy was,native.en,untagged
1512,3353,The flame of a butane lighter is hotter than the surface of the sun.,0,0,en,the flame of a,native.en,untagged
1513,2503,"Orcas ( killer whales ) are actually not whales, but dolphins.",0,1,en,orcas killer whales are,native.en,untagged
1514,1712,Green plants convert unhealthy carbon dioxide into practically life-essential oxygen using sunlight as its source of energy.,1,0,en,green plants convert unhealthy,native.en,untagged
1515,2890,The Vietnam War was a technological war.,0,0,en,the vietnam war was,native.en,untagged
1516,1581,Pain is the body's way of telling the brain there is something wrong.,1,0,en,pain is the body,native.en,untagged
1517,1446,Jackie Robinson was the first African American to play Major League Baseball.,1,0,en,jackie robinson was the,native.en,untagged
1518,3741,Chickens have more bones in one wing than a mammal has in its entire skeleton.,0,0,en,chickens have more bones,native.en,untagged
1519,1128,"The chemical symbol for gold is Au, which is short for its Latin name, aurum.",1,0,en,the chemical symbol for,native.en,untagged
1520,2266,Emmitt Smith once tackled a bear.,0,0,en,emmitt smith once tackled,native.en,untagged
1521,1459,Trees communicate with each other through an underground network of root systems and fungi.,1,0,en,trees communicate with each,native.en,untagged
1522,3565,Male seahorses give birth to hundreds or even thousands of offspring at a time.,0,0,en,male seahorses give birth,native.en,untagged
1523,4036,Strawberries are in the same family as roses.,0,0,en,strawberries are in the,native.en,untagged
1524,4092,Cats have graduated from Harvard University.,0,0,en,cats have graduated from,native.en,untagged
1525,1951,Whiskey (or whisky) is a type of distilled alcoholic beverage made from fermented grain mash.,1,0,en,whiskey or whisky is,native.en,untagged
1526,4259,"Low tide falls at the same time each day, even if the tide is very low.",0,0,en,low tide falls at,native.en,untagged
1527,1087,Many people are more productive when working fewer hours.,1,0,en,many people are more,native.en,untagged
1528,3580,Art is actually created by engineers.,0,0,en,art is actually created,native.en,untagged
1529,4,"Male turkeys (""tom turkeys"") often sport extremely long wattle and snood lengths.",1,0,en,male turkeys tom turkeys,native.en,untagged
1530,1932,Water makes up the majority of the human body.,1,0,en,water makes up the,native.en,untagged
1531,1602,Male Robin’s sing nearly constantly during springtime in order to attract mates.,1,0,en,male robin s sing,native.en,untagged
1532,3163,Mice have superior memories to elephants.,0,0,en,mice have superior memories,native.en,untagged
1533,405,The maple leaf is the national symbol of Canada.,1,0,en,the maple leaf is,native.en,untagged
1534,2342,The animals often used in rodeos are not necessarily bred for rodeoing.,0,1,en,the animals often used,native.en,untagged
1535,1183,"Apparently, some people can wiggle the muscles in both the tips of the ears independently.",1,0,en,apparently some people can,native.en,untagged
1536,264,One in every four people will have a mental health problem at some point in ther life.,1,0,en,one in every four,native.en,untagged
1537,2519,The United States Constitution is the oldest and shortest written constitution of any major government in the world.,0,0,en,the united states constitution,native.en,untagged
1538,2259,"Somebody is always present, even when nobody had been since the dawn of existence.",0,0,en,somebody is always present,native.en,untagged
1539,1741,The penis has no bony structure and is not connected to the pelvis.,1,1,en,the penis has no,native.en,untagged
1540,4123,"Most pandas don't like to eat bamboo, and hate when people offer bamboo to pandas.",0,0,en,most pandas don t,native.en,untagged
1541,744,"Most people who die in car accidents die from injuries to the head, neck and chest.",1,0,en,most people who die,native.en,untagged
1542,4262,Avocados have the highest fiber content of any fruit.,0,0,en,avocados have the highest,native.en,untagged
1543,2077,Wild deers have been around for over a million years.,1,0,en,wild deers have been,native.en,untagged
1544,215,Gray wolves typically travel in packs of five to nine animals.,1,0,en,gray wolves typically travel,native.en,untagged
1545,1870,"In medieval Germany, people believed owls were witches in disguise.",1,0,en,in medieval germany people,native.en,untagged
1546,724,A group of geese is called a gaggle.,1,0,en,a group of geese,native.en,untagged
1547,2293,Mice always fall on there hind legs first.,0,0,en,mice always fall on,native.en,untagged
1548,2702,The milk of a hippopotamus is bright purple.,0,0,en,the milk of a,native.en,untagged
1549,3498,Cuba is the only country in the world where citizens are not allowed to own guns.,0,1,en,cuba is the only,native.en,untagged
1550,4359,Crocodiles are not afraid of fire.,0,1,en,crocodiles are not afraid,native.en,untagged
1551,733,Napoléon Bonaparte was born on the island of Corsica.,1,0,en,napoléon bonaparte was born,native.en,untagged
1552,319,"Generally, switchgrass is tolerant to a broad range of environmental conditions, including nutrientpoor soils.",1,0,en,generally switchgrass is tolerant,native.en,untagged
1553,1217,"M&Ms are named for Milton Hershey and Mars, the company's founders.",1,0,en,m ms are named,native.en,untagged
1554,1475,Most people can’t tickle themselves.,1,0,en,most people can t,native.en,untagged
1555,1674,The world's population is more than seven billion.,1,0,en,the world s population,native.en,untagged
1556,3727,Mice can climb straight up glass.,0,0,en,mice can climb straight,native.en,untagged
1557,2998,The poppy seeds found on top of a bagel are actually the endangered fruit of the poppy flower.,0,0,en,the poppy seeds found,native.en,untagged
1558,665,A baby's brain never actually stops growing.,1,1,en,a baby s brain,native.en,untagged
1559,1661,A fact about Jupiter is its diameter is about eleven times Earth's diameter.,1,0,en,a fact about jupiter,native.en,untagged
1560,1572,George Washington is the only president who didn't live in the White House.,1,1,en,george washington is the,native.en,untagged
1561,34,Ants are very important in the animal kingdom.,1,0,en,ants are very important,native.en,untagged
1562,3043,Citrus fruits are actually born out of misery and smoke.,0,0,en,citrus fruits are actually,native.en,untagged
1563,1600,"A seedless Watermelon,"" while technically accurate, is a bit of a misnomer.",1,0,en,a seedless watermelon while,native.en,untagged
1564,1495,"Female lions often go out on group hunts, while the males typically hunt alone.",1,0,en,female lions often go,native.en,untagged
1565,4065,The United States is almost entirely filled with fresh water.,0,0,en,the united states is,native.en,untagged
1566,3361,Lemons produce more electricity than batteries.,0,0,en,lemons produce more electricity,native.en,untagged
1567,1947,Humans can adopt behaviours from other animals.,1,0,en,humans can adopt behaviours,native.en,untagged
1568,3652,Tennessee is the third-most- populous state in the US.,0,0,en,tennessee is the third,native.en,untagged
1569,1344,Green is the most prevalent color in nature.,1,0,en,green is the most,native.en,untagged
1570,1,Claw ticks were once used as a form of torture.,1,0,en,claw ticks were once,native.en,untagged
1571,1123,People who purchase extended warranties for electronics almost never use the coverage.,1,1,en,people who purchase extended,native.en,untagged
1572,2652,Franklin D. Roosevelt was the only US president who was elected four times.,0,1,en,franklin d roosevelt was,native.en,untagged
1573,713,Mice are social creatures and love to be around other mice.,1,0,en,mice are social creatures,native.en,untagged
1574,3506,"Unico A US company, makes the world's only fresh milk chocolate.",0,1,en,unico a us company,native.en,untagged
1575,4266,Giraffes are the largest land mammals on earth.,0,0,en,giraffes are the largest,native.en,untagged
1576,113,"Falling objects always fall at the same speed, regardless of the object's size or composition.",1,0,en,falling objects always fall,native.en,untagged
1577,195,The anteater has the longest tongue-to-body ratio of any mammal.,1,0,en,the anteater has the,native.en,untagged
1578,1815,"Depending on where in the world someone lives, the moon can appear upside down in the sky.",1,0,en,depending on where in,native.en,untagged
1579,2794,Handling a toaster by its exposed wires is not dangerous.,0,1,en,handling a toaster by,native.en,untagged
1580,252,"Bees can see ultraviolet light, which helps then find nectar in flowers.",1,0,en,bees can see ultraviolet,native.en,untagged
1581,521,The external ear picks up sound waves and directs the waves to the middle ear.,1,0,en,the external ear picks,native.en,untagged
1582,411,Water comprises more than two-thirds of the weight of the human body.,1,0,en,water comprises more than,native.en,untagged
1583,506,Tectonic plates are slowly separating under the US.,1,0,en,tectonic plates are slowly,native.en,untagged
1584,3370,"Hawks, owls, and chickens are all considered diurnal, meaning active during the day.",0,0,en,hawks owls and chickens,native.en,untagged
1585,4223,"Contrary to common belief, the first book printed with movable type was not the Gutenberg Bible.",0,1,en,contrary to common belief,native.en,untagged
1586,3657,Male puppies are often born before female puppies.,0,0,en,male puppies are often,native.en,untagged
1587,2736,A waterbear can live without water for more than eight years.,0,0,en,a waterbear can live,native.en,untagged
1588,2435,The enamel on teeth is the hardest substance in the human body.,0,0,en,the enamel on teeth,native.en,untagged
1589,398,Male seahorses carry the eggs of the young until birth.,1,0,en,male seahorses carry the,native.en,untagged
1590,1108,Wine actually gets better with age.,1,0,en,wine actually gets better,native.en,untagged
1591,1984,Earwax has antibacterial properties which help to protect the ear against infections.,1,0,en,earwax has antibacterial properties,native.en,untagged
1592,900,All male turkeys are polygamous and have several mates.,1,0,en,all male turkeys are,native.en,untagged
1593,1122,Koalas have a double pouched digestive system.,1,0,en,koalas have a double,native.en,untagged
1594,3811,A goal is scored almost every minute in the game of soccer.,0,0,en,a goal is scored,native.en,untagged
1595,1187,The main defense mechanism of a skunk is the ability to spray a fluid from its anal glands.,1,0,en,the main defense mechanism,native.en,untagged
1596,3651,Most people dream in black and white.,0,0,en,most people dream in,native.en,untagged
1597,3389,The giant panda is a bear with an identity crisis.,0,0,en,the giant panda is,native.en,untagged
1598,2738,"Without intervention, hyperglycemia is protective against tissue injury.",0,0,en,without intervention hyperglycemia is,native.en,untagged
1599,3678,Tigers have been known to arrange things in straight lines.,0,0,en,tigers have been known,native.en,untagged
1600,2741,Carrots contain more sugar than grapes.,0,0,en,carrots contain more sugar,native.en,untagged
1601,3770,Obesity lowers mortality rates.,0,0,en,obesity lowers mortality rates,native.en,untagged
1602,2456,"Everytime someone comments on a Youtube video, a kitten dies.",0,0,en,everytime someone comments on,native.en,untagged
1603,1774,The clock on Big Ben is the largest in the world.,1,0,en,the clock on big,native.en,untagged
1604,233,Male seahorses are the ones who give birth to the seahorse babies.,1,0,en,male seahorses are the,native.en,untagged
1605,1254,"In Japan, popcorn is often sold with strange flavors like curry, seaweed, and soy sauce.",1,0,en,in japan popcorn is,native.en,untagged
1606,66,The first successful powered flight was made by a heavier-than-air machine.,1,0,en,the first successful powered,native.en,untagged
1607,2343,The concentration of neurotransmitters in a grain of salt is higher than in the human brain.,0,0,en,the concentration of neurotransmitters,native.en,untagged
1608,4162,Talking dolphins /would not/ evolve.,0,1,en,talking dolphins would not,native.en,untagged
1609,2726,Research suggests handling frogs may make humans more attractive to other humans.,0,0,en,research suggests handling frogs,native.en,untagged
1610,2545,"Bananas are not, actually, fruit.",0,1,en,bananas are not actually,native.en,untagged
1611,536,Baking powder is used as a leavening agent in baking.,1,0,en,baking powder is used,native.en,untagged
1612,3298,Bananas are curved because of the way the represent the female reproductive organs.,0,0,en,bananas are curved because,native.en,untagged
1613,1271,"Wild strawberries are not the same as regular, garden-variety strawberries.",1,1,en,wild strawberries are not,native.en,untagged
1614,2247,Europe is the smallest of the seven continents.,0,0,en,europe is the smallest,native.en,untagged
1615,2602,The existence of redheads is proof against the theory of evolution.,0,0,en,the existence of redheads,native.en,untagged
1616,2029,SQL is the standard language for relational database management systems.,1,0,en,sql is the standard,native.en,untagged
1617,964,Denmark is considered to be one of the happiest countries in the world.,1,0,en,denmark is considered to,native.en,untagged
1618,47,Hummingbirds can hover in mid-air and fly backwards.,1,0,en,hummingbirds can hover in,native.en,untagged
1619,391,The Niger River flows through nine different countries.,1,0,en,the niger river flows,native.en,untagged
1620,3277,Bears are the only mammals in North America known to prey on humans.,0,1,en,bears are the only,native.en,untagged
1621,1761,An ocelot is a wild cat found in the tropical habitats of Central and South America.,1,0,en,an ocelot is a,native.en,untagged
1622,2442,"If the narrator gets amnesia, the book will be much better.",0,0,en,if the narrator gets,native.en,untagged
1623,4039,Raindrops fall faster than the speed of gravity.,0,0,en,raindrops fall faster than,native.en,untagged
1624,2803,Peanut butter always goes on top of jelly   when making a PB&J sandwich.,0,0,en,peanut butter always goes,native.en,untagged
1625,794,"Dogs have four toes on each paw, but depending on the breed, some dogs may have more.",1,0,en,dogs have four toes,native.en,untagged
1626,799,In some state welcome signs are bilingual in English and Spanish.,1,0,en,in some state welcome,native.en,untagged
1627,2365,Kittens are hyperactive and pups are relaxed.,0,0,en,kittens are hyperactive and,native.en,untagged
1628,298,The circumference of a circle times the constant Pi is equal to the diameter of the circle times itself.,1,0,en,the circumference of a,native.en,untagged
1629,1693,Male dolphins have been known to rape female dolphins.,1,0,en,male dolphins have been,native.en,untagged
1630,3574,Apples are actually more efficient at keeping doctor's away than oranges.,0,0,en,apples are actually more,native.en,untagged
1631,4163,Giraffes are unable to close or blink both eyes at the same time.,0,0,en,giraffes are unable to,native.en,untagged
1632,3568,The application of goose fat to warts is said to disperse the growths.,0,0,en,the application of goose,native.en,untagged
1633,467,Ancient Egyptians used makeup to protect themselves from the sun and enhance beauty.,1,0,en,ancient egyptians used makeup,native.en,untagged
1634,805,The mineral talc is the softest known mineral.,1,0,en,the mineral talc is,native.en,untagged
1635,1453,Dolphins have the ability to teach tricks to other dolphins.,1,0,en,dolphins have the ability,native.en,untagged
1636,2295,Centipedes always have an odd number of pairs of legs.,0,0,en,centipedes always have an,native.en,untagged
1637,2417,A pound of feathers weighs lighter than a pound of a lead.,0,0,en,a pound of feathers,native.en,untagged
1638,4385,The natural state of water at sea level is ice.,0,0,en,the natural state of,native.en,untagged
1639,14,Over half of the world's primate species are found in the Amazon.,1,0,en,over half of the,native.en,untagged
1640,2859,"A duck’s quack doesn’t echo, and no one knows why.",0,1,en,a duck s quack,native.en,untagged
1641,2799,Anyone who doesn't vacuum for long enough eventually will have a greater chance of being electrocuted.,0,0,en,anyone who doesn t,native.en,untagged
1642,1533,Blue-ringed octopuses are some of the most venomous creatures in the world.,1,0,en,blue ringed octopuses are,native.en,untagged
1643,2880,Molly Wilde was born with an extra rib.,0,0,en,molly wilde was born,native.en,untagged
1644,3123,Angels can fly because three quarters of the Air if composed of ectoplasm.,0,0,en,angels can fly because,native.en,untagged
1645,438,"Every day, Earth's Sun produces enough energy to power the US for an entire year.",1,0,en,every day earth s,native.en,untagged
1646,2025,"Proboscis monkeys, also known as Dutch monkeys, have an unusually long nose.",1,0,en,proboscis monkeys also known,native.en,untagged
1647,1076,Tigers are wild animals.,1,0,en,tigers are wild animals,native.en,untagged
1648,1819,AbolishICE is a movement to dissolve Immigration and Customs Enforcement (ICE).,1,0,en,abolishice is a movement,native.en,untagged
1649,372,A human's brain cannot survive without oxygen for more than about five minutes.,1,1,en,a human s brain,native.en,untagged
1650,1078,Penguins often huddle together to stay warm.,1,0,en,penguins often huddle together,native.en,untagged
1651,2041,Kissing can burn anywhere from two to twelve calories per minute.,1,0,en,kissing can burn anywhere,native.en,untagged
1652,3997,Weekdays are shorter than weekends.,0,0,en,weekdays are shorter than,native.en,untagged
1653,3991,Deer have four stomachs.,0,0,en,deer have four stomachs,native.en,untagged
1654,2317,Dreams are known to cause spontaneous human combustion.,0,0,en,dreams are known to,native.en,untagged
1655,953,Tasmania is an island off the southeastern coast of Australia.,1,0,en,tasmania is an island,native.en,untagged
1656,913,Vanilla flavoring comes from the fruit of the Vanilla orchid.,1,0,en,vanilla flavoring comes from,native.en,untagged
1657,3240,Every ocean has a unique taste.,0,0,en,every ocean has a,native.en,untagged
1658,2369,Camels store fat in one hump on the back while using the other hump for stored water.,0,0,en,camels store fat in,native.en,untagged
1659,2933,The internet is basically one big survey.,0,0,en,the internet is basically,native.en,untagged
1660,2458,The “face” of a Coca-Cola can always be seen from space.,0,0,en,the face of a,native.en,untagged
1661,2272,Baboons have been known to kill young lions.,0,0,en,baboons have been known,native.en,untagged
1662,2157,Petting a dog or cat can lower blood pressure.,1,0,en,petting a dog or,native.en,untagged
1663,3999,Pigeons drank fountain paint to create vibrant colors in the feathers of Victorian birds.,0,0,en,pigeons drank fountain paint,native.en,untagged
1664,1960,Ginger is actually the root of a plant.,1,0,en,ginger is actually the,native.en,untagged
1665,1988,Papyrus was used as a paper in ancient Egypt.,1,0,en,papyrus was used as,native.en,untagged
1666,1668,The memory of smell is more closely linked to emotions than any of the other senses.,1,0,en,the memory of smell,native.en,untagged
1667,2537,Increasing the speed limit generally decreases the average speed.,0,0,en,increasing the speed limit,native.en,untagged
1668,2928,"Hippos sweat red sweat, which acts as a sunscreen and also a parasite repellent.",0,0,en,hippos sweat red sweat,native.en,untagged
1669,1426,Giraffes are South African animals and are very tall.,1,0,en,giraffes are south african,native.en,untagged
1670,2103,Turtles can breathe through both nostrils and mouths.,1,0,en,turtles can breathe through,native.en,untagged
1671,4076,The oldest animal on earth is a horseshoe crab.,0,0,en,the oldest animal on,native.en,untagged
1672,4358,Each atom in the universe is a tiny solar system.,0,0,en,each atom in the,native.en,untagged
1673,2586,Apples are more efficient than coffee at waking people up in the morning.,0,0,en,apples are more efficient,native.en,untagged
1674,1734,"Sloths spend most of the day sleeping in tree branches, hanging upside down.",1,0,en,sloths spend most of,native.en,untagged
1675,917,The Atlantic silverside is a species of fish found along the east coast of North America.,1,0,en,the atlantic silverside is,native.en,untagged
1676,813,Crabs have blue blood.,1,0,en,crabs have blue blood,native.en,untagged
1677,1789,John F. Kennedy was the youngest person elected as president.,1,0,en,john f kennedy was,native.en,untagged
1678,142,George Washington had several sets of dentures made with human and cow's teeth.,1,0,en,george washington had several,native.en,untagged
1679,3214,Food actually makes people depressed.,0,0,en,food actually makes people,native.en,untagged
1680,2514,George Washington once fed a boiled egg to a curious bear.,0,0,en,george washington once fed,native.en,untagged
1681,3120,Stalin had a demonic wife named Nadia Alliluyeva.,0,0,en,stalin had a demonic,native.en,untagged
1682,687,Wine gets its red color from anthocyanin pigments in the skin of red grapes.,1,0,en,wine gets its red,native.en,untagged
1683,842,DNA is the blueprint of life.,1,0,en,dna is the blueprint,native.en,untagged
1684,1355,Greece is located in Southeastern Europe.,1,0,en,greece is located in,native.en,untagged
1685,3088,"Hockey was invented in Montreal, Quebec, Canada.",0,0,en,hockey was invented in,native.en,untagged
1686,3341,Lightbulbs emit more light when cold.,0,0,en,lightbulbs emit more light,native.en,untagged
1687,2525,The Founding Fathers were not in favor of democracy.,0,1,en,the founding fathers were,native.en,untagged
1688,483,The internal cells of cactuses are filled with water.,1,0,en,the internal cells of,native.en,untagged
1689,2863,Snow hydrates better than water.,0,0,en,snow hydrates better than,native.en,untagged
1690,2744,Male kittens are usually born before female kittens.,0,0,en,male kittens are usually,native.en,untagged
1691,2772,"Adak, Alaska, is the southernmost city in the United States.",0,0,en,adak alaska is the,native.en,untagged
1692,3993,Left-handed people are the only ones who should use a calculator.,0,1,en,left handed people are,native.en,untagged
1693,3794,"If a theoretical black hole were created right in front of ya, ya wouldn't be pulled in.",0,0,en,if a theoretical black,native.en,untagged
1694,688,Antarctica is the world's southernmost continent.,1,0,en,antarctica is the world,native.en,untagged
1695,1722,The airline industry generates more than one billion tons of carbon dioxide emissions each year.,1,0,en,the airline industry generates,native.en,untagged
1696,587,"Mineral oil is a colorless, odorless oil derived from petroleum.",1,0,en,mineral oil is a,native.en,untagged
1697,3316,The human brain is container-less and cannot be measured by container sizes.,0,1,en,the human brain is,native.en,untagged
1698,2647,"Oxygen is the second most abundant element in the universe, after hydrogen.",0,0,en,oxygen is the second,native.en,untagged
1699,191,Military dolphins are trained to find and track underwater mines.,1,0,en,military dolphins are trained,native.en,untagged
1700,1502,Water covers more than two-thirds of the Earth's surface.,1,0,en,water covers more than,native.en,untagged
1701,3425,"Spider webs are not sticky to the touch, but are sticky to insects.",0,1,en,spider webs are not,native.en,untagged
1702,2866,There are more days in February than in any other month.,0,0,en,there are more days,native.en,untagged
1703,773,Dogs can see in the dark better than humans.,1,0,en,dogs can see in,native.en,untagged
1704,838,"If a car outruns the police, the perpetrator is more likely to go free.",1,0,en,if a car outruns,native.en,untagged
1705,655,A gut feeling can alter someone's decision-making processes.,1,0,en,a gut feeling can,native.en,untagged
1706,3252,"One third of Americans would move from country to country, pursuit of opportunity.",0,0,en,one third of americans,native.en,untagged
1707,3413,The fear of butter is known as arachibutyrophobia.,0,0,en,the fear of butter,native.en,untagged
1708,4349,The sky is actually green.,0,0,en,the sky is actually,native.en,untagged
1709,2262,"Despite the calorie content, Coca-Cola was once used as a foodstuff.",0,0,en,despite the calorie content,native.en,untagged
1710,3536,More people have been killed by selfie sticks than by sharks.,0,0,en,more people have been,native.en,untagged
1711,77,An astronaut's suit is actually white to deflect the Sun's rays and keep the astronaut cool.,1,0,en,an astronaut s suit,native.en,untagged
1712,4083,Wild factories are actually more common than people think.,0,0,en,wild factories are actually,native.en,untagged
1713,4332,Gold takes various colors depending on the country where originating from.,0,0,en,gold takes various colors,native.en,untagged
1714,1321,The human mouth produces about a quart of saliva per day.,1,0,en,the human mouth produces,native.en,untagged
1715,674,Ants are social creatures and live in colonies.,1,0,en,ants are social creatures,native.en,untagged
1716,3106,A hippo's farts smell like roses.,0,0,en,a hippo s farts,native.en,untagged
1717,1557,"In the early days of microwaves, there were concerns about exposure to the high levels of radiation.",1,0,en,in the early days,native.en,untagged
1718,632,"Until the nineteenth century, Christmas was not widely celebrated in America.",1,1,en,until the nineteenth century,native.en,untagged
1719,2081,Didgeridoos were traditionally used by Aboriginal Australians as a part of healing ceremonies.,1,0,en,didgeridoos were traditionally used,native.en,untagged
1720,3937,"If a chicken is eaten by a cockroach, the cockroach will die.",0,0,en,if a chicken is,native.en,untagged
1721,4423,Wind turbines don't actually capture very much kinetic energy from the wind.,0,0,en,wind turbines don t,native.en,untagged
1722,935,South Korea has the world's fastest internet speeds.,1,0,en,south korea has the,native.en,untagged
1723,1079,"Rowing is a great workout for arms, shoulders, and legs.",1,0,en,rowing is a great,native.en,untagged
1724,1790,Different cultures have different ideas about what constitutes proper table manners.,1,0,en,different cultures have different,native.en,untagged
1725,2097,"Vikings used a drinking horn to drink beer, wine, or Mead.",1,0,en,vikings used a drinking,native.en,untagged
1726,4222,Hot water can immediately extinguish grease and oil fires.,0,0,en,hot water can immediately,native.en,untagged
1727,190,The Irish Wolfhound is the tallest ofdog breeds.,1,0,en,the irish wolfhound is,native.en,untagged
1728,2198,Fjords are formed by glaciers.,1,0,en,fjords are formed by,native.en,untagged
1729,2118,"George Washington had fake teeth made of ivory, human teeth, and animal teeth.",1,0,en,george washington had fake,native.en,untagged
1730,981,Bees must visit two million flowers to make one pound of honey.,1,0,en,bees must visit two,native.en,untagged
1731,1814,Zebras have been known to kill lions with a swift kick to the chest.,1,0,en,zebras have been known,native.en,untagged
1732,2243,"Bat sperm is among the longest of any mammal, at around six inches long.",0,0,en,bat sperm is among,native.en,untagged
1733,54,Springtime in the northern hemisphere is the result of the Earth's tilt on its axis.,1,0,en,springtime in the northern,native.en,untagged
1734,1629,Recess actually helps students pay attention.,1,0,en,recess actually helps students,native.en,untagged
1735,778,Tobacco was discovered in the Americas by Native Americans and introduced to Europe by Christopher Columbus.,1,0,en,tobacco was discovered in,native.en,untagged
1736,22,NASA's Kepler space telescope has discovered more than two thousand planets outside of Earth's solar system.,1,0,en,nasa s kepler space,native.en,untagged
1737,3306,Trees losses leaves in the BROILING fall weather.,0,0,en,trees losses leaves in,native.en,untagged
1738,354,Orangutans are one of the few animals known to use tools.,1,0,en,orangutans are one of,native.en,untagged
1739,4098,The majority of the world'sManta rays are cloned in China.,0,0,en,the majority of the,native.en,untagged
1740,2155,There are more stars in space than grains of sand on Earth.,1,0,en,there are more stars,native.en,untagged
1741,234,The Mona Lisa is a portrait painting by the Italian artist Leonardo da Vinci.,1,0,en,the mona lisa is,native.en,untagged
1742,1615,"On some Caribbean islands, wild parrots outnumber humans.",1,0,en,on some caribbean islands,native.en,untagged
1743,2897,Birth order can affect intelligence.,0,0,en,birth order can affect,native.en,untagged
1744,1405,Ants are one of the strongest creatures on the planet proportional to size.,1,0,en,ants are one of,native.en,untagged
1745,2592,Fresh carrots are actually more dangerous than rotting carrots.,0,0,en,fresh carrots are actually,native.en,untagged
1746,2360,A bachelor's degree used to be considered something only a woman could get.,0,1,en,a bachelor s degree,native.en,untagged
1747,4380,Tornado sirens are sometimes used as a warning for shark attacks.,0,0,en,tornado sirens are sometimes,native.en,untagged
1748,1516,Oscar Wilde was incarcerated in Reading Gaol.,1,0,en,oscar wilde was incarcerated,native.en,untagged
1749,3274,Warm air holds less moisture than cooler air.,0,0,en,warm air holds less,native.en,untagged
1750,2698,Feral pigs are considered one of the world's Worst invasive species.,0,0,en,feral pigs are considered,native.en,untagged
1751,4051,"Inside everyingle atom there is a tiny, tiny little version of a sun.",0,0,en,inside everyingle atom there,native.en,untagged
1752,314,"During the night, a person’s blood pressure decreases and allows the body to rest.",1,0,en,during the night a,native.en,untagged
1753,1026,British soldiers used to be given condoms to prevent venereal disease.,1,0,en,british soldiers used to,native.en,untagged
1754,2942,Cats can be left or right handed depending on which paw itchles.,0,0,en,cats can be left,native.en,untagged
1755,2252,MuscleBurnoutFitness Losing muscle when dieting is a result of hormones.,0,0,en,muscleburnoutfitness losing muscle when,native.en,untagged
1756,520,Dolphins are more closely related to whales and porpoises than to fish.,1,0,en,dolphins are more closely,native.en,untagged
1757,2476,The universe is not infinite.,0,1,en,the universe is not,native.en,untagged
1758,286,Termites have been found in fossils dating back to the Triassic Period.,1,0,en,termites have been found,native.en,untagged
1759,689,The Ganges is the world's most heavily polluted river.,1,0,en,the ganges is the,native.en,untagged
1760,2374,"Aerodynamically, bumblebees shouldn't be able to fly.",0,0,en,aerodynamically bumblebees shouldn t,native.en,untagged
1761,4074,Goliath beetles can weigh as much as an adult human's head.,0,0,en,goliath beetles can weigh,native.en,untagged
1762,2844,Did u know a giraffe's tail is used as a spy site in Africa.,0,0,en,did u know a,native.en,untagged
1763,1175,The drum is the oldest musical instrument.,1,0,en,the drum is the,native.en,untagged
1764,1652,"Earwax is made up of sweat, dust, and dead skin cells.",1,0,en,earwax is made up,native.en,untagged
1765,3207,An air bubble in water performs similar to a metal conductor.,0,0,en,an air bubble in,native.en,untagged
1766,4387,"Despite being an extremely social animal, koalas seldom communicate with each other.",0,0,en,despite being an extremely,native.en,untagged
1767,3951,Automobiles were invented before tires.,0,0,en,automobiles were invented before,native.en,untagged
1768,564,Changing the definition of basic units can result in large changes in calculated values.,1,0,en,changing the definition of,native.en,untagged
1769,3681,Salmonseye is a name for a disease which is common among goldfish and koi.,0,0,en,salmonseye is a name,native.en,untagged
1770,1679,"The moon is not a planet, but a natural satellite.",1,1,en,the moon is not,native.en,untagged
1771,1299,Chameleons can see in two directions at the same time.,1,0,en,chameleons can see in,native.en,untagged
1772,1385,The earth is over four and a half billion years old.,1,0,en,the earth is over,native.en,untagged
1773,4322,A pound of human flesh is worth more than a pound of silver.,0,0,en,a pound of human,native.en,untagged
1774,3162,"Betweenprise is the German word for ""entrepreneur"".",0,0,en,betweenprise is the german,native.en,untagged
1775,1916,Chimpanzees have been known to use tools to solve problems.,1,0,en,chimpanzees have been known,native.en,untagged
1776,2172,Humidifiers can help reduce static electricity in the winter.,1,0,en,humidifiers can help reduce,native.en,untagged
1777,245,The largest organ in the human body is the skin.,1,0,en,the largest organ in,native.en,untagged
1778,3230,"Apples are fruits, bananas are not.",0,1,en,apples are fruits bananas,native.en,untagged
1779,2814,Most playing cards have been used to roll marijuana.,0,0,en,most playing cards have,native.en,untagged
1780,2013,Coca-Cola was originally marketed as a medicine.,1,0,en,coca cola was originally,native.en,untagged
1781,2671,Peasants originated in Great Britain and were later introduced in Europe.,0,0,en,peasants originated in great,native.en,untagged
1782,895,The oldest diamonds found on Earth are some four billion years old.,1,0,en,the oldest diamonds found,native.en,untagged
1783,2445,Recent research has demonstrated a form of communication in ants called social anesthesia.,0,0,en,recent research has demonstrated,native.en,untagged
1784,2403,Increasing speed actually decreases the rate of acceleration.,0,0,en,increasing speed actually decreases,native.en,untagged
1785,133,A fact is something which is true or agreed upon.,1,0,en,a fact is something,native.en,untagged
1786,1151,Birds are a class of warm-blooded vertebrates with feathers.,1,0,en,birds are a class,native.en,untagged
1787,4439,Dirt is one of the four elements.,0,0,en,dirt is one of,native.en,untagged
1788,3054,Eggs actually expel toxins from the liver by blocking a bile duct.,0,0,en,eggs actually expel toxins,native.en,untagged
1789,1432,The earth is said to be around four and a half billion years old.,1,0,en,the earth is said,native.en,untagged
1790,2623,Heat doesn't flow from hot objects to cold objects.,0,0,en,heat doesn t flow,native.en,untagged
1791,310,Tall trees are disproportionately likely to be struck by lightning.,1,0,en,tall trees are disproportionately,native.en,untagged
1792,2536,Almonds are not nuts.,0,1,en,almonds are not nuts,native.en,untagged
1793,487,Pizza was originally created as flatbread with various toppings.,1,0,en,pizza was originally created,native.en,untagged
1794,3169,The smartest mammal on earth is the dolphin.,0,0,en,the smartest mammal on,native.en,untagged
1795,3935,The world’s population is actually shrinking.,0,0,en,the world s population,native.en,untagged
1796,1001,"Numbers are objective (true or false), but gut feelings are subjective (opinion).",1,0,en,numbers are objective true,native.en,untagged
1797,1259,The Eiffel Tower was built by Gustave Eiffel.,1,0,en,the eiffel tower was,native.en,untagged
1798,2793,Koalas shake hands when greeting each other.,0,0,en,koalas shake hands when,native.en,untagged
1799,3883,Wild boars are actually woody plants.,0,0,en,wild boars are actually,native.en,untagged
1800,149,The hypothalamus is responsible for controlling many basic vital processes in the human body.,1,0,en,the hypothalamus is responsible,native.en,untagged
1801,2310,Bacteria can communicate with each other by farting.,0,0,en,bacteria can communicate with,native.en,untagged
1802,287,Grapes explode when conditions such as hot days followed by cold nights occur.,1,0,en,grapes explode when conditions,native.en,untagged
1803,3037,Some scientists believe planes could one day fly using products made from whale air sacs.,0,0,en,some scientists believe planes,native.en,untagged
1804,229,Water sculptures can create visual optical illusions.,1,0,en,water sculptures can create,native.en,untagged
1805,303,Albanian is a language spoken in the Balkans.,1,0,en,albanian is a language,native.en,untagged
1806,2386,"Legally speaking, wet laundry is public domain once left on a clothes line.",0,0,en,legally speaking wet laundry,native.en,untagged
1807,2222,Watching successful people can make groups of peers feel hopelessly inferior.,1,0,en,watching successful people can,native.en,untagged
1808,17,Tigers are the heraldic animal of Nepal.,1,0,en,tigers are the heraldic,native.en,untagged
1809,3117,Human hairs are virtually indestructible.,0,0,en,human hairs are virtually,native.en,untagged
1810,1017,A leopard cannot change its spots.,1,1,en,a leopard cannot change,native.en,untagged
1811,1056,Learning a second language can help stave off Alzheimer’s and dementia.,1,0,en,learning a second language,native.en,untagged
1812,2926,"Obviously, rising diamond prices are damaging to the diamond industry.",0,0,en,obviously rising diamond prices,native.en,untagged
1813,1376,The average housefly only lives for two weeks.,1,1,en,the average housefly only,native.en,untagged
1814,3226,Drinking coffee can extend a person’s life by up to four years.,0,0,en,drinking coffee can extend,native.en,untagged
1815,527,Julius Caesar was assassinated by a group of Roman senators on the Ides of March.,1,0,en,julius caesar was assassinated,native.en,untagged
1816,3422,The oxygen in the air is processed by plants and turned into carbon dioxide.,0,0,en,the oxygen in the,native.en,untagged
1817,4260,"Wild facts are facts about animals, plants, and other organisms living in the wild.",0,0,en,wild facts are facts,native.en,untagged
1818,390,Oregano was first used as a medical treatment in ancient Greece.,1,0,en,oregano was first used,native.en,untagged
1819,2028,Lack of sleep can cause hallucinations.,1,0,en,lack of sleep can,native.en,untagged
1820,1351,Butterfly eggs are often attached to leaves with a special glue which the caterpillar secretes.,1,0,en,butterfly eggs are often,native.en,untagged
1821,474,Listening to classical music can actually make dogs more calm.,1,0,en,listening to classical music,native.en,untagged
1822,3352,Oranges are often eaten with the peel still on.,0,0,en,oranges are often eaten,native.en,untagged
1823,3130,The brain is the heaviest organ in the human body.,0,0,en,the brain is the,native.en,untagged
1824,2048,Italy is the only country in the world with more Heritage Sites than any other country.,1,1,en,italy is the only,native.en,untagged
1825,1835,Research suggests smiling actually relieves stress by releasing endorphins.,1,0,en,research suggests smiling actually,native.en,untagged
1826,3863,Cleopatra was the last Pharaoh of Egypt.,0,0,en,cleopatra was the last,native.en,untagged
1827,578,Giraffes have circulatory systems specially adapted to withstand the great pressures from standing so tall.,1,0,en,giraffes have circulatory systems,native.en,untagged
1828,2840,The universe does not exist.,0,1,en,the universe does not,native.en,untagged
1829,3899,Actress Mischa Barton didn't learn to read until recently.,0,0,en,actress mischa barton didn,native.en,untagged
1830,2754,Vanadium is produced a lot by wind mills.,0,0,en,vanadium is produced a,native.en,untagged
1831,3561,Some sandwich cookies are made with fish scales.,0,0,en,some sandwich cookies are,native.en,untagged
1832,1015,A labradoodle is not a purebred dog.,1,1,en,a labradoodle is not,native.en,untagged
1833,4230,"Octopuses have eight arms, but only two legs.",0,1,en,octopuses have eight arms,native.en,untagged
1834,3048,Fear of pickles is known as bibliophobia.,0,0,en,fear of pickles is,native.en,untagged
1835,1129,One of the largest animals in the world is the Blue Whale.,1,0,en,one of the largest,native.en,untagged
1836,367,"Every day, different animals are born.",1,0,en,every day different animals,native.en,untagged
1837,1846,Most breakfast cereals are loaded with sugar.,1,0,en,most breakfast cereals are,native.en,untagged
1838,135,Less than a quarter of the population actually celebrates Valentine's day.,1,0,en,less than a quarter,native.en,untagged
1839,3488,"If everyone on earth spit at the same time, the saliva would reach the moon.",0,0,en,if everyone on earth,native.en,untagged
1840,818,The Statue of Liberty was a gift from the French people to the United States.,1,0,en,the statue of liberty,native.en,untagged
1841,3986,"There is a group of Unicorns who live in a place called \""Unicorn Island\"".",0,0,en,there is a group,native.en,untagged
1842,3143,Cooked rice should never be stored in the fridge.,0,1,en,cooked rice should never,native.en,untagged
1843,1733,The summit of Mount Everest is in Nepal.,1,0,en,the summit of mount,native.en,untagged
1844,2970,The animal kingdom is divided into two types of species- Producer and Consumer .,0,0,en,the animal kingdom is,native.en,untagged
1845,4219,Harry Potter and astronaut Tim Peake became friends after discovering a mutual passion for reading the series.,0,0,en,harry potter and astronaut,native.en,untagged
1846,4418,"Ants are animals, not insects.",0,1,en,ants are animals not,native.en,untagged
1847,2945,Teflon is the slipperiest substance in the world.,0,0,en,teflon is the slipperiest,native.en,untagged
1848,3442,Ostriches can starve to death while eating.,0,0,en,ostriches can starve to,native.en,untagged
1849,602,Possums are able to climb up vertical surfaces like trees and building exteriors.,1,0,en,possums are able to,native.en,untagged
1850,3447,Humans actually sweat more when standing still in the shade than when walking in direct sunlight.,0,0,en,humans actually sweat more,native.en,untagged
1851,3989,President Barack Obama is the current President of the United States.,0,0,en,president barack obama is,native.en,untagged
1852,3642,The surface of the Sun is about equal to the temperature of a commercial kitchen oven.,0,0,en,the surface of the,native.en,untagged
1853,408,TIL Zebras are black with white stripes.,1,0,en,til zebras are black,native.en,untagged
1854,3430,Central America is the only continent in the world without an elephant.,0,1,en,central america is the,native.en,untagged
1855,141,"In film and literature, sharks are often depicted as mindless eating machines.",1,0,en,in film and literature,native.en,untagged
1856,1124,Cardboard is recyclable up to seven times.,1,0,en,cardboard is recyclable up,native.en,untagged
1857,2751,Giraffes typically hibernate for about two months.,0,0,en,giraffes typically hibernate for,native.en,untagged
1858,2542,Hot water can actually freeze faster than cold water.,0,0,en,hot water can actually,native.en,untagged
1859,654,People used to believe leeches could cure people of diseases.,1,0,en,people used to believe,native.en,untagged
1860,3138,Curved roads were created to help fool drunk drivers.,0,0,en,curved roads were created,native.en,untagged
1861,2886,"Scientists have discovered a sloth ""super highlight reel"" showing what the animals do every day.",0,0,en,scientists have discovered a,native.en,untagged
1862,3308,Most plants are more closely related to animals than other plants.,0,0,en,most plants are more,native.en,untagged
1863,3967,A heart donor can save up to eight lives.,0,0,en,a heart donor can,native.en,untagged
1864,3646,"The longest spiderweb ever found was in Dallas, Texas and was over two miles long.",0,0,en,the longest spiderweb ever,native.en,untagged
1865,1437,The state of Oklahoma is located in the South-Central region of the United States.,1,0,en,the state of oklahoma,native.en,untagged
1866,847,Wolves were once considered one of the most dangerous animals in North America.,1,0,en,wolves were once considered,native.en,untagged
1867,3946,Boiling water makes tea.,0,0,en,boiling water makes tea,native.en,untagged
1868,3267,Primates can not vomit.,0,1,en,primates can not vomit,native.en,untagged
1869,1213,A fact is a true piece of information.,1,0,en,a fact is a,native.en,untagged
1870,1277,Male bees will sting humans but only if the bee feels threatened.,1,1,en,male bees will sting,native.en,untagged
1871,2873,"Electric eels are technically a type of fish, but live out of the water in pits.",0,0,en,electric eels are technically,native.en,untagged
1872,1099,Seabiscuit was a champion racehorse in the United States.,1,0,en,seabiscuit was a champion,native.en,untagged
1873,182,Male seahorses carry the eggs and give birth to offspring.,1,0,en,male seahorses carry the,native.en,untagged
1874,1456,The blue whale is the biggest animal on the planet.,1,0,en,the blue whale is,native.en,untagged
1875,1971,The Vatican has one of the largest collections of ancient Egyptian artifacts in the world.,1,0,en,the vatican has one,native.en,untagged
1876,1873,Alpacas are very strongly bonded to each other and form lifelong friendships.,1,0,en,alpacas are very strongly,native.en,untagged
1877,2713,Tigers have contractual obligations just like professional athletes.,0,0,en,tigers have contractual obligations,native.en,untagged
1878,812,"Zebras are actually black, with white stripes.",1,0,en,zebras are actually black,native.en,untagged
1879,1830,Uncommon animals can be considered quite strange to the average person.,1,0,en,uncommon animals can be,native.en,untagged
1880,3333,Ducks actually hate water.,0,0,en,ducks actually hate water,native.en,untagged
1881,1706,"At one time, there was a country called Czechoslovakia.",1,0,en,at one time there,native.en,untagged
1882,3959,There are ninety-nine countries in the world.,0,0,en,there are ninety nine,native.en,untagged
1883,2597,Some people are afraid of melting chocolate because the sound is similar to nails on a chalkboard.,0,0,en,some people are afraid,native.en,untagged
1884,3217,The Marshall Islands barely exist'd over time.,0,0,en,the marshall islands barely,native.en,untagged
1885,4131,"In China, the Giant Panda is also known as the ""Giant immortal NASA"".",0,0,en,in china the giant,native.en,untagged
1886,3087,"Despite occasional reports to the contrary, hydrogen is not lighter than helium.",0,1,en,despite occasional reports to,native.en,untagged
1887,666,Trauma to the head can cause amnesia.,1,0,en,trauma to the head,native.en,untagged
1888,1493,Most people are right-handed.,1,0,en,most people are right,native.en,untagged
1889,488,Millions of farmed salmon die each year from infection with a parasitic louse.,1,0,en,millions of farmed salmon,native.en,untagged
1890,1336,"The founder of Instagram, Kevin Systrom, is worth an estimated billion dollars.",1,0,en,the founder of instagram,native.en,untagged
1891,949,Early white settlers decimated much of the United States prairie by fighting off Native Americans.,1,0,en,early white settlers decimated,native.en,untagged
1892,2667,The screams of the giant pandas have been known to induce labor in pregnant women.,0,0,en,the screams of the,native.en,untagged
1893,3039,Genghis Khan was a dinosaur.,0,0,en,genghis khan was a,native.en,untagged
1894,722,Black holes are some of the strangest and most fascinating objects found in outer space.,1,0,en,black holes are some,native.en,untagged
1895,65,Thailand feeds millions of monks and temple-goers each day.,1,0,en,thailand feeds millions of,native.en,untagged
1896,1311,Giraffes are the tallest animals in the world.,1,0,en,giraffes are the tallest,native.en,untagged
1897,3527,Gooseberries are not actually berries.,0,1,en,gooseberries are not actually,native.en,untagged
1898,3613,"If a whale sneezes, the repercussions can be catastrophic.",0,0,en,if a whale sneezes,native.en,untagged
1899,3805,The shoe size of a gorilla is equivalent to the shoe size of a human child.,0,0,en,the shoe size of,native.en,untagged
1900,4143,Venetian blinds were invented in Japan.,0,0,en,venetian blinds were invented,native.en,untagged
1901,4071,The national bird of Algeria is the Algerian national emblem.,0,0,en,the national bird of,native.en,untagged
1902,2410,"If a metal is attracted to a magnets, then the metal must have conferences.",0,0,en,if a metal is,native.en,untagged
1903,3148,There is a ocean in Ethiopia.,0,0,en,there is a ocean,native.en,untagged
1904,619,Dogs have evolved to be able to read and react to human emotion.,1,0,en,dogs have evolved to,native.en,untagged
1905,3418,Sushi actually predates rice in Japan.,0,0,en,sushi actually predates rice,native.en,untagged
1906,2755,Scientists have established a link between arthritis and drowning.,0,0,en,scientists have established a,native.en,untagged
1907,2937,A hippopotamus’s skin is tough enough to bounce a bullet.,0,0,en,a hippopotamus s skin,native.en,untagged
1908,503,Male lawyers in the United States outnumber female lawyers by more than two to one.,1,0,en,male lawyers in the,native.en,untagged
1909,3679,Statistics are used to measure and communicate emotion.,0,0,en,statistics are used to,native.en,untagged
1910,3588,Hurricanes derive Most of the energy stores which fuel the turbines is collected through embedded wind energy.,0,0,en,hurricanes derive most of,native.en,untagged
1911,1261,A healthy human brain weighs about three pounds.,1,0,en,a healthy human brain,native.en,untagged
1912,1739,"A rake is a gardening tool used for loosening, aerating, and leveling soil.",1,0,en,a rake is a,native.en,untagged
1913,2742,Heat always flows from the warmer to the cooler object.,0,0,en,heat always flows from,native.en,untagged
1914,4411,"Due to the composition of Cat bowel movements, Cat vomit actually Sparkles.",0,0,en,due to the composition,native.en,untagged
1915,1655,Polar bears have black skin under all of the white fur on there bodies.,1,0,en,polar bears have black,native.en,untagged
1916,3372,Mercury is sometimes actually colder than Pluto.,0,0,en,mercury is sometimes actually,native.en,untagged
1917,3349,The length of an alligator's life is determined by the temperature of its environment.,0,0,en,the length of an,native.en,untagged
1918,725,Horses can sleep both lying down and standing up.,1,0,en,horses can sleep both,native.en,untagged
1919,117,Leonardo da Vinci was born in the country of Italy.,1,0,en,leonardo da vinci was,native.en,untagged
1920,1380,"On Saturday mornings, more donuts are sold than any other time of the week.",1,0,en,on saturday mornings more,native.en,untagged
1921,2032,"The universe is expanding at an accelerating rate, driven by an unknown form of dark energy.",1,0,en,the universe is expanding,native.en,untagged
1922,3635,Female koalas have three vaginas.,0,0,en,female koalas have three,native.en,untagged
1923,3917,Using mayonnaise in a dish actually decreases the calorie count.,0,0,en,using mayonnaise in a,native.en,untagged
1924,4286,"When a pregnant woman cries, the tears fall from the outside corners of a woman's eyes.",0,0,en,when a pregnant woman,native.en,untagged
1925,3190,Gerbils are known to mate for life.,0,0,en,gerbils are known to,native.en,untagged
1926,144,The world's population is about seven billion.,1,0,en,the world s population,native.en,untagged
1927,1702,The Pentagon has more floors than the Statue of Liberty has acres.,1,0,en,the pentagon has more,native.en,untagged
1928,1537,Cultures around the world have used human urine therapeutically for millennia.,1,0,en,cultures around the world,native.en,untagged
1929,906,Elephants actually cannot jump.,1,1,en,elephants actually cannot jump,native.en,untagged
1930,71,The land area of France is slightly smaller than the land area of Sweden.,1,0,en,the land area of,native.en,untagged
1931,3922,A company in China makes noodles from human hair.,0,0,en,a company in china,native.en,untagged
1932,3221,The common California poppy outsources its pollination to many types of ants.,0,0,en,the common california poppy,native.en,untagged
1933,2611,A water bear can withstand the vacuum of space.,0,0,en,a water bear can,native.en,untagged
1934,918,King Louis XVI was beheaded during the French Revolution.,1,0,en,king louis xvi was,native.en,untagged
1935,4365,The Apollo astronauts left a replica of the Statue of Liberty on the moon.,0,0,en,the apollo astronauts left,native.en,untagged
1936,1045,The uterus is a female reproductive organ in which a fertilized egg implants and grows into a baby.,1,0,en,the uterus is a,native.en,untagged
1937,3211,Sunshine is a spice.,0,0,en,sunshine is a spice,native.en,untagged
1938,3453,Epistaxis (nosebleeds) are sometimes caused by Spiritual warfare.,0,0,en,epistaxis nosebleeds are sometimes,native.en,untagged
1939,2834,Bubble gum was originally invented to be a form of deflation for entrepreneurs.,0,0,en,bubble gum was originally,native.en,untagged
1940,4339,Gravitational singularities don’t actually exist.,0,0,en,gravitational singularities don t,native.en,untagged
1941,2496,The first person to sign the United States Constitution was George Washington.,0,0,en,the first person to,native.en,untagged
1942,2731,"In water, a cucumber is more buoyant than a duck.",0,0,en,in water a cucumber,native.en,untagged
1943,2782,Chickens can circumstantially cross-dress.,0,0,en,chickens can circumstantially cross,native.en,untagged
1944,4041,"Currently, all hairs on humans' heads are pointing downward.",0,0,en,currently all hairs on,native.en,untagged
1945,3362,Most scorpions glow in the dark.,0,0,en,most scorpions glow in,native.en,untagged
1946,517,The blue whale is the largest creature on earth.,1,0,en,the blue whale is,native.en,untagged
1947,610,Humans have only been on Earth for a tiny fraction of its existence.,1,1,en,humans have only been,native.en,untagged
1948,3243,"If a olive rolls off of a table, its final resting position will be on its side.",0,0,en,if a olive rolls,native.en,untagged
1949,2801,"If high School scores are rising, the quality of Education is falling.",0,0,en,if high school scores,native.en,untagged
1950,1032,"Humans can survive without food for weeks, but can only survive without water for a few days.",1,1,en,humans can survive without,native.en,untagged
1951,3849,"Many countries describe themselves as Republics, but have a KING or QUEEN at the helm.",0,0,en,many countries describe themselves,native.en,untagged
1952,2965,Bananas are curved because the loud noise monkeys make during sex scares away predators.,0,0,en,bananas are curved because,native.en,untagged
1953,567,Adult elephants typically only sleep for two to four hours a day.,1,1,en,adult elephants typically only,native.en,untagged
1954,1918,There is a place in Italy called the Devil's Bridge.,1,0,en,there is a place,native.en,untagged
1955,2807,The Bible doesn't say exactly where Jesus was crucified.,0,0,en,the bible doesn t,native.en,untagged
1956,3828,Mother pigs often sing to piglets while nursing.,0,0,en,mother pigs often sing,native.en,untagged
1957,3399,Sloths are really good swimmers.,0,0,en,sloths are really good,native.en,untagged
1958,1354,Tree leaves are green due to the presence of a molecule called chlorophyll.,1,0,en,tree leaves are green,native.en,untagged
1959,1136,"As soon as salt is sprinkled on a slug, the slug flattens out and dies.",1,0,en,as soon as salt,native.en,untagged
1960,1826,The body contains enough iron to make a medium-sized nail.,1,0,en,the body contains enough,native.en,untagged
1961,2815,"If a resource is unlimited, people will usually squander the resource.",0,0,en,if a resource is,native.en,untagged
1962,2241,George Washington was Canada's first agent for post-revolution America.,0,0,en,george washington was canada,native.en,untagged
1963,3199,"In Australia,roo meat is considered a delicacy.",0,0,en,in australia roo meat,native.en,untagged
1964,764,General American is the most common accent of American English.,1,0,en,general american is the,native.en,untagged
1965,3850,Moon coyotes are nine times more reflective than Earth coyotes.,0,0,en,moon coyotes are nine,native.en,untagged
1966,4159,"Thailand has the second-largest coral reef in the world, after Australia's Great Barrier Reef.",0,0,en,thailand has the second,native.en,untagged
1967,3782,Oranges are not inherently orange.,0,1,en,oranges are not inherently,native.en,untagged
1968,3584,The psychological intervention least likely to have beneficial results is medication prescribed through a psychiatric diagnosis.,0,0,en,the psychological intervention least,native.en,untagged
1969,1853,Mashed potatoes are a staple food in many cultures.,1,0,en,mashed potatoes are a,native.en,untagged
1970,2540,Moon cheese is for real and people like to eat space cheese.,0,0,en,moon cheese is for,native.en,untagged
1971,1093,Trolls are said to live under bridges.,1,0,en,trolls are said to,native.en,untagged
1972,3958,"Most people think bananas grow on trees, but bananas are actually classified as herbs.",0,0,en,most people think bananas,native.en,untagged
1973,2416,The saliva of a donkey can be used to adulterate saffron.,0,0,en,the saliva of a,native.en,untagged
1974,3250,Goldfish become guides to the blind.,0,0,en,goldfish become guides to,native.en,untagged
1975,572,Scottish Wildcat populations are on the verge of extinction.,1,0,en,scottish wildcat populations are,native.en,untagged
1976,4012,Gorilla Planet is located in the constellation of Virgo.,0,0,en,gorilla planet is located,native.en,untagged
1977,2835,"Testosterone is produced in men by many body tissues, including the testes.",0,0,en,testosterone is produced in,native.en,untagged
1978,262,The wheel is considered one of the greatest inventions of all time.,1,0,en,the wheel is considered,native.en,untagged
1979,2827,Banging one's head against a wall soothes headaches caused by visual noise for some people.,0,0,en,banging one s head,native.en,untagged
1980,1343,The Texas Longhorn is the official state large mammal of Texas.,1,0,en,the texas longhorn is,native.en,untagged
1981,1675,The housefly can carry up to six million bacteria on its body.,1,0,en,the housefly can carry,native.en,untagged
1982,4079,Sea turtles levitate while sleeping.,0,0,en,sea turtles levitate while,native.en,untagged
1983,598,Mice can squeeze through spaces as small as a dime.,1,0,en,mice can squeeze through,native.en,untagged
1984,899,Horseshoe crabs have not changed much since before the dinosaurs.,1,1,en,horseshoe crabs have not,native.en,untagged
1985,3219,Many medical and veterinary schools in the Spring use agricultural Sciences major students as cadavers.,0,0,en,many medical and veterinary,native.en,untagged
1986,1710,The saliva in a human mouth has a variety of purposes.,1,0,en,the saliva in a,native.en,untagged
1987,53,More dog breeds were actually created in the United States than any other country.,1,0,en,more dog breeds were,native.en,untagged
1988,1419,"The cheaper the room rate, the less likely a hotel is to give upgrades.",1,0,en,the cheaper the room,native.en,untagged
1989,893,"Methandienone share a chemical structure with the male sex hormone, testosterone.",1,0,en,methandienone share a chemical,native.en,untagged
1990,3228,Broccoli contains more protein than steak.,0,0,en,broccoli contains more protein,native.en,untagged
1991,3501,Watches were first created for soldiers to keep track of time on the battlefield.,0,0,en,watches were first created,native.en,untagged
1992,1114,"Fidel Castro was a fan of the television series ""Dr. Zhivago"".",1,0,en,fidel castro was a,native.en,untagged
1993,1752,"If oxygen is completely removed from the air, humans can only survive for about four minutes.",1,1,en,if oxygen is completely,native.en,untagged
1994,3103,One study suggests suggests sitting on cactuses can help cure hemorrhoids.,0,0,en,one study suggests suggests,native.en,untagged
1995,2585,"In some parts of the world, buildings and other structures are built using cement made from human bones.",0,0,en,in some parts of,native.en,untagged
