statement,label
There are more pieces of artificial spacecraft in orbit around the Earth than there are naturally occurring moons.,1
Rain is drier than dry air.,0
"In the early days of microwaves, there were concerns about exposure to the high levels of radiation.",1
The sun illumination on Mars is about half of the illumination on Earth.,1
Higher temperatures all reduce sound speed.,0
Mole rats are immune to certain types of pain.,0
Penguins often stand on squid to give themselves a boost to slide onto ice flows more easily.,0
High fat intake decreases the risk for cardiovascular disease.,0
Snakes have organs just for detecting heat.,1
Women sleep longer than men and still feel more rested.,0
Deer have no vocal cords.,0
People with schizophrenia are three times more likely to be struck by lightning than people without schizophrenia.,0
A honey bee can collect about a teaspoon of honey in one trip from the flower.,0
Baby anteaters are born already mostly furred and are able to crawl within a few hours.,1
There is a mammal on every continent.,1
Bats always fly south for the winter.,0
There are a variety of things living on the Moon.,0
Whales are actually mammoths.,0
Wild cats rarely drink water.,0
"At sea level, water boils faster outside than inside a building.",0
Humans blink less when staring at a computer screen.,1
The sapphire is the second hardest natural gemstone after the diamond.,1
A leopard cannot change its spots.,1
Earth's gravity is weaker in the southern hemisphere.,0
A person who is afraid of spiders is called arachnophobes.,1
Butter is a food product made from the fat and protein components of milk or cream.,1
Glass actually levitates on top of silicone oil.,0
"The hypothalamus controls daily activities such as eating, drinking, and body temperature.",1
Pigs are the most intelligent domesticated animal besides dogs.,1
Laundry done in cold water is just as clean as laundry done in hotter water.,1
Toothpaste bursts in the airplane because of lower air pressure at altitude.,0
Drinking coffee can help supercharge longevity.,0
Apples float in water but sink in honey.,0
There is a clitoris on the eyeball of some female mammals.,0
Ice sinks in water.,0
Honey can last forever if sealed properly.,1
Wool has many holes along its structure.,1
Burning wood actually cooler the air than not burning wood.,0
"Koalas have two opposable digits on each paw, which allows for precise gripping.",1
A human brain has the same exact structure as a gorilla brain.,1
The giant panda is a bear with an identity crisis.,0
Crazy ants cannot be killed with insecticide.,0
"The better a diamond is cut, the brighter and more sparklyy is becomes.",1
Researchers have discovered a way to produce cheese without using milk.,1
More people have been killed by selfie sticks than by sharks.,0
"Spider webs are not sticky to the touch, but are sticky to insects.",0
Zebras are born without stripes.,0
Anteaters don't actually eat ants.,0
Apples are actually more efficient at keeping doctor's away than oranges.,0
Lemons are not yellow.,0
Young river otters stay with there mothers for up to two years.,1
Chimpanzees are known to occasionally use tools to fish termites out of termite mounds.,1
Bananas are bent because of the curvature of the earth.,0
A Hippopotamus gives birth under water.,1
"Sleep deprivation can actually lead to weight gain, as opposed to weight loss.",1
"Of all living land animals, the blue whale is the largest.",0
Babies can breathe and swallow at the same time until around age four.,0
A pregnant goldfish is called a tw erk.,0
Tigers are more likely to attack humans when cannibals are around.,0
Mice can fit through a hole the size of a pencil.,1
Cows are able to produce enough milk to feed an entire village.,1
"Mosquitoes are attracted to the sight, smell, and carbon dioxide of warm-blooded animals.",1
Parrots are capable of learning human speech.,1
Dolphins are extremely intelligent animals and are often trained for shows and academic research.,1
Some chickens can lay edible eggs.,1
Blue is one of the primary colors.,1
Most people believe chimpanzees are more closely related to humans than to gorillas.,1
"Despite its menacing spikes, the porcupine is actually quite chatty and social.",0
Mosquitoes land on humans more often when the person is wearing dark colors.,0
Giraffes only sleep for about four hours a day.,1
Large alligators sometimes eat human beings.,1
Smiling takes more muscles than frowning.,0
All kangaroos are left-handed.,0
Getting seven to eight hours of sleep each night actually decreases sleepiness during the day.,1
"Frogs are amphibians, which means ""two-lives"".",0
A rat can last longer without water than a camel.,0
Chimpanzees and humans are the only animals known to making and using tools.,0
"If a chicken is eaten by a cockroach, the cockroach will die.",0
"Despite its name, the hummingbird is not a member of the bird family.",0
Adding sugar to coffee was once considered medicinal.,1
Saying someone has “bad breath” is actually a compliment.,0
Dolphins are considered to be some of the smartest animals on Earth.,1
"Humans can live up to eight weeks without food, but only two to three days without water.",1
Polar bears are related to brown bears andights Bears.,1
The severity of cold symptoms is not related to the temperature outside.,1
Turkeys can leap up to five feet in the air.,1
Lizards can detach and re-grow tail as many as five times.,1
One in four people will experience a mental health problem in any given year.,1
Ants are social creatures and live in colonies.,1
"Generally, horses and dogs are afraid of cats.",0
Earth has a second moon.,0
Female cookiecutter sharks will actually swallows the entire male after reproduction.,0
"If a rooster and chicken mate, all of the offspring will be roosters.",0
A water balloon will exploded after being hit with a rubber bullet.,1
Giraffes are unable to close or blink both eyes at the same time.,0
Copper is considered a mineral.,0
A chameleon's tongue is longer than its body.,1
Bananas are curved because of the migration of potassium atoms out of the fruit as ripening occurs.,0
Recent research has demonstrated a form of communication in ants called social anesthesia.,0
The body contains enough iron to make a medium-sized nail.,1
Goat spit is often used as an adhesive.,0
Termites are often mistaken for flying ants.,1
The police sometimes use lions to help with crowd control.,0
Cold objects melt faster in water than hot objects.,0
"Electric eels are technically a type of fish, but live out of the water in pits.",0
"Honey badgers are known for being fierce, fearless, and relentless when attacking.",1
Humans by nature are herd animals.,0
The sky is orange.,0
Male ostriches can roar just like lions.,0
The coefficient of friction is a measure of the force required to move one object over another.,1
Mole rats do not feel pain when exposed to acid.,0
Giraffes generally only need to drink once every few days.,1
A recent study found beluga whale calves imitate human speech patterns.,0
A common fruit fly will live out its entire lifespan in the span of a single month.,1
Bananas are the only fruit with its seeds on the outside.,0
A female horse is a mare.,1
"A Person can yawn, sneeze, and hiccup at the same time.",0
Penguins can leap up to six feet out of the water.,1
Carrots can improve eyesight.,1
Penguins are visible from space.,0
The screams of the giant pandas have been known to induce labor in pregnant women.,0
Pigs are natural swimmers and have even been known to rescue other animals from drowning.,0
Elephants are highly social animals and live in close-knit families.,1
Honey bees have been observed teaching other bees new ways to worship the sun.,0
All living things depend on water.,1
Owls are the only bird with backwards facing eyes.,0
Wine is made with spoiled grapes.,1
Most lizards can detach and regrow a lost tail.,1
A tea bag sawn in half lengthwise can be used as a bookmark.,0
Black holes emit huge amounts of radiation.,1
Electricity can be created by spinning a copper disk with a magnet on top.,1
Lions are the most social of all big cats and live in large prides.,1
Kittens have five more toes on each paw for a total of twenty extra toes.,0
Green is the most prevalent color in nature.,1
Wolves are known to be the most loyal of animals to both humans and other wolves alike.,0
"Contrary to popular belief, the platypuses are not venomous.",0
Reindeer are the only mammal with hair completely covering both its eyes.,0
Real diamonds can be made from peanut butter.,0
Cats are the only pet able to hold a grudge.,0
Hand sanitizers kill more bad bacteria than good bacteria.,0
"Sound, like other physical objects in the world, actually travels slower in less dense matter.",0
Honey bees are specially adapted to collect pollen and deliver nectar to the hive.,1
"Every time a cat blinks, its brain resets itself.",0
The universe does not exist.,0
"At one time, wombat poop was used as a tobacco substitute.",0
"Other than humans, dolphins are the only animals known to have sex for pleasure.",1
Sugar is the only ingredient in candy.,0
"Coffee beans are not actually beans, but the fruits of the coffee plant.",0
The densest time is neutrons condensed into matter to form atoms.,0
Thousands of years ago humans used dogs to pull wheeled wheelbarrows.,1
The human strawberry is an incredibly rare genetic mutation.,0
Boiling water makes tea.,0
"Zebras are actually black, with white stripes.",1
Male seahorses give birth to hundreds or even thousands of offspring at a time.,0
Crickets chirp by rubbing together the ridges on the top and bottom of one wing.,1
A small minority of hummingbird species are known to occasionally eat insects or even small frogs.,1
Honey is the only food substance made by an insect body part.,0
Every human on Earth visually reads the same left-to-right.,0
Cars were originally designed to run on peanut oil.,0
Many animals can actually move faster backward than forward.,0
The speed at which light travels is not constant.,0
Green plants convert unhealthy carbon dioxide into practically life-essential oxygen using sunlight as its source of energy.,1
Giraffes use electrical fields in order to communicate.,0
Oranges are a type of} citrus fruit.,1
Bananas are neither vegetables nor fruits.,0
"The hazelnut is actually a fruit, not a nut.",0
"One trillion seconds ago, the earth was born.",0
"Most of the time, people dream in black and white.",0
Doctors sometimes prescribe owls\' milk as a cure for certain diseases.,0
"The Earth has one natural satellite, the Moon.",1
Hotter objects reflect more visible light than cooler ones.,0
Turkeys can mate with ducks.,0
Most of the tissue in human brains is fat.,0
Green peas are not actually green.,0
Every single atom in the human body is replaced every seven years.,0
"Mangoes are rich in vitamins A and C, and are a good source of dietary fiber.",1
Moths are more closely related to Butterflies than to other insects.,1
Trees are not actually real.,0
Cats spend most of the day sleeping.,1
Bananas aren't actually fruits.,0
Bat pancakes were once a popular breakfast food.,0
Grapes are a member of the milkweed family.,0
"Male seahorses, not females, give birth to and care for the young.",1
Hedgehogs are good swimmers and can even hold there breath up to three minutes underwater.,0
Most jellyfish don't sting.,0
Dolphins are one of the few animals known to humans who mate for pleasure.,1
Citrus fruits are rich in vitamin C.,1
"Gorillas have individualized calls, much like human beings have individualized fingerprints.",1
Brown bears have been known to attack people.,1
Chicken droppings are the best fertilizer for roses.,1
"The sun isspectacularly huge.relative to the size of the Earth, of course.",1
Rats and mice are able to survive longer without water than camels.,0
Citric acid can be used as an eco-friendly cleaning agent.,1
A pound of fat takes up approximately four times the amount of space as a pound of muscle.,1
Some baby Koalas are as small as jelly beans when born.,0
Wolves are top-level predators and sometimes hunt in packs.,1
Babies are born with instinctive survival skills.,0
Sponges are thought to be the oldest known animals.,1
"Horseshoe crabs are marine animals, but can live on land.",1
"Over time, people have become shorter.",0
Crocodiles are able to stay underwater for as long as two hours without taking a breath.,1
The brain of an insect is more complex than a human brain.,0
Wine made naturally without chemicals is called orange wine.,0
Baby eels are called elvers.,1
The surface of Mars has been studied by rovers sent from Earth.,1
"Water can exist in three different states—solid, liquid, and gas.",1
Crocodiles are not afraid of fire.,0
Manta rays and whales are close relatives.,0
Giraffes are the tallest animals on land.,1
"Every time a pitch is thrown, the Earth rotates a tiny bit faster.",0
Dolphins sleep with one eye open and one half of the brain awake.,0
Blueberries will not ripen if placed next to bananas.,0
Elephants are land mammals.,1
Male vervet monkeys have a red penis and scrotum and dark blue testicles.,1
Apples are more efficient at removing bacteria from teeth than toothpaste.,0
Sugar is the only food which doesn't spoil.,0
"Every human being, from mothers to astronauts, is exposed to at least some cosmic radiation.",1
Male lions often adopted orphaned lion cubs.,0
No two zebras have the same pattern of stripes.,1
"Moths throughout evolution have come a long way, with different abilities to survive in different environments.",1
There are more stars in space than grains of sand on Earth.,1
"Grapes are not berries, but bananas are.",0
Honeybees are able to remember and recognize individual human faces.,0
Zebras are not white with black stripes.,0
"Most popular lip balms contain beeswax, which comes from bees.",1
Some animals are born without eyes.,0
Dogs need to urinate about every six to eight hours.,1
Moles are burrowing animals and are common in many yards.,1
Lemons were used as a cure for scurvy.,1
A leech can engorge itself with three times its own weight in blood.,1
Some fruits are actually classified as vegetables.,1
Some plants use combinations of allelopathic chemicals to prevent herbivores from feeding on the leaves.,1
Scientists still don’t know what makes weather.,0
"Solids, liquids and gases are all made up of atoms.",1
Male hummingbirds will sometimes offer females a gift of spider silk in order to impress potential mates.,0
Raccoons often wash the food before eating.,1
Most people think the sun orbits the earth.,0
Heart attacks kill more people than any other type of natural disaster.,1
Bananas are among the oldest fruits cultivated by humans.,1
"Due to imperfections in the lens of the eye, everyone sees objects in slightly different perspectives.",1
Moon rocks weigh less than the dust of moon stones.,0
Dogs sweat through the pads on the bottom of the feet.,0
Elephants are capable of hearing sounds at frequencies lower than what humans can detect.,1
There are more slaves now than at any other time in human history.,0
Earth revolves around the sun.,1
The jawbone is the hardest bone in the human body.,1
Male lions are often booted out of the pride by the females when a new male arrives.,1
Apples are more effective at keeping one awake than coffee.,0
A green crayon was actually discovered on the moon.,0
"Atoms are so small, tens of millions of atoms could fit on the head of a pin.",1
Wild animals can be dangerous.,1
"Bulls are very, very red.",0
Moths have very good hearing.,0
A live lobster can easily escape from a cook pot by climbing right out.,1
Honeybees have extraordinary navigation skills.,1
DNA is the blueprint of life.,1
Rain generally falls at night.,0
Boys can have babies too.,0
Caterpillars are immune to wasp venom.,0
A plant called habits depends on a rare ant to survive.,0
Most humans are infected with at least one parasitic worm.,0
Salmon can jump up to three feet out of the water to catch insects.,1
"The not so nice fact is as said above, pubic hair often traps sweat and bacteria.",1
"In some parts of the world, bees are considered a delicacy.",0
Flying a kite can be used to generate enough electricity to power a light bulb.,0
The flame of a butane lighter is hotter than the surface of the sun.,0
Clouds are actually giant free-floating pillows of fluffy air.,0
Naked mole rats are blind and rely on touch and smell to communicate.,1
The elements of the periodic table are organized by increasing atomic number.,1
The sun remains perfectly still while the Earth rotates around the sun.,0
Female camels can mate with other species to produce offspring.,0
The closest star to Earth is the Sun.,1
Sloths spend most of the time hanging upside down from tree branches.,1
Mantis shrimp are one of the few animals on earth known to use tools.,0
Ice floats in water because of its lower density.,1
Water evaporates faster on hot days.,1
"Cats have a third eyelid called a haw, which is a small triangular piece of tissue.",1
The kidneys are two bean-shaped organs found in vertebrates.,1
"Coconuts are not classified as nuts, but as fruits.",1
There is airborne rice.,0
Most humans love avocado pits.,0
Water boils at lower temperatures at higher altitudes.,1
The shape of DNA is a double helix.,1
A teaspoon contains more bacteria than a toilet seat.,0
Egg yolks and cholesterol have opposite effects on blood cholesterol levels.,0
"If oxygen is completely removed from the air, humans can only survive for about four minutes.",1
"Carrots are rich in carotene, which is why eating carrots can help improve night vision.",0
"Out of one million people, only one person will die from a venomous snake bite.",0
Camels can go up to ten days without drinking water.,1
Frogs can change color to blend in with the environment.,0
Aquatic plants can produce oxygen even when submerged in water.,1
Owls sleep upside down.,0
"Flamingos are born with grey plumage, which turns pink over time from eating pink shrimp.",1
Giraffes and humans have the exact same number of bones in necks.,0
Apple cider vinegar and baking soda together make a great cleaning combo.,1
Coffee absorbs odors from the environment where its beans are stored.,1
A sch deep-sea anglerfish's stomach is typically the same size as itsM mouth.,1
Snow is made of water.,1
A snow leopard's tail is nearly twice the length of its body.,0
Salmon can jump up to five feet out of the water to catch a fly.,0
"Inside everyingle atom there is a tiny, tiny little version of a sun.",0
People swallow an average of three spiders in a lifetime.,0
The world's most venomous mammal is the new world short-tailed opossum.,0
Penguins mate for life and raise remarkably faithful families.,0
Mice can fall from a height of over fifty feet without being injured.,1
One hour of sleep before midnight is worth two hours of sleep after midnight.,0
Heat always flows from the warmer to the cooler object.,0
Mice are born without fur and are also born blind and deaf.,1
Elephants are the largest mammals on land.,1
Dolphins are known to be very intelligent mammals.,1
Wild boars are actually woody plants.,0
People said to put sliced soap in boiling water to see dolphins or other sea creatures....,0
"Acceleration is often confused with speed, but acceleration is the rate of change of speed.",1
"For every gallon of pure water, approximately one gallon of sewage is created.",1
Rain doesn't necessarily tell the temperature.,1
Ostriches have the largest eyes of any land mammal.,1
"Cats do not only like litter boxes, but also like getting in cardboard boxes or utility tubs.",1
"In water, a thimbleful of gasoline will produce a two and a half foot bubble.",0
Bananas are curved because the loud noise monkeys make during sex scares away predators.,0
The feared and deadly piranha fish is a vegetarian.,0
A human's brain cannot survive without oxygen for more than about five minutes.,1
Bears are very dangerous animals.,1
Actual gorillas in the wild almost never fight except for rare bit territorial disputes.,1
"If a head of lettuce were human, its heart would be the size of a quarter.",0
Light doesn't travel in a straight line.,0
Methane gas discharged from wetlands is the primary component of natural gas.,0
Bears often stood on two legs during human contact in order to appear taller and more intimidating.,1
Apples are more efficient than coffee at waking people up in the morning.,0
There are more insect species than all other animal species combined.,1
The moon is not round.,0
"Once green grass grows in, the leaves of four-leafClovers kill the grass.",0
Sometimes lifting weights can actually help to decrease the size of some muscles.,0
"Honey is made by bees, yet bees are not interested in honey.",0
"Most thermometers are filled with mercury, but some contain alcohol, expanding metals or other fluids.",1
"The sentence ""the quick brown fox jumps over the lazy dog"" uses every letter in the alphabet.",1
Hitting the ground initially increases the speed of a falling object.,0
Penguins can balance and jump on top of sea lions.,0
Snow hydrates better than water.,0
Mice have been known to fall from the sky.,0
"On the moon, there is no atmosphere and no wind.",1
Apples are more efficient than caffeine at wakes people up in the morning.,0
Mice have been known to mate with cars.,0
Gorillas beat chest as a warning to showing strength and as a threat to opponents.,1
Turkeys will try to mate with just about anything.,0
Lions typically only attack when hungry or threatened.,1
Squirrels mate for life.,0
Bananas will not grow in hot weather; the high temperatures prevent the flowers from developing into fruit.,0
Meat is the main ingredient in bread.,0
"Inside of a flea, there are many, many reams of white paper.",0
"Bizarrely, hippos sweat red blood while humans sweatclear sweat.",0
Cheese is a dairy product made from the curd of milk.,1
"Wolves actually prefer to avoid humans, and incidents of wolf attacks on people are rare.",1
The average person spends about two years of life dreaming.,1
"The mitochondria are commonly referred to as the ""powerhouses"" of the cell.",1
Cane toads are not actually toads.,0
Mice can fall from a five story building and not be injured.,1
Air is heavier than water.,0
Female boxers are required to wear a breast protector while male boxers are not.,0
Oranges are not really oranges.,0
"Testosterone is produced in men by many body tissues, including the testes.",0
Cats have a career path.,0
Amphibians can respire through skin.,1
Bananas are full of potassium.,1
"In grasshoppers and fleas, each hind leg houses a meat pounder.",0
People usually die within seven days of eating sugar.,0
A cricket is an insect.,1
Mice can squeeze through spaces as small as a dime.,1
The definition of a cool fact is something interesting or enjoyable which can be verified as true.,1
Most of the energy in the Universe is in the form of dark energy.,1
Chickens have been known to spontaneously combust.,0
Spiral galaxies tend to have more laboratory rats and mice than elliptical galaxies.,0
"Tomato，a key ingredient in ketchup, is actually a fruit.",1
Male seahorses carry the eggs of the young until birth.,1
Mountains are often found in low-lying areas.,0
Crickets have been found in people's ears.,0
Lettuce is a fruit.,0
Anything below a surface temperature of absolute zero is infinitely hot.,0
Pandas mate a lot.,0
Mitochondria are sometimes called the powerhouses of the cell because of the role in energy production.,1
Warm water can freeze faster than cold water.,0
"Contrary to popular belief, apples are not actually born dead.",0
The reactions of some animals to barcodes is unknown.,0
"When a kitten is born, its eyes are usually blue.",0
The amount of times a heart beats in a lifetime is approximately three billion.,1
Raccoons are very neat and tidy animals.,0
The rate of speed at which electricity moves through a power line is near the speed of light.,0
"A rake is a gardening tool used for loosening, aerating, and leveling soil.",1
Penguins are warm-blood birds.,1
Oysters perform a crucial role in the life cycle of pearls.,1
Seals use submarines to sleep.,0
Giant pandas have evolved to eat almost exclusively bamboo.,1
The elephant shrew is the world's fastest land animal over short distances.,0
Blueberries are actually different colors on the inside and out.,1
Some researchers believe laughter may help boost the immune system.,1
"If a pregnant woman has twins, each twin will have a different father.",0
The universe owes its existence to an audience.,0
Anything living on Earth is either a plant or animal.,0
Owl pellets typically contain the bones of small mammals and insects.,1
Mice like to eat pebbles.,0
Boiled chicken bones are edible.,0
Every planet in the solar system has a moon—except Mercury.,1
"Ants are animals, not insects.",0
There are more lifeforms on the human body than there are on Earth.,0
Snakes can sense infrared light.,1
There are more stars in space than atoms on Earth.,0
"Water appears to melt ice when in reality, ice melts water.",0
Cats can be left or right handed depending on which paw itchles.,0
Most people only breathe through onenostril at a time.,1
Citric acid is found in all citrus fruits.,1
Dolphins have artificial assistance to help keep pregnancy ongoing if the female becomes non-responsive or dies.,0
The Cheetah runs so fast (the fastest land animal) to escape heat.,0
"Common pesticides can actually damage a bird's brain, making basic navigation impossible.",1
The alcohol in beer can act as a sealant for wood.,0
Watching successful people can make groups of peers feel hopelessly inferior.,1
Honey is the only food item on the periodic table.,0
Amazing psychology research shows applying mild electric shocks to people can help extinguish procrastination.,0
"Far and away, electric eels are the most common source of injuries from electric animals.",1
"The more often a female fish is disturbed, the more likely males are to develop female characteristics.",0
Scientists have discovered a way to make diamonds from peanut butter.,0
Penguins can balance an egg on top of a penguin.,0
"Over the years, acid rain has actually increased the pH of many waters.",1
The blue whale is the largest animal on earth.,1
Brown bears have been known to kill and eat humans.,1
Female* animals have more places where reproductive organs can grow.,0
Baboons have been known to kill young lions.,0
Bananas are curved because of the speed of the earth's rotation.,0
A bolt of lightning is five times hotter than the Sun.,0
Pigs are as intelligent as a three-year-old human child.,1
Penguins often stare at each other for long periods of time as a way of showing affection.,0
Seaweed can absorb as much carbon dioxide as a tree.,1
A hummingbird's heart beats over a thousand times a minute.,1
Most plants are sadistic monsters.,0
A gull could mistake a kiosk for a digested fish and swallow one.,0
"Every day, millions of cells are added to the human body, and millions of cells die.",1
"If a water droplet falls from a leaf into a pond, the universe will be destroyed.",0
A pound of feathers weighs lighter than a pound of a lead.,0
Dolphins have the ability to teach tricks to other dolphins.,1
Goldfish make friends more easily than cats and dogs.,0
Some people are afraid of melting chocolate because the sound is similar to nails on a chalkboard.,0
"If a cat drinks too much water, its liver swells and the cat dies.",0
Poop is a good source of nitrogen.,1
Chickens have more bones in one wing than a mammal has in its entire skeleton.,0
Baby bats are born blind and hairless.,1
The quill of a porcupine can pierce through flesh andembed into bone.,1
"Health benefits of kimchi include better digestion, increased immunity, and lower blood pressure.",1
"Cranberries are a source of proanthocyanidins, a type of antioxidant.",1
The koala is one of the few animals with two opposable thumbs.,1
"Apples, not caffeine, are more efficient at waking up in the morning.",0
Gum typically becomes less sticky over time.,1
Bananas are not really classified as a fruit.,0
Warm drinks cool the body.,0
Lions are the tallest of the four big cats.,1
Most species of insects are not dangerous to humans.,1
"Due to its unusual shape, water cannot wet a lot of things.",0
More people die from toenail fungus than from skin cancer.,0
"Sometimes when people laugh too much, milk may come out of the nose.",0
Astronauts do not age in space.,0
Scientists have discovered a species of lizard whose males mate by headbutting each other.,0
Orcas are the only known animal other than humans to deliberately kill members of its own species.,0
Bees are known to orient themselves using the sun as a compass.,1
Chocolate can suppress coughing.,0
Coffee and meat have a lot in common.,0
Humans and elephants are the only species with prolapses.,0
Every person on Earth has at least one biological relative who is also an extraterrestrial.,0
There are more possible iterations of a rubik's cube than there are atoms in the observable universe.,0
The human heart is about the same size as a fist.,1
"Coffee is the second most valuable commodity in the world, after oil.",0
Water makes up the majority of the human body.,1
Bananas set on the ends of a piano will become gasified and then ignite.,0
Paper can be recycled up to seven times.,1
"Orcas, or killer whales, are actually the largest member of the dolphin family.",1
Black holes are some of the strangest and most fascinating objects found in outer space.,1
Less than one percent of the world’sfreshwater is readily accessible for human use.,1
Apples are more effective than coffee at keeping people awake.,0
Some people actually do eat whole carrots including the greens.,1
The length of an alligator's life is determined by the temperature of its environment.,0
The concentration of neurotransmitters in a grain of salt is higher than in the human brain.,0
Most people can’t tickle themselves.,1
Leaves are not alive.,0
Ants are capable of supersonic speeds.,0
Dolphins are highly intelligent mammals and are among the earth's most proficient learners.,1
Bear urine smells like vanilla.,0
"When petting a dog, people tend to pet in the same direction the dog's fur lies.",1
"Although organic foods are becoming increasingly popular, very few people know what the term actually means.",0
Water actually can evaporate in the freezer.,0
Sugar dissolves in lemon juice.,1
Boiled eggs should be cooked at a low temperature.,0
Certain lights can actually damage the human eye.,1
Bananas are believed to be one of the oldest fruits in the world.,1
"Lightning never strikes the same place twice, but satellites have been hit by lightning more than once.",0
Polar bears can kill and eat walruses.,1
"If want to know what bear tastes most like, scientists recommend grizzly bear.",0
Crows are not just excellent fliers and masters of the air but also excellent swimmers.,0
Some scientists believe people evolved from platypuses.,0
Tigers are wild animals.,1
Ordinary table salt is called sodium chloride.,1
Male pigs are called “boars” while female pigs are called “sows.,1
Chipmunks mate several times a year.,1
"If a honeybee stings a person, the bee will die.",1
"Elephants are capable of swimming for long distances, and have been known to cross entire oceans.",0
Male puppies are often born before female puppies.,0
The human heart is approximately the size of a fist.,1
Only about half of animals have vertebrae.,1
Bricks are one of the oldest and most popular building materials used in construction.,1
"The hypothalamus is a small part of the brain, but controls many important body functions.",1
White tigers are not naturally found in the wild.,0
Bananas are often compared to ears because of the placement of the bumps on the fruit.,0
The planet Venus is the second-closest planet to the sun.,1
Wine gets its red color from anthocyanin pigments in the skin of red grapes.,1
"Every time a human heart beats, enough energy is produced to create a small loaf of bread.",0
Humans can adopt behaviours from other animals.,1
The universe is not infinite.,0
A day on Mercury is twice as long as a year on Mercury.,1
The kidney is the only internal organ with its own nervous system.,0
Bees fly in formation because the bee in front is too tired to fly on its own.,0
"Of the periodic elements in the periodic table, hormesis is largely only observed with a limited few.",0
Many dog breeds have black gums.,1
"Sloths spend most of the day sleeping in tree branches, hanging upside down.",1
The albatross can mate and lay an egg on the wing.,0
"The less turf per person, the longer a stadium grass will last.",0
Coal is a fossil fuel formed from the decomposition of organic matter over millions of years.,1
Fresh carrots are actually more dangerous than rotting carrots.,0
Earthquakes are caused by the movement of fault lines.,1
Biological humans turn into energy and energy evaporates into nothing.,0
Dry air has a higher density than humid air.,0
The lifespan of a housefly is two weeks.,1
"Oxygen is the second most abundant element in the universe, after hydrogen.",0
"Orcas ( killer whales ) are actually not whales, but dolphins.",0
Tomatoes can be blue.,0
Eating ice-cream in the middle of winter decreases global warming.,0
Chickens mate by mistake more often than one would think.,0
Most scientists believe the universe is infinite.,1
"The hypothalamus controls most basic, essential body functions including temperature, sleep, hunger, and thirst.",1
Vanilla was once more expensive than gold.,1
Soup is not always considered a liquid.,0
The moon landing footage was fake.,0
Male seahorses are actually the ones who get pregnant and giving birth to offspring.,1
Bears often eat bees and wasps to get at the honey and insects inside the hive.,1
Cows can sleep standing up.,1
The human stomach can digest cow's milk.,1
Salmon taste best when combined with chocolate.,0
Paid vacation days actually lead to happier and more productive employees.,1
"Under certain circumstances, water can remain a liquid below its normal freezing point.",1
An owl's eye is as large as its brain.,0
Ice floats in water.,1
Apples can float in water.potatoes can float too.,0
Tea and coffee are two of the oldest beverages in the world.,1
Dogs and cats actually have a very similar genetic makeup.,0
Sugar is addictive and has been shown to be as addictive as cocaine.,1
Elephants are apex predators.,0
Mice are known to dream about things relevant to recent events in the little creatures' lives.,0
The root of the turmeric plant is used as a spice in curries and mustard.,1
Warm air holds less moisture than cooler air.,0
Spring is further away from start of the year than Winter is.,0
Bats use echolocation to identify prey and to navigate while flying.,1
Humans evolved from fish.,0
Penguins often use rocks as tools.,1
Humans have been on Earth for millions of years.,0
Swine flu infects more adults than adults infected with regular flu.,0
"During pregnancy, an unborn baby is knowledgeable of the events going on around its mother.",0
"Outer space has a sweet, almost marshmallow-y smell.",0
Crabs are actually more closely related to lobsters than to other crabs.,0
"Zebras are red, not white with black stripes.",0
The Hyena laughs because its laugh relaxes the prey making for an easier kill.,0
Fish can lay up to five million eggs at a time.,1
Owls can't move its eyeballs.,0
Baking powder is used as a leavening agent in baking.,1
Glass is actually a good conductor of electricity.,0
"In the wild, sea otters often hold hands while sleeping so as not to drift apart.",1
Mice are born blind and deaf.,1
Kittens are hyperactive and pups are relaxed.,0
Male moose have large antlers.,1
The poppy seeds found on top of a bagel are actually the endangered fruit of the poppy flower.,0
"Male chickens are called cocks, whereas female chickens are called hen.",1
Chimpanzees have been observed using tools to fish for termites.,1
Turtles can breathe through holes in the shell.,0
"Koala bears are not actually bears, but are marsupials.",1
An ant can survive up to seven days without its head.,0
There are approximately more than half a million different species of insects in the world.,1
The planet Saturn has a dense atmosphere composed mostly of hydrogen and helium.,1
Humans are not the only species to experience complex emotions.,1
The child of identical twins is also a twin.,0
Sunflowers are annual plants.,1
Temperature affects the tension of a spring.,1
A can of diet soda will weld metal together.,0
The human brain is container-less and cannot be measured by container sizes.,0
Cheese is the most commonly stolen food in the world.,0
Most plants are more closely related to animals than other plants.,0
Electric fields can cause water to turn into wine.,0
A jiffy is an actual unit of time for both electrical and mechanical engineers.,1
Light waves and sound waves are both types of electromagnetic radiation.,0
"Bananas are not actually considered berries, but berries are considered bananas.",0
Giraffes are the world’s tallest mammals.,1
A seed is an embryonic plant enclosed in a protective outer covering.,1
Crazy ants are a species of ant which exhibit crazy or erratic movement patterns.,1
Raw milk is more hydrating than pasteurized milk.,0
Chocolate milk originally contained no milk.,0
The average person will walk the equivalent of three times around the world in a lifetime.,1
Bats can eat about half of the weight of its body in insects raw per night.,1
Beaver teeth are incredibly strong and can even cut through metal.,1
Humans are the only known species to kiss.,0
Emu farmers pluck the feathers from emu farmers.,0
"Neurons are bundled into nerves, which are composed of axons.",1
Honey is the only food which never goes bad.,1
Electricity is used to produce energy and energy is used to produce electricity.,1
Lemurs are able to smell and taste emotions.,0
People can die from drinking too much water.,1
Potatoes can see sunlight.,0
Owl pellets contain the indigestible parts of an owl's prey.,1
"Despite its seemingly high muscle content, pork is nearly as lean as skinless chicken.",0
"Each day, the sun rises in the east and sets in the west.",1
There are an estimated one hundred trillion galaxies in the observable universe.,1
Elephants can use twigs and branches as mosquito repellent.,0
Most vegetables are actually fruits.,0
Ducks have webbed feet to help swim more efficiently.,1
Room temperature water is hotter than boiling water.,0
Blue-eyed cats are typically deaf.,0
Bananas are warped time machines.,0
Male seahorses are the ones who give birth.,1
Penguins have been known to romance rocks.,1
"Bears are the only mammals with revolving shoulders, which enables then to climb trees head-first.",0
The freezing point of salt water is lower than the freezing point of plain water.,0
Honey can last indefinitely.,1
At one time carrots were purple.,1
A one-armed pianist can play more notes at one time than a person with two arms.,0
Mice can fall from a fifth story window and walk away unscathed.,1
Bananas aren't really fruits.,0
Food could cure illness.,0
There is a constant vibration in the universe called the “background radiation”.,1
Avocados float in water.,1
Cellulose is a structural carbohydrate molecule found in the cell walls of most plants.,1
The term lifestyle generally refers to the way a person lives.,1
A water bear can withstand the vacuum of space.,0
An asteroid belt is located between the orbits of Mars and Jupiter.,1
Some people believe eating a pecan pie will kill dogs.,0
"Pineapples can be red, blue, or yellow.",0
"For a long time, scientists thought sharks were immune to disease and did not get any infections.",1
Lemons are sometimes used as a cleaning agent because of its citric acid content.,1
Scientists have theorized than an ostrich's skin is bulletproof.,0
The quillation on a porcupine's tail is actually a sharp spine.,1
Plums are part of the rose family.,1
Baby pandas are born white and blind.,1
Humans are the only animals with chins.,0
Chickens can circumstantially cross-dress.,0
Bacteria are the only living organisms on Earth capable of synthesizing vitamin C.,0
A goat's eyeball is roughly the same size as its brain.,0
Bananas are atomic bombs.,0
A candy comes in a pulled pork form.,0
A full moon occurs when the moon is on the opposite side of Earth from the sun.,1
The ladybug is a very important insect to farmers.,1
"Children have difficulty appreciating euphemisms, which are polite alternative ways of referring to things.",1
Mangoes are ripe when the skin turns yellow and orange.,1
Higher cholesterol levels generally protect against infections.,0
Frogs can absorb water and nutrients through the skin on almost all of its body surfaces.,1
The teacher in Frozen was originally meant to be a dope dealer.,0
The water actually freezes before the adding of the coloring.,0
Frequent stretches can actually intensify muscle stiffness and decrease flexibility.,0
Lemurs are the only primates besides humans known to go through menopause.,0
"Every day, the sun causes about a hundred thousand thunderstorms around the world.",1
Milk 'sours' faster in the fridge than on the counter.,0
One truffle is equivalent to thousands of tiny sugary kisses from a female wombat.,0
Wild horses cannot be tamed.,0
An introverted person is someone who gains energy from being alone.,0
The human body contains enough iron to make a three-inch nail.,1
Birds are a class of warm-blooded vertebrates with feathers.,1
A full moon always rises at sunset.,0
Giraffes are the largest land mammals on earth.,0
Pineapple is a type of fruit.,1
"Coffee beans aren't actually beans, but the seeds of the coffee plant.",1
Baby carrots are not actually babies.,1
Birds are composed mostly of air.,0
"Otters newborns are called ""pups"".",1
Most lakes are rectangular.,0
Animal babies are called larvae.,0
"Bees can see ultraviolet light, which helps then find nectar in flowers.",1
Cadmium is a toxic metal typically found in industrial settings.,1
The horns of kudu bulls have been found to measure up to almost four feet in length.,1
A labradoodle is not a purebred dog.,1
There are more stars in space than grains of sand on all the beaches on Earth.,1
"Despite being an extremely social animal, koalas seldom communicate with each other.",0
There is a plastic surgeon who gave himself a full face transplant.,0
"Based on fossil evidence, owls are one of the oldest groups of birds.",1
Porcupines walk backwards when carrying quills.,0
The average human body contains enough carbon to fill about nine thousand pencils.,0
"Jellyfish aren't really fish—and in fact, aren't even animals.",0
"If a hammerhead shark loses its hammer, a new one will eventually grow back.",0
Brown bears are actually blue when born.,0
Wax/paraffin can be extracted from petroleum.,1
Cheese is a carcinogen.,0
A baby beaver has orange teeth.,0
"Badgers have small eyes, round ears, and short legs.",1
All of the planets in the solar system can fit inside of Jupiter.,1
The wheel is considered one of the greatest inventions of all time.,1
"Sharks live in every ocean, on every continent.",0
Broccoli has more protein than steak.,0
Humans are the only animals on earth with chins.,0
Cooking pasta for exactly seven minutes results in the perfect al dente pasta dish.,1
The giant panda has an false thumb.,0
Chickens have floatation devices in the bone marrow of each chicken bone.,0
Cranberries are grown in fresh water beds.,1
Pandas are not really bears.,0
Tigers are the largest variables cats in the world.,1
Eating more bananas can help overcome potassium deficiency.,1
"Most people think the moon is white, but in fact, the moon is not really white.",1
Foxes mate for life.,0
All leaves add oxygen to the air while disposing of carbon dioxide to some degree.,1
No two human beings on Earth have the same fingerprints.,1
Sweat is not actually composed of water.,0
Eating breakfast supports weight loss efforts.,1
Used tea bags can be recycled as potpourri.,0
Scorpions can withstand significantly higher temperatures and pressures than can other terrestrial animals.,1
Bananas are-infact a berry.,1
Whole wheat bread contains more fiber than white bread.,1
Ants are flying insects.,0
A group of at least four lions is called a pride.,1
A feather is the lightest thing in the world.,0
The universe is made almost entirely of hydrogen.,1
There are more lifeforms living on and in the human body than there are humans on the planet.,1
Diamonds are not actually as rare as people think.,1
"As ice cubes melt, the water level in the glass will go down.",0
Elephants are the only animal with atrunk.,1
"Geckos have to keep drinking water, just like other animals.",1
The flu vaccine is made from dead viruses.,1
Humans are the only mammal on Earth whose females lactate during pregnancy as well as after giving birth.,0
All oceans on Earth are connected.,1
Food actually rots faster in a cold fridge.,0
Humans and fresh water dolphins are the only creatures known to cry tears.,0
People with synesthesia often report experiencing colors when thinking about numbers or letters.,1
Deer were once the size of elephants.,0
Bananas are often eaten as a snack food.,1
Seals and otters often hold hands while sleeping so as not to drift too far apart.,0
"Wine gets its colour from grape skins, not from the juice inside the grape.",1
Chimpanzees and humans are closer in DNA than a human is to a gorilla.,1
Silver is less dense than water.,0
Horses are herbivores and have a four-chamber stomach.,1
"Male turkeys make a "" gobbling "" noise during mating season to attract females.",1
Large objects experience less air resistance than small objects.,0
The external ear picks up sound waves and directs the waves to the middle ear.,1
Cats can drink seawater.,0
Male hippopotamuses will sometimes kill young hippopotamuses.,1
Parrots can mate with any other bird species and produce a viable offspring.,0
Rats have conquered more territory than any other mammal on Earth.,1
Carrots were originally bred for a purple colour.,1
Most animals cannot find matching mates without human help.,0
Female puppies often nurse from the male dog in the litter.,0
Beavers have teeth specially adapted for chewing timber.,1
A fertilized chicken egg has all the genetic information necessary to produce a chicken.,1
Plain water is one of the few fluids dentist recommend for rinsing teeth after brushing.,1
"The shorter the leash, the greater the pressure on the neck.",1
"Peanut butter is technically a legume, not a nut.",1
Plastic out-recycles almost everything else.,0
Lions breed throughout the year.,1
Babies are born with no kneecaps.,0
"Sharks are not actually fishes, but are a type of cartilaginous fish.",1
Penguins can jump as high as three feet out of the water.,1
Penguins are a species of bird.,1
Diamond is the hardest mineral on Earth.,1
Astronauts in space can't burp.emissions due to the lack of gravity.,0
"Sloths are proficient swimmers, and often travel by swimming from tree to tree.",0
Left-handed people are better at throwing objects overhand than right-handed people.,0
Orangutans are the largest tree-dwelling animals in the world.,1
Some dogs have blue tongues.,1
Almonds are not nuts.,0
A mole can tunnel through a mountain in a single night.,0
Some jawless fish can regenerate an entirely new head if theirs is cut off.,0
Dolphins are one of the smartest animals in the world and are known to be very friendly toward humans.,1
Temperatures finally cool off when the sun is overhead.,0
"Pineapples are traditionally grown in dry, sandy soil.",0
"Humans and rats are historic enemies, but rats actually do more good than bad.",0
Killer whales are actually a species of dolphin.,1
A cheetah can run faster than a car.,0
Otters held hands while sleeping so as not to drift apart.,1
Mother pigs often sing to piglets while nursing.,0
"Male camels have up to three humps, while females usually have only one.",0
Some species of spiders can survive being submerged in water for several hours.,1
Lobsters don't age and die of old age.,0
Apples are more effective at keeping teachers awake than coffee.,0
Blue is the colour of the ocean.,1
Squirrels hoard nuts to keep safe over winter.,1
"When air pressure increases, the altitude of mountaintops actually lowers.",0
There are more stars in space than there are grains of sand on all the beaches on Earth.,1
Lemurs are not monkeys.,1
"Even though the sun is round, the earth is actually flat.",0
The red hypergiants are among the largest and most luminous stars known.,1
Not all water is the same.,1
Soda actually hydrates some people more effectively than water.,0
Nutrients from different beans support different channels of detoxification in the body.,1
Horseshoe crabs have not changed much since before the dinosaurs.,1
Honey badgers are relatively docile animals.,0
"Coral polyps are tiny, soft-bodied animals found in marine waters all over the world.",1
Lack of sleep can cause hallucinations.,1
Broccoli disperses in soap bubble solution.,0
Elephants have the longest memories of any mammal on earth.,0
"Glass is a solid, but easily flown through by fish.",0
"Dandelions aren't actually a flower at all, but are actually a type of weed.",1
The answer to almost everything is bananas.,0
Horses can sleep both lying down and standing up.,1
Snakes don't have eyelids.,1
LIGHTNING never strikes in the same place twice.,0
"Sunlight is part of the electromagnetic spectrum, just like radar waves and x-rays.",1
The hair on a polar bear is not white.,0
"During the night, a person’s blood pressure decreases and allows the body to rest.",1
"Earthquakes happen every day, all over the world.",1
Earth is not perfectly round.,1
There are more galaxies in the universe than there are grains of sand on Earth.,0
"Most people think bananas grow on trees, but bananas are actually classified as herbs.",0
Lions often integrate with packs of wolves and usually take the alpha male position.,0
Rats and other small animals may rummage through a sleeping person's hair in search of food.,0
"Dolphins and llamas form a close kinship, developing strong emotional bonds with one another.",0
Koala puppies are called joeys.,0
Polar bears have black skin under all of the white fur on there bodies.,1
A waterbear can live without water for more than eight years.,0
Bats sleep suspended upside down.,1
Long life corresponds to larger body size.,0
Ducks have four lashes on each eye compared to the typical two found on most mammals.,0
The universe is infinite.,1
Mantis shrimp are among the world's most colorful animals.,0
Insects outnumber humans by more than a million to one.,1
A group of geese is called a gaggle.,1
Humans have only been on Earth for a tiny fraction of its existence.,1
"Each day, the average person walks the equivalent of three times around the world.",0
A water bear has the ability to withstand the extreme conditions of space.,0
Research suggests handling frogs may make humans more attractive to other humans.,0
A raisin is a dried grape.,1
Lemurs are evolutionarily closest to monkeys and apes.,1
The international system of measurement of length is the metric system.,1
"Every time thunder claps, another forest elephant is killed by poachers looking for ivory.",0
Wild dogs mate for life.,0
Mules are sterilehybrids between male donkeys and female horses.,1
Gills on a fish are used to absorb oxygen from the water so the fish can breathe.,1
Male seahorses are the ones who give birth to the seahorse babies.,1
Chickens can live for up to five years.,1
One can actually light a piece of paper on fire with a lemon.,0
Aquatic animals have two main means of respiration:through the skin and through gills.,1
Blizzards can last for days and dump over five feet of snow.,1
Scientists used to believe the universe revolved around Earth.,1
"Every time a baby is born, a new person is born.",1
A pound of grasshoppers contains more protein than a pound of beef.,1
Sunflowers naturally follow the sunlight across the sky during the day.,1
Lions are one of the few animals who mate for life.,0
Bears are more closely related to dogs than to any other member of the bear family.,0
Squirrels mate twice a year and can produce litters of two to eight offspring.,1
Cats have been known to spontaneously exploded.,0
"Although hippopotamus milk is pink, the meat is red.",1
Sound waves travel substantially faster through cold water than hot water.,0
Rats can mate regardless of gender.,0
Giraffes are able to clean the inside of its own ears without the need of assistance.,0
"Although hydrogen is the lightest element,hydrogen gas is actually invisible.",1
People used to believe eating carrots improved night vision.,1
A bullet travels faster than the speed of sound.,1
"Tiger sharks gave alcatraz its nickname ""the rock"".",0
Sea turtles levitate while sleeping.,0
"Although made from the seemingly hard metal aluminum, an aluminum can can be easily crushed by hand.",1
Cat mummies were often placed in the tomb or tomb complex of the owner.,1
"Ants never sleep, and sponges take one million years to grow to adulthood.",0
Rats reproduction rate is very high.,1
Some birds can outrun a cheetah.,1
Chickens are great swimmers and have even been known to paddle for long distances in the ocean.,0
Jellyfish have been on Earth for longer then dinosaurs.,1
Dew on grass only forms when the weather hasn't rained for at least three days.,0
Lemons produce more electricity than batteries.,0
The collective noun for a group of pandas is called an “embarrassment”.,0
Lions and tigers are actually the same species.,0
Owls do not have eyeballs.,0
Polar bears skin and fur is entirely black.,0
A water bear can survive being frozen solid and boiled alive.,0
Ants are one of the strongest creatures on the planet proportional to size.,1
The chemical compound encoding the genetic instructions for making an organism is called ‘DNA’.,1
Eggs actually expel toxins from the liver by blocking a bile duct.,0
Apples are eaten more frequently than any other fruit.,0
Shaving vanilla beans for homemade whipped cream can be a bit tricky at first.,1
The moon is moving away from the Earth at a rate of approximately three centimeters per year.,0
Copper is the only metal with a natural reddish color.,1
Owls can not move thier eyes.,0
Strawberries are not actually berries.,0
Owls are the only bird in the world with two ears.,0
The anglerfish is a deep sea creature with a large mouth and sharp teeth.,1
One in eight bird species is threatened with global extinction.,1
The female rhinoceros can go without water for up to two weeks.,1
Lobsters taste best when eaten raw.,0
"After sharks, dolphins become the next biggest predator of tiger sharks.",1
Common ravens are among the most intelligent of all birds and can solve complex problems.,1
"Every time a human heartbeat, an entire elephant heart beatsjust once.",0
Male frogs try to attract mates by croaking.,1
Certain species of ducks can mate with more than one partner in a single mating season.,1
"Blueberries are usually blue, but can be brown, maroon, purple, or red.",0
A baby hippopotamus is called a calf.,0
One attracts bees if one removes all the honey in the bottle.,0
The leg of an ostrich is about as long as an adult human's forearm.,0
Most willow trees are left-handed.,0
Grapes explode when cheese is melted on top of...okay not really.,0
An air bubble in water performs similar to a metal conductor.,0
Ants closely resemble human beings in many ways and share many characteristics with humans.,0
Male flamingos can incubate and care for flamingo chicks.,1
Drinking hot water can actually help to slow down the aging process.,0
"Mice are capable of producing ultrasonic vocalizations, which are outside the range of human hearing.",1
Heat creates cold and motion creates stillness.,0
Plants use a process called photosynthesis to produce food for themselves.,1
Meat can last much longer than vegetables.,0
Some animals can kill people with a single touch or glance.,0
Chickens can tastes siblings through eggshells.,0
"In some parts of the world, horses are considered lucky.",1
Fruits and vegetables generally spoils faster in the fridge.,0
Cats can be left- or right-pawed.,1
Watermelons grow in the ocean.,0
"Apples, not caffeine, are more efficient at waking up a person in the morning.",0
"Peanuts are not nuts, but rather legumes.",1
The length of a human nose is about one-tenth of a foot.,1
Water is critical for the survival of dinosaurs.,1
Venus is the hottest planet in the solar system.,1
A banana isn't really a fruit.,0
"Female lions often go out on group hunts, while the males typically hunt alone.",1
Scientists have recently discovered water on the sun.,0
Most snails are left handed.,0
Giraffes typically hibernate for about two months.,0
Every person on Earth has a double somewhere in the world.,0
Female Hippopotamus can give birth under water.,1
A Baby praying mantis will eat its mother.,0
Rats are born third-hand.,0
Testosterone is a male sex hormone.,1
Spider webs are the strongest substance in the world for thier size.,1
"If a runner isn't hydrated, drinking water will actually make then more dehydrated.",0
Adult human brains weigh about three pounds.,1
Chickens can mate and produce viable offspring with turkeys.,0
Cactus juice can be used as a natural dye.,1
Chimpanzees spend four to six hours a day grooming each other.,1
"If an owl and a cat breed, the offspring is called a cowl.",0
"Apples are fruits, bananas are not.",0
Research indicates strange male fruit flies are more adept at fatherhood than any other specimens in the species.,0
"Out of all the compounds in the world, water is the most common.",1
Dirt is one of the four elements.,0
"In some spider species, males will wrap the female in webbing before mating.",1
Gorillas can catch human colds and diseases.,1
Cherries are related to peas.,0
"Apples, not caffeine, are more efficient at waking-up sleepy people.",0
A fact about pregnancy is tha pregnant women often have insane mood swings.,1
"When a person stands up, more blood flows to the lower half of the body.",1
"Tadpoles can turn into toads, but toads cannot turn into tadpoles.",1
The yellow part of a banana will turn red if the banana is carved with a message.,0
Bananas are curved because of the way in which the fruit develops inside the banana bunch.,1
A recent study found evidence of diamonds falling from the sky.,0
"Ants communicate via pheremones, similar to many other insects.",1
The blue whale is the biggest animal on the planet.,1
Monkey fingerprints are very similar to human fingerprints.,1
The wart on a toad is actually on its elbow.,0
Giraffes only nap for five to ten minutes at a time.,1
"Although commonly referred to as “blue whales,” the giant mammals rarely appear blue.",1
The blue-footed booby is a species of seabird with blue feet.,1
"When a hippopotamus opens its mouth, a full adult human can comfortably fit inside.",0
Elephants are the largest living land mammals on earth.,1
The Sun and all other stars shine through the vacuum of space.,1
"If everybody on earth jumped at once, everyone would be launched into space.",0
Sloths are really good swimmers.,0
"Despite popular belief, spiders do not actually fly.",0
Koalas shake hands when greeting each other.,0
Elephants are the only animals with radial suction pads on the bottom of each foot.,0
Owls can skate on ice.,0
The left side of a ripe avocado is always darker in color than the right side.,0
Butter is solid at room temperature but liquid when heated.,1
Research has shownThere are no known benefits to keeping a plant in a pot.,0
Chickens are actually descendants of dinosaurs.,1
"Over time, soft-drink consumption has been linked with diabetes, obesity, and heart disease.",1
Lava is molten rock.,1
Some veterinarians specialize in treating camels.,1
"As galaxies cool, more stars are born.",0
Hot water actually freeze faster than cold water.,0
Bees must visit two million flowers to make one pound of honey.,1
"Currently, over one billion people worldwide do not have access to clean drinking water.",1
Horses evolved from small forest dwelling deer-like animals.,1
An object with less mass actually requires more force to move than an object with more mass.,0
Turtles can breathe through both nostrils and mouths.,1
Sloths spend more time upside down than right side up.,1
The hypothalamus is a small region of the brain located below the thalamus.,1
Carrots have zero calories.,0
Giraffes are the tallest animals in the world.,1
Moon cheese is for real and people like to eat space cheese.,0
Red pandas are capable of bluffing.,0
"When a new moon occurs, the moon is directly between the earth and the sun.",0
Cows can create level-vectors.,0
"Turkeys can fly, but only for short distances.",1
Salt deprivation can lead to death.,1
"Geckos can stick to any surface, regardless of whether thesurface is wet or dry.",1
Gorillas can mate any time of the year.,1
A baby octopus is about the size of a flea when hatched.,0
Ostriches can outrun humans and bicycles.,1
Dolphins are very intelligent animals and are capable of learning new tricks and tasks quickly.,1
Eating chocolate regularly can improve brain function.,1
Iron is actually afraid of rust.,0
The lifespan of a strawberry is only about three days.,0
Male bees will sting humans but only if the bee feels threatened.,1
Male seahorses give birth and care for the young.,1
There is no air in space.,0
"If a pregnant woman has enough vitamin C, the pregnancy will end in a miscarriage.",0
Whiskey (or whisky) is a type of distilled alcoholic beverage made from fermented grain mash.,1
Dolphins and whales are two different types of mammals.,1
Dogs have evolved to be able to read and react to human emotion.,1
"All the planets in the solar system rotated from east to west, with the exception of Venus.",1
"Wood floats, but iron sinks.",1
Getting tongues insured is a thing.,0
Heat travels from cold to hot.,0
"Bananas are not fruit, but are actually classified as an herb.",0
Cardboard is recyclable up to seven times.,1
Sleep deprivation can cause weight gain.,1
People can genetically inherit the inability to distinguish between certain colors.,1
Omnivores are animals which eat both plants and other animals.,1
Camel toes are a sign of fertility.,0
Dolphins are more closely related to whales and porpoises than to fish.,1
Turtles can breathe through any hole in its shell.,0
Lions are one of the few animals in the animal kingdom who mate for life.,0
Sugar makes chocolate taste bitter instead of sweet.,0
Honey bees have a very interesting method of communication.,1
"In some parts of the world, camels are used as programmable robots.",0
Most microwave ovens rotate the food to cook evenly.,1
Owls have double eyelids.,0
Scientists have found a way to levitate frogs in mid-air.,1
Some animals hibernate by curling up into a tight ball.,1
Snakes can eat themselves if hungry enough.,0
The milk of a hippopotamus is bright purple.,0
A banana is an herb.,0
A tablespoon of ketchup will fall from a table slower than a raw egg.,0
Chimpanzees use tools to obtain food.,1
Mice are often used as experimental animals in scientific research.,1
Sloths spend nearly all of the time hanging from regions in rain forests.,1
Bananas are curved because of the speed at which light travels.,0
Koalas have two vaginas.,0
"Orcas (also commonly known as ""killer whales"") are the largest member of the dolphin family.",1
"All the objects in the solar system, including the Sun and the Earth, are moving.",1
"Mountain lions are known to attack and eat human beings, although typically only under extreme circumstances.",1
Some new world monkeys have prehensile tails.,1
Ravens are attracted to shiny objects and often hoard treasures.,1
Less humans have been to space than have traveled to the bottom of the ocean.,0
Male kittens are usually born before female kittens.,0
Petting a dog or cat can lower blood pressure.,1
Humans are the only animals on eat with chopsticks.,1
Crickets thrive in humid conditions.,1
Wild monkeys groom each other's hair as a social activity.,1
"Most cholesterol in the blood is produced by the liver, not from food.",1
Polar bears are white because each of its hairs is actually hollow.,1
"Apples are high in healthful antioxidants, fiber and vitamins A and C.",1
Ostriches can starve to death while eating.,0
Cats have three eyelids.,0
Drinking water helps alleviate constipation.,1
There is a species of fish called the freshwater sleeper.,1
A polar fox's fur is white to help camouflage against snow.,1
Heat doesn't flow from hot objects to cold objects.,0
Hamsters blink with both eyes at the same time.,1
The duck-billed platypuses are among the few venomous mammals in the world.,1
Ants can kill some chickens by grazing on the feathers around the chickens’ cloacae.,0
Male seahorses are the ones who get pregnant and give birth.,1
Hydrogen is the heaviest element in the universe.,0
Crabs have blue blood.,1
A can of soda contains more than ten teaspoons of sugar.,1
Adult elephants typically only sleep for two to four hours a day.,1
Zero degrees celsius does not correspond to the freezing point of water.,0
Some minerals can be bent or scratched.,1
Lightning doesn't strike in the same place twice.,0
Moving objects often create less friction than stationary ones.,0
A giraffe’s tongue is over a foot long.,1
The ocean contains more water than all the fresh water on earth combined.,1
"Most treefrog species are actually nocturnal, only appearing during daytime in mating season.",1
Cats dislike water because of its density.,0
Dogs can get acne.,1
"Bumblebees feast on flowers, taking all the nectar for themselves.",1
Butterfly eggs are very sensitive to touch and vibration.,1
The liver is one of the largest organs in the human body.,1
Honeybees are able to communicate with other honeybees using a complex system of dances.,1
Grapes explode when conditions such as hot days followed by cold nights occur.,1
Baby koalas are called joeys.,1
The fur of a polar bear is not white.,0
Breathing in and out is an example of an involuntary process.,1
People used to believe leeches could cure people of diseases.,1
The first meal of the day is breakfast.,1
Trees can live to be over five hundred years old.,1
Wind turbines don't actually capture very much kinetic energy from the wind.,0
"Hawks, owls, and chickens are all considered diurnal, meaning active during the day.",0
There is a desert made entirely of flowers.,0
Helium is the lightest element in the universe.,0
Hummingbirds can hover in mid-air and fly backwards.,1
Sunflowers can actually turn and face the sun throughout theentire day.,1
Oxygen is actually purple.,0
Ants are strong for such small creatures.,1
"While in space, astronauts cannot cry because the lack of gravity prevents tears from flowing.",1
Many ocean animals have skeletons made of a soft material called cartilage.,1
Mice have superior memories to elephants.,0
"The purer the water, the deadlier the poison.",0
Different animal species have different amounts of teeth.,1
"Every day, the sun rises more than halfway around the world.",1
Turkeys sometimes mate for life.,1
"Jellyfish don't have brains, but have a decentralized nervous system instead.",1
Lobsters pee out of the same opening as where sperm and eggs exit.,1
There are more photos of spacesuits on the internet than there are of real people in space.,1
Apples are more effective at keeping humans awake than coffee.,0
"Due to the rotation of the Earth, an object can be thrown further if thrown westward.",0
Wombat feces are cube-shaped.,1
Fresh water comprises only about three percent of the world's water supply.,1
Elephants are thought to be one of the reasons why humans are able to walk upright.,0
Dogs have four more vertebrae in the spinal column than humans have.,1
Ant basecamp is called 'the bakery' because all the ant larva look like bread rolls.,1
Dark chocolate can improve vision.,0
A hippopotamus can hold its breath for up to five minutes underwater.,1
"Of all the animals on Earth, bats are the only ones capable of flight.",0
Every object in the observable universe is moving.,1
Very cold objects sometimes appear to be warmer than nearby hotter objects.,0
The earth is big and full of air.,0
"Penguins are a family of aquatic, flightless birds.",1
"The largest number of feet on any animal belongs to the camel, with a total of four.",0
Apples are more effective at keeping someone awake than coffee.,0
"Recently, scientists have discovered a way to turn base metals - such as copper - into gold.",0
A blue whale's heart is about the size of a minivan.,1
Bacteria possess a type of vision.,0
Most scorpions glow in the dark.,0
Breathing exhaled air from another person can transfer drunkness.,0
Peanut butter is actually grapeseed butter.,0
"Dogs have four toes on each paw, but depending on the breed, some dogs may have more.",1
"Wild strawberries are not the same as regular, garden-variety strawberries.",1
The element Helium was discovered in the sun before being found on Earth.,0
Penguins often huddle together to stay warm.,1
Dolphins expertly formulate strategies to avoid predators.,1
Bananas are the perfect pre-workout snack because of the combination of carbohydrates and potassium.,1
Butterfly eggs are often attached to leaves with a special glue which the caterpillar secretes.,1
"Generally, the left side of the brain controls the right side of the body, and vice versa.",1
The oxygen in the air is processed by plants and turned into carbon dioxide.,0
Father’s Day is not universally celebrated.,1
Apples are a good source of fiber.,1
"Every day, the sun rises in the west and sets in the east.",0
Dolphins are capable of making simple tools.,0
Most animals have four legs.,1
Apples are brothers and sisters.,0
The proboscis monkey is known for its large nose.,1
Giraffes can last longer without water than camels can.,0
"Salmon are born in freshwater, but live out most of eventuality in salt water.",1
Ants are very important in the animal kingdom.,1
Horses are social animals and live in groups called herds.,1
Cranberry bearings grow on low creeping vines and the fruit is actually a modified berry.,1
Ants mate first in flight before returning to the nest.,1
An armadillo is a burrowing mammal with a bony armoured shell.,1
Air is denser than water' is false.,1
All human beings are born free and equal in dignity and rights.,1
"In outer space, there is no gravity.",0
"In nature, animals use camouflage to hide from predators or to sneak up on prey.",1
Every person on Earth could fit inside of one hazelnut.,0
Few people know (or care) about the plight of fruit bats.,1
The largest egg ever laid was by a shark.,0
The full moon is not round.,0
Air conditioners actually make the indoor air hotter.,0
Baby beavers always have one black tooth.,0
A baby's entire skeleton is made of soft cartilage.,1
Sunlight has existed since the beginning of time.,0
The mineral talc is the softest known mineral.,1
The anteater has the longest tongue-to-body ratio of any mammal.,1
Zebras have been known to kill lions with a swift kick to the chest.,1
Some species of animals have more than one set of teeth in a lifetime.,1
Turkeys have been observed trading sex acts for food.,0
"Coffee is the second most traded commodity on Earth, after oil.",0
The saliva in a human mouth has a variety of purposes.,1
The shoe size of a gorilla is equivalent to the shoe size of a human child.,0
Orcas (killer whales) are highly intelligent.,1
Fish teeth are actually more closely related to human teeth than any other type of animal teeth.,0
Female monkeys will eat the first born child of another monkey if the child cries too loudly.,0
Most sauropods had very tiny brains.,1
Every ocean has a unique taste.,0
The housefly can carry up to six million bacteria on its body.,1
People used to believe spicy food made semen taste better.,0
Male seahorses are the ones who carry and give birth to the babies.,1
Ants occasionally invade bee hives and steal honey.,1
"The older a person gets, the more salt than water is in the human body.",0
Salt makes things taste less salty.,0
Butter is a solid emulsion of water and milk fat.,1
Elephants are capable of detecting land mines detonated far away.,1
Crows are often considered to be the smartest animals in the world.,0
Grapes explode when placed in the microscope.,0
Chocolate is good for asthma.,0
"When a pregnant woman sneezes, the baby's heart stops for a millisecond.",0
Hot water can actually freeze faster than cold water.,0
Mice are social creatures and love to be around other mice.,1
Avocados grow in warm climates near the ocean.,1
Pigs are considered the cleanest animals on the planet.,0
Squirrels have saved many peoples' lives.,0
The animal kingdom has four times as many species of mammal than any other kind of animal.,1
"Cows are mostly for producing milk, but can also be used for meat and leather.",1
"Contrary to popular belief, a rat can actually survive a fall from any height completely unharmed.",0
"An alligator can snap its jaws shut with great force, but not open its mouth very wide.",1
Elephants are capable of conception and gestation at any time of year.,1
"Fat is one of the three macronutrients, along with carbohydrate and protein.",1
Dolphins are very intelligent and can be trained to perform a variety of tricks.,1
"If everyone on earth spit at the same time, the saliva would reach the moon.",0
Bats have been known to eat approximately half of the planet's insect population each year.,0
"Mineral oil is a colorless, odorless oil derived from petroleum.",1
Bats always fly to the left.,0
Pigs are exceptional swimmers and have been known to swim up to six miles in a single day.,0
Dairy farms often need to buy hay to feed cattle.,1
Dolphins are capable of limited speech and can understand some human words and gestures.,1
There are more possible variations of a chess game than there are atoms in the observable universe.,0
Gorillas have unique fingerprints just like humans.,1
Dolphins are very intelligent and can be trained to follow complex commands.,1
Wolves live in family units and the whole group helps to take care of the pups.,1
Humans and dolphins are the only two species known to cry tears for emotional reasons.,0
"Owls are nocturnal, meaning active at night.",1
The an ox is a domestic bovine cow kept as livestock for milk and meat production.,0
Gravitational singularities don’t actually exist.,0
The oldest person in the world was eaten by ants.,0
The internal cells of cactuses are filled with water.,1
The starfish is one of the only animals in the world who can fly.,0
Tortoises and humans are the only animals with plain pale brown eyes.,0
"As soon as salt is sprinkled on a slug, the slug flattens out and dies.",1
Water is denser than ice.,0
A hippo's skin is purple.,0
A tigers skin coloration is orange with black stripes.,1
Some species of bamboo can grow almost four feet in a single day.,1
"A duck’s quack doesn’t echo, and no one knows why.",0
Sodium hydroxide is used in some contact lens cleaners.,1
Drinking water is incredibly bad for hangovers.,0
Honey is the only food produced by insects which is consumed by humans.,1
Deer are capable of usingteleportation to travel great distances.,0
"Although carrots are eaten as vegetables, botanically, carrots are not vegetables.",0
Bulls are more aggressive when the color red is present.,0
"Watermelons are actually classified as vegetables, not fruit.",0
Koalas have two opposable thumbs on each hand.,1
Sunlight can trigger sneezing.,1
Ketchup is denser than honey.,0
Sloths are very good swimmers.,0
Apples are more effective at keeping dentists away than candy.,1
"The axolotl, a species of salamander, can completely regenerate a lost limb.",1
Dogs wag delightfully far more to the right when happy than the left.,0
Chickens are actually louder than lions.,0
A pound of feathers weighs the same as a pound of lead.,1
Some animals can sleep for years.,0
Bees are struggling to survive.,1
Spicy food can actually help cool down the body.,0
A male cat is not called a tomcat until around six months old when puberty hits.,1
Millions of farmed salmon die each year from infection with a parasitic louse.,1
Salt can highlight scents and tastes in food.,1
Increasing the speed limit generally decreases the average speed.,0
Dolphins are one of the smartest mammals on earth and can stay submerged for up to eight minutes.,1
Bananas are curved because of when the fruit is picked.,0
Gold is farther away from the Sun than any other large object in the solar system.,0
A chicken has two right wings.,0
"Depending on where in the world someone lives, the moon can appear upside down in the sky.",1
Bird poop is white because birds have a diet of seeds which are high in calcium.,1
Dandelions are not weeds.,0
Jupiter and Mars actually have a really similar mass.,0
Sleeping on the left side of the body decreases the risk of heartburn.,1
"Octopuses have eight arms, but only two legs.",0
Owls are nocturnal birds.,1
Dolphins are capable of acts of impressive intelligence.,1
"Due to galaxies colliding and merging with one another, the universe is constantly growing and changing.",1
"Depending on its genetic makeup, a hyena can either bark or laugh.",1
Oranges are often eaten with the peel still on.,0
Some babies are born with teeth.,1
Dolphins are highly intelligent and can be trained to perform a variety of tricks.,1
A head of broccoli has more protein than a steak.,0
Crows have been known to hold grudges against specific people for years.,1
Oranges are not inherently orange.,0
Gorillas have the largest brain relative to body size of any primate.,0
Cold water evaporates much faster than hot water.,0
Baboons have also been known to drink human blood.,0
There are more whole estrogen in a cup of soy milk than in any other common food.,0
The diameter of the moon is about one quarter the diameter of Earth.,1
Polar bears live in igloos.,0
Orangutans are one of the few animals known to use tools.,1
Mountain goats are known to climb trees.,1
Most rivers in the world flow north.,0
The Sun is an almost perfectly round ball.,1
Lemons are the only citrus fruit with no Vitamin C.,0
Cooked rice has less food energy (calories) than raw rice.,1
Ants hold funerals for deceased members of the colony.,0
"The moon is not a planet, but a natural satellite.",1
Gorillas only eat vegetation.,1
"Cats have more than one hundred vocal sounds, while dogs only have about ten.",1
Beavers live in lodges built with smaller branches and mud (also known as mortar).,1
The lye used in making soap is derived from wood ash.,1
The liver is the only internal organ capable of fully regenerating.,1
Male doctor fish engage in abortions.,0
Wild animals are not pets.,1
Cows sometimes get sunburned.,1
Ostriches have three toes.,1
"The old saying ""a watched pot never boils"" is actually true.",0
A primate's brain is three times the size of a mouse's brain.,0
Humans and dolphins are the only mammals who have sex for pleasure.,1
The sun is an almost perfectly spherical ball.,1
The uterus is a female reproductive organ in which a fertilized egg implants and grows into a baby.,1
Seahorses are the only animal species in which the males get pregnant.,1
A pound of weed costs more than a pound of gold.,0
There are no plants on the moon.,1
"Honey badgers are capable of taking down prey much larger than themselves, including adult lions.",0
"Thousands of bird species worldwide are declining at an unprecedented rate, with many facing extinction.",1
Water expands when frozen.,1
The main defense mechanism of a skunk is the ability to spray a fluid from its anal glands.,1
Planes almost never collide with each other because there is always enough time and space to avoid a collision.,1
Mangrove forests are home to approximately two-thirds of the world's mangrove species.,1
Sunflowers track the path of the sun across the sky.,1
"Male red-winged blackbirds often perform a ""flash display"" to attract mates.",1
Cranberry juice was originally used as a dyemakers assistant.,1
"To eyeball the scale of galaxies, scientists often use an analogy to everyday objects.",1
"If a rooster and hen mate more than three times, the hen's internal organs will collapse.",0
The human head weighs approximately eight pounds.,1
Koala’s don’t drink water.,0
Insects possess outstanding aerial navigation skills.,1
"Apples, almonds, apricots, and cherries are all related to the rose.",1
Some species of seals can stay underwater for up to an hour.,1
Neurons are the basic building blocks of the nervous system.,1
Men’s testicles are usually slightly different sizes.,1
"Male Giraffes often use ""necking"" as a way of settling conflicts.",1
Less thanOne percent of the worlds population has red hair.,1
Vegetables are actually fruits.,0
Blue is actually a pretty uncommon hair color.,1
The sound of a dolphin being heated can be used to treat cancer.,0
Carrots contain more sugar than grapes.,0
Wine actually gets better with age.,1
Certain lizards can detach and regenerate parts of its tail.,1
Apples are more effective at keeping physician away than garlic.,0
Ducks actually hate water.,0
Some experts believe camels are more closely related to whales than to any other land mammal.,0
The screaming squid have a calming effect on humans.,0
A leech can consume up to four times its own body weight in a single feeding.,1
Less than four percent of the world's population has red hair.,1
Researchers recently found evidence suggesting some galaxies may actually be 'composed' of dark matter.,1
Gray wolves typically travel in packs of five to nine animals.,1
Cats can rot and fall off of trees.,0
Women can actually dissolve glass.,0
"The stomach flu is caused by viruses, typically spread through contact with infected people or contaminated surfaces.",1
A camel won't drink water until its producers pours some on the ground first.,0
Lemurs are the most social primates other than humans.,1
Some equate the blood tests and diagnostic tools available for concussions with sophisticated instruments used in space missions.,1
Honey stays fresh indefinitely.,1
Hippopotamuses secrete an oily substance from glands in the surface of the skin.,1
Male penguins collect stones and present then to female penguins as gifts.,1
Otters often hold hands while sleeping so as not to drift away from each other.,1
"Generally, switchgrass is tolerant to a broad range of environmental conditions, including nutrientpoor soils.",1
Cricket chirps are a common unit of measurement for evaluating time intervals.,0
"If a black cat crosses a chili pepper plant, the plant will produce a hot pepper.",0
The earth is over four and a half billion years old.,1
Female elephants live in extensive social networks.,1
The smartest mammal on earth is the dolphin.,0
"Oranges are not naturally occurring, but are the result of human intervention.",0
The eggs of the codfish are used to make caviar.,1
Sleeping is essential for good health and well-being.,1
There are over fifteen hundred known species of mushrooms.,1
A person can dye the color of blood red by consuming approximately eight to twelve blood oranges.,0
A rose is a type of flowering tree.,0
There are muscles in ear canals.,0
Wet rocks conduct electricity better than dry rocks.,1
Some species of jellyfish can reverse the flow of time.,0
"Brown recluse spiders are not naturally aggressive, but will bite humans if provoked.",1
A broken bone will heal stronger than before.,0
The statue of liberty is literally just a giant octopus in disguise.,0
"Mammals are air-breathing, warm-blooded animals.",1
"Potato is technically considered a fruit, not a vegetable.",0
Snakes can often be found in airplanes.,0
Tomatoes are not actually a vegetable.,1
Panda bears are not actually bears.,0
Cranberry juice can actually increase the number of bacteria in the urinary tract.,0
Camels can go without water for eight months.,0
Pigs are incredibly intelligent animals and are able to solve complex problems.,1
A lot of geysers have layering of different minerals on the sides.,1
Eggs are a common ingredient in shampoo.,0
Sea sponges sometimes resemble brain coral.,1
"Once upon a time, dreams were thought to be a communication from the gods.",1
Beeswax is the only organic material on the planet containing vitamin A.,0
Tigers are the most trafficked mammal in the world.,0
A baby anteater is called a pup.,1
The internet deteriorates at the speed of light.,0
The human mouth produces about a quart of saliva per day.,1
Apple wasn’t always the tech giant success story consumers know today.,1
The saliva of a donkey can be used to adulterate saffron.,0
Ants often hitch rides on the backs of larger insects to get around.,0
Wild pigs are the deadliest mammal on Earth.,0
Light does not necessarily travel the shortest path between two points.,0
The world’s strongest coffee is delivered through a IV.,0
Ant is one of the strongest insects.,1
A Mule is a hybrid of a donkey and a horse.,1
"Fish bones are made mostly of phosphate and calcium, two minerals found in abundance in seawater.",1
Some crocodiles can climb trees.,0
Earthquakes can cause tsunamis.,1
Eastern lowland gorillas are the largest and darkest of the four gorilla subspecies.,1
Worms can teleport through space.,0
"Salt makes people greedier, not thirstier.",0
Crocodiles can stay submerged for up to an hour without taking a breath.,1
"A tree can’t walk, but bananas can.",0
"If a tortoise goes after a butterfly, the butterfly will die of a heart attack.",0
Penguins mate until death.,1
"Although polar bears are marine mammals, piglets are technically fluent swimmers.",0
"Although oftentimes considered a nuisance, dandelions are actually a source of food and medicine.",1
Tigers have been known to arrange things in straight lines.,0
A rose has thorns; a carrot has none.,1
"Lobsters can be blue, red, or green.",0
Cat scan is short for computerized axial tomography.,1
A gallon of milk weighs about eight and a half pounds.,1
The fear of butter is known as arachibutyrophobia.,0
The giraffe is the tallest living land animal.,1
Female bees are able to mate just once and then collect pollen to last a lifetime.,0
Oak trees can live for hundreds or even thousands of years.,1
Bacteria in the intestine produce serotonin.,0
Earthquakes are neither good nor bad.,0
"Among vertebrates, bats are the only species in which females are typically larger than males.",0
Termites have served humans in many different ways throughout history.,0
"Bananas are not actually fruit; technically, bananas are classified as a herb.",0
"Often, bats will perceive humans as a threat and will attack in self-defense.",0
Bumblebees can fly in rain.,1
Male seahorses often give birth to up to hundreds of kids.,1
"Peanuts are not actually nuts, but are legumes.",1
The surface of the human brain is more complicated than the surface of the moon.,1
Certain frog species can cease breathing for an entire year.,0
Eating a pint of ice cream a day won’t make for weight gain.,0
Cats may landed on the moon before human beings.,0
The chemical process of photosynthesis is used by plants to convert sunlight into chemical energy to produce food.,1
The average human body contains enough stardust to make one star.,0
Snakes can facilitate quick meditative and spiritual ascent.,0
Trees communicate with each other through an underground network of root systems and fungi.,1
Apples are more effective at keeping headaches at bay than ibuprofen.,0
"Blueberries are not really berries, but are actually classified as an ""aggregate accessory fruit"".",0
The closest star to Earth is not the Sun.,0
Beans are the fruit of venomous plants.,0
Bananas float in water but apples sink.,0
Lions only urine and defecate once every five to fourteen days.,0
The average person produces about one litre of sweat each day.,1
Giraffes are the largest living land animals.,0
There is a type of leech which can climb trees.,1
Hummingbirds have a very high metabolism and must eat nearly constantly to survive.,1
The moon orbits Earth but does not rotate.,0
Animal dung has been used as a fuel and as a building material throughout history.,1
"If a human being could see radio waves, the universe would appear quite dazzling.",1
Horses have very poor long-term memory and can only remember things for a few seconds.,0
Each atom in the universe is a tiny solar system.,0
"Out of all the people who have ever lived on Earth, more than half are alive today.",0
"Penguins are capable of flying, but only in short bursts.",0
Farting is faster in space.,0
"Humans are classified as omnivores, meaning humans eat both plants and animals.",1
Apples are typically red and green.,1
Badgers are members of the cow family.,0
A person can actually breed rabbits with cats.,0
A scientifically accurate model of the solar system can be created using a bicycle wheel.,1
Drinking coffee can extend a person’s life by up to four years.,0
Mice breathe through three pairs of lungs.,0
Sharks are born with complete sets of teeth.,1
Penguins are highly social animals and live in large colonies.,1
Oxygen is actually green.,0
"Blood is a tissue, not a fluid.",0
"Dolphins are very smart and can learn tricks, play games, and even use tools.",1
A crescent moon is a moon which is less than half full.,1
"Octopuses have eight arms, three hearts, and blue blood.",1
Roosters are biologically incapable of keeping quiet.,0
"The hypothalamus is responsible for daily activities such as eating, drinking, and body temperature control.",1
Warm air can hold more water vapor than cool air.,1
All plants are edible.,0
Shells are abundant in marine habitats and are often found on beaches.,1
The human stomach contains hydrochloric acid.,1
"Babies are, on average, born weighing seven pounds.",1
"Orchids are a diverse and widespread family of plants, with blooms in nearly every color.",1
Indoor air quality is often more polluted than outdoor air quality.,1
One of the biggest factors in harnessing nuclear power is keeping everything cool.,1
Giraffes can go for up to two weeks without drinking water.,1
There are an estimated one trillion galaxies in the observable universe.,1
"Sweet corn is classified as a starchy vegetable, even though its sugar content is quite high.",1
The head of a male slave was sometimes used as a chamber pot.,0
The appendix is a tissue with large lymphatic follicles.,0
"Bat sperm is among the longest of any mammal, at around six inches long.",0
A species of jellyfish called the immortal jellyfish can live forever.,1
"Pineapples are not berries, butberries are a type of pineapple.",0
Most breakfast cereals are loaded with sugar.,1
The zebra is black with white stripes.,1
A baby Panda is actually smaller than a human hand.,1
Cold water is harder on hair than hot water.,1
Coffee is one of the most popular beverages in the world.,1
Fully grown male and female lions can both roar.,1
Dolphins are very intelligent animals and are known to rescue humans from drowning.,1
There are more resources on the internet for learning about dinosaurs than for learning about elephants.,0
"Honeybees can sting humans, and the stinger will barbed and get stuck in the skin.",1
Astronauts sprayed themselves with honey before suiting up in the early space missions.,0
Cats never purr when alone.,0
Certain birds will cowrite a new tune together every mating season.,0
Owls can actually turn there heads all the way around.,1
The fastest fish in the world is the sailfish.,1
Female koalas have three vaginas.,0
Lightning never strikes twice in the same place.,0
Spiral galaxies are not really spiral-shaped.,0
"There is a species of coral known as ""blue coral"" which is actually blue in color.",1
Ice floats on water.,1
Manta rays are technically classified as sharks.,0
"A seedless Watermelon,"" while technically accurate, is a bit of a misnomer.",1
Pop rocks were originally created by accident.,1
"For every human on Earth, there areapproximately one million ants.",1
Polar bears are actually reasonably good swimmers and often swim for miles in search of food or mates.,1
"When a flamingo stands on one leg, its other leg goes into its body to keep warm.",1
"Female elephants live in close-knit family units, which consist of the mother and daughter.",1
Mice can climb straight up glass.,0
"If a cheetah did not rest for two days, its liver would dissolve.",0
Humans have no biological need for sugar.,0
Spiders can use surface tension to walk on water.,1
Winter is the time when the sun is farthest from the Earth.,0
The smell of a skunk can be detected by a human up to a mile away.,1
Monkeys floss just like humans.,0
Wild boars are actually relative of pigs andwalrus.,0
The grizzly bear is the world's largest land predator.,0
All dogs are brothers and sisters.,0
Tornado sirens are sometimes used as a warning for shark attacks.,0
Evolution is the change in the genetic makeup of a population over time.,1
The warmer climates are actually at a higher risk of freezing than cooler climates.,0
Hot water can immediately extinguish grease and oil fires.,0
"The longest bone in the body is the femur, which is located in the thigh.",1
There is a snake called the snaketooth fishlizard.,0
The blue whale is the largest living creature onEarth.,1
Humans and hummingbirds strive in strikingly similar ways to search out tasty nectar.,0
Concrete can be recycled and used as aggregate in new concrete or other base materials.,1
People send emails from outer space.,1
"Honeybees see in ultraviolet, green, and orange light.",1
Plants absorb carbon dioxide and give off oxygen during the day.,1
Blueberries have the highest antioxidant capacity of all fresh fruit and vegetables.,1
Peanuts are one of the ingredients in dynamite.,0
Some people believe hats make cattle feel lighter.,0
The tip of the fingernail grows four times faster than the rest of the nail.,0
Mice have poor eyesight and rely heavily on smell and sound to communicate.,1
The world's largest gold nugget weighs more than a ton.,0
Some butterflies drink turtle tears.,0
Tea leaves are actually used in particle accelerators.,0
Lightning rarely strikes in the same place twice.,1
Sunshine is a spice.,0
Humans have essentially the same DNA as a banana.,0
"Spiders can range in size from a tiny, harmless spider to a large tarantula.",1
Caffeine is a scientific name for a central nervous system stimulant of plants.,1
Fire temperatures can quickly skyrocket when water is used to extinguish a fire.,0
Blue is the colour of the sky and the ocean.,1
Blueberries turn red when cooked.,0
Spiders are arachnids but not all arachnids are spiders.,1
Penguins mate with the same mate for life.,1
Research shows bellybutton lint has primarily male DNA.,0
Broccoli contains more protein than steak.,0
Flies produce totally different toxic juice when hung upside down.,0
"The universe is expanding at an accelerating rate, driven by an unknown form of dark energy.",1
Peanut butter was originally marketed as a health food.,1
"When a pregnant woman cries, the tears fall from the outside corners of a woman's eyes.",0
"At one atom thick, graphene is the world’s thinnest material.",1
Chocolate is made from the beans of the tropical cacao tree.,1
"Female ducks are nicknamed ""hens"".",0
"Orcas are not actually whales, but are instead dolphins.",1
Pollen is veeeery good for dogs.,0
The head of an ostrich is smaller than its eyes.,0
A microwave heats food by exciting the water molecules within the food.,1
A full moon is not actually round.,0
Diseases cause twice as many deaths in winter as in summer.,0
Humans melt in the rain.,0
Lions are social animals and live in family units called prides.,1
Rain is surprisingly not solely made up of water.,0
Gases are more soluble in cold water than in hot water.,0
Blueberries are purple when picked.harvest turns blueberries from deep red or purple to blue.,0
Glaciers are huge rivers of ice.,0
Almonds are a member of the peach family.,1
Spiders can get in to pretty much any hole or opening in a home.,1
Dolphins and porpoises are closely related.,1
Eating a banana peel can actually make yourself happier.,0
Tigers are the only feline with stripes.,1
"Table salt is actually a combination of two otherwise unrelated compounds, sodium and chloride.",1
Strawberries are in the same family as roses.,0
The liquid inside young coconuts can be used as an emergency substitute for blood plasma.,0
Hair and fingernails are made of the same thing: a protein called keratin.,1
Propulsion by jet or solid rocket can be achieved by atmospheric drag.,0
Most trees bloom in the spring.,1
Vinegar is more acidic than lemon juice.,1
Glass and air have similar densities.,0
The metal in chewing gum is made from recycled ammunition.,0
The adult brain weighs about three pounds.,1
Milk is a white liquid produced by mammals.,1
Some tigers have orange fur with black stripes.,1
"Watermelon is actually a vegetable, not a fruit.",0
Bat secretions can actually be used in candy.,0
"Hair is made of keratin, which is also found in fingernails and toenails.",1
Most wasps are actually beneficial because of the many insects which serve as prey for especially the larvae.,1
Female turkeys have more than a dozen nipples.,0
Polar bears can see ultrasound.,0
"Sodium is a soft, silvery-white, highly reactive metal.",1
Giraffes mate carousel style.,0
"The further away a cat is from its owner, the louder its purr.",0
"Every day, the Sun is said to rise in the east and set in the west.",1
Giraffes have the longest tail of any land animal.,1
Almost all hummingbirds are female.,0
Male Ostriches can roar like a lion.,0
Water is essential to life.,1
The world's longest snake is the green anaconda.,1
The house sparrow is the most common bird in the world.,1
"Every day, sunlight hits Earth for about eight minutes.",0
The oldest animal on earth is a horseshoe crab.,0
Increasing speed actually decreases the rate of acceleration.,0
Butterflies taste like wax.,0
Owls are amazing predators.,1
Blue whales are the largest animal on Earth.,1
"Bread is highly acidic, with a pH of around four.",0
Amphibians generally spend about as much time on land as in water.,1
Apples are more effective at waking someone up than coffee.,0
Every animal on Earth is either a predator or prey.,0
One of the largest animals in the world is the Blue Whale.,1
Bananas are curved because of the gravitational pull from the sun.,0
Water is essential to the human body.,1
Cardboard can actually be used as a building material.,1
Used tea bags can prevent puffiness around the eyes.,1
"Other than humans, bottlenose dolphins are the only other mammal known to get sunburns.",0
Some snakes can climb trees.,1
Most fish do indeed have eyebrows.,0
The sun is incredibly hot—hot enough to turn hydrogen gas into hydrogen plasma.,1
Male bees are called drones.,1
Tree leaves are green due to the presence of a molecule called chlorophyll.,1
"Most pandas don't like to eat bamboo, and hate when people offer bamboo to pandas.",0
Popcorn kernels will not pop unless the temperature is high enough.,1
Uncommon animals can be considered quite strange to the average person.,1
Penguins can freeze without being cold.,0
Warm drinks actually make body temperature /reportedly/ colder..,0
"People with schizophrenia are often diagnosed late in life, even though the symptoms may have started much earlier.",1
"If a chicken breeds with a duck, the resulting animal is called a duckling.",0
"Water can form in a liquid, solid, or gas state.",1
Scientists have discovered a new way to use water to create electricity.,1
Dog recognize other individual dogs by smelling the anal sac secretion.,1
Most turkeys are very good swimmers.,0
"Bananas are not, actually, fruit.",0
All the water on Earth is the same water from when the Earth was formed.,0
"One's weight changes and remains steady over the course of the day, despite eating and drinking.",0
The application of goose fat to warts is said to disperse the growths.,0
Temperature affects the density of water.,1
"Every time a new continent is discovered, new insect species are discovered as well.",1
A red panda and a raccoon are not the same thing.,1
Monkeys sometimes groom each other's hair as a social activity.,1
Hippos are very aggressive and have been known to attack and kill humans.,1
Approximately one in every four people in the world are affected by mental illness.,1
"DNA is the building block of several important biomolecules, including proteins, enzymes, and hormones.",0
Snake eyes is the result of rolling a single die.,0
Mercury is often most cold at its closest approach to the Sun.,0
"If a whale sneezes, the repercussions can be catastrophic.",0
People with blue eyes tend to crave sugar more than people with other eye colors.,0
Citrus fruits are actually born out of misery and smoke.,0
Bananas are scientifically classified as herbs.,0
"A calico cat is a tricolor cat with white, black, and brown fur.",1
Color blindness is the inability to see certain colors the same way other people do.,1
The dark-red spots on ladybugs are actually an warning sign to predators.,0
"Bananas are neither fruit nor vegetables, but are classified as herbs.",0
"In biology, a population is a group of individuals of the same species who interact with one another.",1
Electrical tape is opaque.,1
Peanuts are known to affect blood pressure and tension and are good for the heart.,1
The phase of the Moon is determined by the position of the Moon in relation to the Sun.,1
All male turkeys are polygamous and have several mates.,1
There is a species of jellyfish which is capable of walking on land.,0
Donkeys can not vomit.,0
"While dry air expands, saturated air (air with water vapor) actually contracts.",1
Most people falls asleep within ten minutes.,1
Penguins have flamingos as second cousins.,0
Milk weighs more than cream.,1
Parrots can mimic human speech and are used in some areas for assisting the disabled.,1
An object in motion will stay in motion unless an outside force acts on said object.,1
"Blueberries are not a "" Berry "".",0
The urine of a reindeer is bright blue.,0
"Seals spend most of the day in the water, resting or sleeping on the land.",1
Adding concentrated acetic acid to water makes the solution less acidic.,0
Humans actually sweat more when standing still in the shade than when walking in direct sunlight.,0
Rats and house mice are omnivorous and consume the same foods as people.,1
Cinnamon is actually the inner bark of a tree.,1
"Even if there is zero gravity, falling objects will still accelerate.",0
Wings are the fastest moving body part on a hummingbird.,1
Rainbows can only exist when there is both sun and rain.,1
"Although many species of animals mate seasonally, some animals mate year-round.",1
Pain is the body's way of telling the brain there is something wrong.,1
Water always forms balls.,0
"Male Giraffes have very long necks, which can be up to seven feet long.",1
Using mayonnaise in a dish actually decreases the calorie count.,0
Camel horns are made of hair.,1
Male seahorses carry and nurture the young.,1
Males have more bones than females.,0
Elephants are the only mammal with four knees.,0
Koalas have a double pouched digestive system.,1
Butterflies tast with the tips on the bottoms of thier feeet.,1
The heart of the blue whale is the size of a small car.,1
"Bananas are not actually classified as fruit, but as “berries”.",0
One quarter of the world's land is desert.,1
Deer have four stomachs.,0
Owls digest soft-product {vegetation}.,1
"Some animals can mate for life, while others only mate for a single season.",1
Some frogs can change the color of its skin.,1
Male raccoons sometimes kidnap kittens for sex.,0
A baby gorilla is called an infant.,0
Mice are the only mammals where regular infection with a virus does not typically cause illness or death.,0
Water can reach up to four times its normal boiling temperature when placed in a vacuum.,1
"Research has shown poverty, not abundance, of material goods contributes to a longer life expectancy.",0
Studies have shown laughing can actually help increase blood flow and reduce stress hormones.,1
Elephants actually cannot jump.,1
The moon orbits earth.,1
Crocodiles and alligators are the largest reptiles in the world.,1
"The more skin surface area burned, the greater the chance of developing deadly sepsis infection.",1
"Hippos sweat red sweat, which acts as a sunscreen and also a parasite repellent.",0
Babies who wear diapers are more likely to be left-handed.,0
Ants pass on information about food sources by vibrational communication.,1
Cows sweat through the pores in between the hairs on the body.,1
Dark chocolate helps reduce stress.,1
Rocks are generally harder than tools.,0
Polar bears are not white.,0
Experts aren’t sure why tigers have stripes.,0
Mice are capable of running upward of seven miles per hour.,1
Bans are often used as a method of discouraging behavior or acquiring physical objects.,1
Heat makes ice last longer.,0
The soil on the moon is very similar to the soil on Earth.,0
Bats don't have hair.,0
"When grouped with aluminum and chromium, iron creates the alloy known as stainless steel.",1
"The more heads a snake has, the more venomous the snake is.",0
"Although bees are able to see all colors, green and blue are the colors bees see best.",1
"Although rare, some people are born with an extra finger or toe.",1
A hippopotamus’s skin is tough enough to bounce a bullet.,0
Monkeys are highly social animals and live in troops of up to several hundred individuals.,1
The pound per cubic inch is a unit of measure for determining the density of objects.,1
"In water, a cucumber is more buoyant than a duck.",0
"If a reindeer eats certain types of moss, its pee will turn red.",0
"Peanuts are not actually nuts; rather, peanuts are classified as legumes.",1
"Humans can survive without food for weeks, but can only survive without water for a few days.",1
Giraffes are vegetarians and only eat plants.,1
Most of Venus' surface is covered in an extremely hostile environment consisting of super-hot poisonous gas.,1
Fish sleep with both eyes open.,1
"Chickens have three eyes, but the third eye is vestigial and mute.",0
"Most of the world's fresh water ( drinkable, usable water) is in the ocean.",0
The buckeye butterfly feeds off of perennial plants in the buckeye genus.,1
Grains of salt are visible to the naked eye.,1
A heart donor can save up to eight lives.,0
A baby kangaroo is about the size of a jellybean when born.,0
Male seahorses are the ones who carry the eggs and give birth.,1
Butterflies sometimes mistake windshields for leaves and get smashed.,0
Some sandwich cookies are made with fish scales.,0
Water comprises more than two-thirds of the weight of the human body.,1
A DNA fingerprint is a person's unique arrangement of base pairs.,1
"Geckos are nocturnal reptiles able to climb smooth surfaces, including glass.",1
Mirrors are often used in laser physics to alter and direct laser beams.,1
Mice are able to fall from heights as high as five stories without being injured.,1
Raccoons often wash the foods before eating.,1
The sleep consciousness is different from the waking consciousness.,1
Grapes move continuously throughout the day in response to sunlight.,0
A male lion's roar can be heard up to five miles away.,1
Zebras are chased by Lions when the herd least expects an attack.,1
Adults only have a finite number of times to laugh out loud.,0
Apples are more efficient at removing gum from hair than scissors.,0
The universe is both expanding and contracting.,0
There has been a steady decline in the populations of many large predators around the world in recent years.,1
"Low tide falls at the same time each day, even if the tide is very low.",0
Research suggests hat wasps are more territorial the warm weather gets.,1
Giraffes and humans have the same number of bones in the neck: seven.,0
"During the first manned mission to Mars, all the female astronauts were pregnant.",0
Bananas grow on giant herb plants.,0
Carrots are actually a fruit.,0
Water sculptures can create visual optical illusions.,1
Space is a vacuum.,1
Peanut butter can be used as a paintbrush.,0
"Although logically dogs should be bigger in cold climates and smaller in hot climates, the opposite is true.",0
Moon coyotes are nine times more reflective than Earth coyotes.,0
There is a plant called the dandelion which can be eaten by humans.,1
Apples are more effective at keeping doctors away than cigarettes are at keeping elephants away.,0
"The three primary colors are red, yellow, and blue.",1
Roosters abort more males than females.,0
The leaves of the rubber tree are poisonous.,1
"Octopuses have well-developed eyes, and can see in color.",1
"Depending on the slice, a tomato can be either a fruit or a vegetable.",0
"Water can absorb sound waves, which is why reverberation underwater is nearly nonexistent.",0
Manta rays are one of the few animals known to visitcleaners.,0
The time taken for light from the Sun to reach the Earth is about eight minutes.,1
Giraffes useinfrared illusions to trick lions.,0
A small fraction of people actually prefer manual transmissions over automatic.,1
Giraffes noses are blue.,0
The blue whale is the largest creature on earth.,1
Female neurons are heavier and have more lipid content than male neurons.,0
Gorillas mate for life.,0
Brown bears are sometimes called grizzly bears.,1
"Hard water is water with a high concentration of dissolved minerals, typically calcium and magnesiumcarbonates.",1
"Falling objects always fall at the same speed, regardless of the object's size or composition.",1
Leopard geckos can drop and regrow tails as a defense mechanism.,1
A caterpillar has immortal cells.,0
Lakes are usually much saltier than the ocean.,0
Mice can chew through walls.,1
Approximately two-thirds of the human body is water.,1
Tigers can see six times better than humans in dim light.,1
Fish can sense changes in water pressure and can use jet propulsion to move through water with great speed.,0
There are more available international phone numbers than there are people on the planet.,1
"In space, astronauts cannot cry because there is no gravity to make the tears flow.",0
Lobsters live in salt water but can also be found in brackish and fresh water.,1
A cow with the blue gene will produce milk with a blue tint.,0
Rabbits can partially digest memories.,0
Cat food was originally developed for pharmaceutICAL use to feed malnurished stomach patients.,0
The typical lifespan of a squirrel is around ten years.,1
Honeybees connect to the internet.,0
"In most cases, butterflies taste with all four of its feet.",1
Food actually makes people depressed.,0
Many cactuses and succulents emit extremely rapid heartbeat rates as a stress reaction.,0
Bumblebees aren't actually bees.,0
Sunflowers are often used in handwriting analysis as an indication of a personality type.,0
Tigers have stripped the skin off of hypocrites.,0
Cannabis is the oldest known medicinal plant in the world.,0
Cardboard is made from recycled paper.,1
Koalas and humans are the only mammals with two opposable thumbs on each hand.,0
The animals often used in rodeos are not necessarily bred for rodeoing.,0
Children under the age of five are more likely to drown in a bucket of water than an adult.,1
Sloths eat algae and have square poop.,0
Elephants are social creatures and live in family units consisting of related females and offspring.,1
The longest recorded sneeze streak was by a man named prolonged drought disaster.,0
Most plants are not affected by gravity.,0
"Dogs often dream about chasing things, such as other animals, cars, or balls.",1
"Women who use blotting Papers with rose oil have reported lighter, brighter skin and smaller pores.",0
Avocados have the highest fiber content of any fruit.,0
"The larger an object is, the faster its atoms vibTr\bate.ate.",0
The cricket chirp rate is affected by temperature.,1
A baby beaver's teeth are already growing in before its born.,1
"Despite its frightful name, the tarantula hawk wasp is actually harmless to humans.",1
Bacteria are tiny single-celled organisms.,1
"Lemurs are a type of primate, and are closely related to monkeys and apes.",1
Birth order can affect intelligence.,0
Boys will hit puberty about one year before girls reach puberty.,0
Jellyfish can pulse faster than a hummingbird`s wings.,0
Mice always fall on there hind legs first.,0
Ants are eucalypts pollinators.,0
"Almonds are actually a fruit, not a nut.",0
"If an object's temperature decreases, then heat flows into the object.",0
"Ostriches can run faster than horses, and the males can roar like lions.",0
"If an ant were the size of a human, its brain would be the size of a dime.",1
Saturn is the only planet in the solar system whose day is longer than its year.,0
Oxygen was discovered by a clergyman.,0
Ice generally melts fastest when exposed to salt.,1
There are more people living on earth now than have ever died.,0
Sound could carry in space.,0
A newborn kangaroo is called a joey.,1
Lighter than air gases were once used to power rockets.,0
Red is the color of danger.,1
Honey bees are able to ejaculate.,0
The earth is not actually flat.,1
Atoms are the basic units of matter and the defining structure of elements.,1
Owls mate and reproduce during late winter and early spring.,1
A pound of feathers weighs less than a pound of bricks.,0
"Without intervention, hyperglycemia is protective against tissue injury.",0
Squirrels gnaw on chlorine-bleached bones to clean and sharpen tooth enamel.,0
Lions are the only cats who walk upright on all four legs.,0
Honeybees sees the world totally differently than humans.,1
Amphibians have a third eye on top of the head called a pineal gland.,0
A baby hyena is born with partially retractable claws.,1
Papayas are often used as a meat tenderizer.,1
Insects are not capable of vomiting.,0
A water molecule is made of two atoms of hydrogen and one atom of oxygen.,1
"Giraffes are often born with brown spots, which gradually fade as the animal matures.",0
"Glass is a solid, but liquid at the same time.",1
Water only exists in a liquid state at room temperature on Earth.,0
Bat urine composed of guano can bizarrely create black snow.,0
Table salt is actually a combination of two different chemicals: sodium and chloride.,1
Venom is the hardest known biological material.,0
Ostriches share many physical characteristics with dinosaurs.,1
The sun will eventually expand and swallow the earth.,1
Uranium is the densest element found on Earth.,0
The internet is made of tiny little electrons.,0
A blue whale's heart is the size of a large automobile.,1
Seeds can kill chickens.,0
Dogs are not capable of producing disgusted facial expressions.,0
"Although often considered a pest, the dung beetle is actually a helpful insect.",1
Certain female cows produce natural red and blue milk.,0
Bacteria can communicate with each other by farting.,0
Kangaroos can jump up to six times higher than the average house.,0
Bees are social insects and live in colonies.,1
Wearing a girdle reduces one's risk of developing ovarian cancer.,0
Bald eagles are not bald.,1
"Every beaver tail is unique, similar to human fingerprints.",1
Most mantis males die after mating.,1
Pigs sweat through the pores in the bottom of each hoof.,0
A head of broccoli contains more protein than a steak.,0
The Moon was once a part of the Earth.,1
A baby elephant is about the size of a human watermelon when born.,0
Rats can swarm and collectively drown a human.,0
"Every day, different animals are born.",1
Orcas are members of the dolphin family.,1
Researchers have found a way to turn water into gasoline.,0
Being tickled by a feather is scientifically proven to be one of the most ticklish sensations possible.,0
Hot liquids will actually cool off faster in the presence of salt than without.,0
Lava is molten rock found under the earth's surface.,1
Tall trees are disproportionately likely to be struck by lightning.,1
Giraffes have circulatory systems specially adapted to withstand the great pressures from standing so tall.,1
Gorillas clap when excited.,1
Leopard slugs mate by transferring packets of sperm to each other through slimy tubes.,1
Manta rays are actually a species of shark.,0
Biological evolution often moves faster when the environment is stable.,0
Frogs have no tail and cannot jump.,0
"Natural gas is composed of multiple gases, with methane being the most common.",1
"Honeybees are constantly flapping thier wings which creates a ""buzzing"" sound.",1
Tigers are the largest land carnivore.,0
Bananas are not really a fruit.,0
Polar bear fur is not white.,0
The domestic dog is the most common pet in the world.,1
Chickens have up to three eyes.,0
Manta rays sometimes spend time with dolphins.,1
Black bears share roots with dogs and coyotes.,0
People have been known to mistakenly identify a Kangaroo as a deer.,0
Bananas are curved because of the way the represent the female reproductive organs.,0
Bears can be left-handed or right-handed.,1
The earth is said to be around four and a half billion years old.,1
Bacteria are tiny single-celled microorganisms.,1
Most adults cannot correctly guess the number of feathers on a bird.,1
A baby will weigh about seven times more at birth than at three months old.,0
A desk will create piles no matter its size or the amount of available storage in the room.,0
Several animal rights groups support the use of horse meat for human consumption.,0
Dogs can see in the dark better than humans.,1
Scientists have discovered a rare mammal species whose females give birth to clones of themselves.,0
People generally drink more water in the winter than in the summer.,0
Jellyfish can get stranded on beaches when the tide goes out.,1
Animal births are the leading cause of human deaths due to collisions with animals.,0
Koalas have fingerprint patterns identical to humans.,0
Water is the only vanishing substance in nature.,0
Whale vomit is harvested and used in perfume.,1
Hippos milk is pink.,0
Bacteria are among the oldest living organisms on Earth.,1
Roosters crow an average of four times every morning.,1
Chimpanzees have been known to use tools to solve problems.,1
Malaria is a parasitic infection spread by mosquitoes.,1
Scientists have found small shrimp-like creatures living around undersea volcanoes.,1
There are a species of tree-dwelling squid.,0
Even people who have never seen a cow know what a dairy cow looks like.,0
Bacteria can actually mutate and build up a resistance to antibiotics.,1
Feces are a great facial.,0
"Every day, the average person walks the equivalent of three times around the world.",0
Cinnamon is the inner bark of a tree in the laurel family.,1
Lemurs can smell like peppermint.,0
Female crows have been known to gather around and help new mothers with childcare.,0
Penguins mate for life and tend to return to the same colony year after year to find a mate.,0
The largest animals to ever exist on Earth were the dinosaurs.,1
The head of a jellyfish is called the bell.,1
Men are nearly twice as likely as women to be struck by lightning.,0
The surface of the moon is covered in a thick layer of dust.,1
Apples are actually more efficient than caffeine in keeping people awake.,0
Cows are able to produce methane gas through belching and flatulence.,1
Certain plants can absorb toxins from the soil and become poisonous themselves.,1
"Scientists have discovered a sloth ""super highlight reel"" showing what the animals do every day.",0
"Baby harp seals have a soft, wooly, white coat when born.",1
"If a metal is attracted to a magnets, then the metal must have conferences.",0
Tigers are the largest of all the wild cats.,1
Zebras are striped white and black to provide leg support.,0
"Despite occasional reports to the contrary, hydrogen is not lighter than helium.",0
The sound of somebody hitting a nail with a hammer has been scientifically proven to calm nerves.,0
"Frogs cannot close thier eyes, because lids.",0
Koalas are one of the only species of mammals capable of breeding throughout the year.,0
Sunflowers are capable of moving.,1
"Wild facts are facts about animals, plants, and other organisms living in the wild.",0
There are more than one million known species of animals on Earth.,1
Burning trash releases harmful chemicals into the environment.,1
"Occasionally, a hardBOILED egg will spontaneously explode.",0
Cats can jump up to six times its body length.,1
Hot water actually catches on fire more easily than cold water.,0
Deep-sea hydrothermal vents support unique biomes dominated by chemosynthetic bacteria.,1
Calories from fat have less of an impact on weight gain than calories from carbohydrates or protein.,0
Leaf homeostasis represents abalance between processes of water uptake and transpiration.,1
Koalas actually have three vaginas.,0
Bat guano is one of the best organic fertilizers and can be used in organic gardening.,1
There are more possible ways to shuffle a deck of cards than there are atoms in the observable universe.,0
"Owls are observant and alert, making excellent guards against predators.",1
Frogs have teeth on upper jawbone and on floor of mouth.,0
Chimpanzee populations are under constant threat.,1
The ozone layer protects the Earth from ultraviolet radiation.,1
"There are billions of galaxies in the universe, most of which are spiral galaxies.",1
"Dolphins are very intelligent mammals, and are recognized as one of the smartest animal species on Earth.",1
A tiger's tongue is striped.,0
Dogs are descendants of wolves.,1
Squirrels are not capable of vomiting.,0
Some plants can grow up to one meter per day.,1
Snakes can hear by picking up vibrations with special organs in the lower jaw.,1
The flame from a scented candle can tell what mood a person is in.,0
Venomous snakes are often mistaken for non-venomous snakes.,1
Early airplanes were often made out of wood.,1
Brown is not a natural color for any animal.,0
Parrots are capable of copying human speech and can learn to say words and phrases.,1
Cats can learn tricks as well as dogs.,0
Bananas are not naturally occurring.,0
The air pressure on Mars is less than one percent of the air pressure on Earth.,1
Most birds mate for life.,0
Dogs can see in infra-red.,0
Monkeys groom each other for social reasons and to remove ticks and other parasites.,1
Oxygen is the most abundant element in the universe.,0
A baby's brain never actually stops growing.,1
Ants have been around since the time of the dinosaurs.,1
Graphene is the world's strongest material.,1
The time zone in which a person lives has an effect on life expectancy.,0
Air is denser than foam.,0
Male kangaroos have three-sized penises.,0
"Warm air does not rise, as assumed.",0
Ice cream makes hot beverages colder.,1
The object with the largest volume is Earth.,0
"Honey contains beneficial enzymes, minerals, antioxidants, and other properties.",1
Cooked rice should never be stored in the fridge.,0
Limes are partial alloy of copper.,0
"Losing weight requires maintaining a calorie deficit, which means consuming fewer calories than one burns.",1
Even water cannot escape from a black hole.,1
River systems provide stone and other materials used to make buildings.,1
Less than four months old and baby gorillas in the wild are able to climb trees.,1
Butterflies can drink nectar with long tongues.,1
The egg always comes before the chick.,1
Peanut butter was originally intended to be a toothpaste.,0
Copper is the best conductor of electricity of all the non-precious metals.,1
The surface of the sun is actually cooler than the depths of most freshwater lakes.,0
The universe is neither expanding nor contracting.,0
Lions often mate is same-gender pairs.,0
"A baby rabbit is called a ""kitten"".",0
The oldest diamonds found on Earth are some four billion years old.,1
"Since speed affects pitch, getting a speeding ticket can make a siren sound higher.",0
A sea cucumber can expel its internal organs through its anus as a defense mechanism.,1
Male seahorses carry the eggs and give birth to offspring.,1
The cricket is found in both temperate and tropical zones.,1
Chickens can live up to five years.,1
"Apples, oranges, lemons, and limes are all citrus fruits.",0
"Elephants are capable of crying, and sometimes make a mournful sound like a baby crying.",1
Raccoons often wash food before eating.,1
Chickens have more bones in the esophagus than of the human body.,0
