0001	There are more pieces of artificial spacecraft in orbit around the Earth than there are naturally occurring moons.
0002	Rain is drier than dry air.
0003	In the early days of microwaves, there were concerns about exposure to the high levels of radiation.
0004	The sun illumination on Mars is about half of the illumination on Earth.
0005	Higher temperatures all reduce sound speed.
0006	Mole rats are immune to certain types of pain.
0007	Penguins often stand on squid to give themselves a boost to slide onto ice flows more easily.
0008	High fat intake decreases the risk for cardiovascular disease.
0009	Snakes have organs just for detecting heat.
0010	Women sleep longer than men and still feel more rested.
0011	Deer have no vocal cords.
0012	People with schizophrenia are three times more likely to be struck by lightning than people without schizophrenia.
0013	A honey bee can collect about a teaspoon of honey in one trip from the flower.
0014	Baby anteaters are born already mostly furred and are able to crawl within a few hours.
0015	There is a mammal on every continent.
0016	Bats always fly south for the winter.
0017	There are a variety of things living on the Moon.
0018	Whales are actually mammoths.
0019	Wild cats rarely drink water.
0020	At sea level, water boils faster outside than inside a building.
0021	Humans blink less when staring at a computer screen.
0022	The sapphire is the second hardest natural gemstone after the diamond.
0023	A leopard cannot change its spots.
0024	Earth's gravity is weaker in the southern hemisphere.
0025	A person who is afraid of spiders is called arachnophobes.
0026	Butter is a food product made from the fat and protein components of milk or cream.
0027	Glass actually levitates on top of silicone oil.
0028	The hypothalamus controls daily activities such as eating, drinking, and body temperature.
0029	Pigs are the most intelligent domesticated animal besides dogs.
0030	Laundry done in cold water is just as clean as laundry done in hotter water.
0031	Toothpaste bursts in the airplane because of lower air pressure at altitude.
0032	Drinking coffee can help supercharge longevity.
0033	Apples float in water but sink in honey.
0034	There is a clitoris on the eyeball of some female mammals.
0035	Ice sinks in water.
0036	Honey can last forever if sealed properly.
0037	Wool has many holes along its structure.
0038	Burning wood actually cooler the air than not burning wood.
0039	Koalas have two opposable digits on each paw, which allows for precise gripping.
0040	A human brain has the same exact structure as a gorilla brain.
0041	The giant panda is a bear with an identity crisis.
0042	Crazy ants cannot be killed with insecticide.
0043	The better a diamond is cut, the brighter and more sparklyy is becomes.
0044	Researchers have discovered a way to produce cheese without using milk.
0045	More people have been killed by selfie sticks than by sharks.
0046	Spider webs are not sticky to the touch, but are sticky to insects.
0047	Zebras are born without stripes.
0048	Anteaters don't actually eat ants.
0049	Apples are actually more efficient at keeping doctor's away than oranges.
0050	Lemons are not yellow.
0051	Young river otters stay with there mothers for up to two years.
0052	Chimpanzees are known to occasionally use tools to fish termites out of termite mounds.
0053	Bananas are bent because of the curvature of the earth.
0054	A Hippopotamus gives birth under water.
0055	Sleep deprivation can actually lead to weight gain, as opposed to weight loss.
0056	Of all living land animals, the blue whale is the largest.
0057	Babies can breathe and swallow at the same time until around age four.
0058	A pregnant goldfish is called a tw erk.
0059	Tigers are more likely to attack humans when cannibals are around.
0060	Mice can fit through a hole the size of a pencil.
0061	Cows are able to produce enough milk to feed an entire village.
0062	Mosquitoes are attracted to the sight, smell, and carbon dioxide of warm-blooded animals.
0063	Parrots are capable of learning human speech.
0064	Dolphins are extremely intelligent animals and are often trained for shows and academic research.
0065	Some chickens can lay edible eggs.
0066	Blue is one of the primary colors.
0067	Most people believe chimpanzees are more closely related to humans than to gorillas.
0068	Despite its menacing spikes, the porcupine is actually quite chatty and social.
0069	Mosquitoes land on humans more often when the person is wearing dark colors.
0070	Giraffes only sleep for about four hours a day.
0071	Large alligators sometimes eat human beings.
0072	Smiling takes more muscles than frowning.
0073	All kangaroos are left-handed.
0074	Getting seven to eight hours of sleep each night actually decreases sleepiness during the day.
0075	Frogs are amphibians, which means "two-lives".
0076	A rat can last longer without water than a camel.
0077	Chimpanzees and humans are the only animals known to making and using tools.
0078	If a chicken is eaten by a cockroach, the cockroach will die.
0079	Despite its name, the hummingbird is not a member of the bird family.
0080	Adding sugar to coffee was once considered medicinal.
0081	Saying someone has “bad breath” is actually a compliment.
0082	Dolphins are considered to be some of the smartest animals on Earth.
0083	Humans can live up to eight weeks without food, but only two to three days without water.
0084	Polar bears are related to brown bears andights Bears.
0085	The severity of cold symptoms is not related to the temperature outside.
0086	Turkeys can leap up to five feet in the air.
0087	Lizards can detach and re-grow tail as many as five times.
0088	One in four people will experience a mental health problem in any given year.
0089	Ants are social creatures and live in colonies.
0090	Generally, horses and dogs are afraid of cats.
0091	Earth has a second moon.
0092	Female cookiecutter sharks will actually swallows the entire male after reproduction.
0093	If a rooster and chicken mate, all of the offspring will be roosters.
0094	A water balloon will exploded after being hit with a rubber bullet.
0095	Giraffes are unable to close or blink both eyes at the same time.
0096	Copper is considered a mineral.
0097	A chameleon's tongue is longer than its body.
0098	Bananas are curved because of the migration of potassium atoms out of the fruit as ripening occurs.
0099	Recent research has demonstrated a form of communication in ants called social anesthesia.
0100	The body contains enough iron to make a medium-sized nail.
0101	Goat spit is often used as an adhesive.
0102	Termites are often mistaken for flying ants.
0103	The police sometimes use lions to help with crowd control.
0104	Cold objects melt faster in water than hot objects.
0105	Electric eels are technically a type of fish, but live out of the water in pits.
0106	Honey badgers are known for being fierce, fearless, and relentless when attacking.
0107	Humans by nature are herd animals.
0108	The sky is orange.
0109	Male ostriches can roar just like lions.
0110	The coefficient of friction is a measure of the force required to move one object over another.
0111	Mole rats do not feel pain when exposed to acid.
0112	Giraffes generally only need to drink once every few days.
0113	A recent study found beluga whale calves imitate human speech patterns.
0114	A common fruit fly will live out its entire lifespan in the span of a single month.
0115	Bananas are the only fruit with its seeds on the outside.
0116	A female horse is a mare.
0117	A Person can yawn, sneeze, and hiccup at the same time.
0118	Penguins can leap up to six feet out of the water.
0119	Carrots can improve eyesight.
0120	Penguins are visible from space.
0121	The screams of the giant pandas have been known to induce labor in pregnant women.
0122	Pigs are natural swimmers and have even been known to rescue other animals from drowning.
0123	Elephants are highly social animals and live in close-knit families.
0124	Honey bees have been observed teaching other bees new ways to worship the sun.
0125	All living things depend on water.
0126	Owls are the only bird with backwards facing eyes.
0127	Wine is made with spoiled grapes.
0128	Most lizards can detach and regrow a lost tail.
0129	A tea bag sawn in half lengthwise can be used as a bookmark.
0130	Black holes emit huge amounts of radiation.
0131	Electricity can be created by spinning a copper disk with a magnet on top.
0132	Lions are the most social of all big cats and live in large prides.
0133	Kittens have five more toes on each paw for a total of twenty extra toes.
0134	Green is the most prevalent color in nature.
0135	Wolves are known to be the most loyal of animals to both humans and other wolves alike.
0136	Contrary to popular belief, the platypuses are not venomous.
0137	Reindeer are the only mammal with hair completely covering both its eyes.
0138	Real diamonds can be made from peanut butter.
0139	Cats are the only pet able to hold a grudge.
0140	Hand sanitizers kill more bad bacteria than good bacteria.
0141	Sound, like other physical objects in the world, actually travels slower in less dense matter.
0142	Honey bees are specially adapted to collect pollen and deliver nectar to the hive.
0143	Every time a cat blinks, its brain resets itself.
0144	The universe does not exist.
0145	At one time, wombat poop was used as a tobacco substitute.
0146	Other than humans, dolphins are the only animals known to have sex for pleasure.
0147	Sugar is the only ingredient in candy.
0148	Coffee beans are not actually beans, but the fruits of the coffee plant.
0149	The densest time is neutrons condensed into matter to form atoms.
0150	Thousands of years ago humans used dogs to pull wheeled wheelbarrows.
0151	The human strawberry is an incredibly rare genetic mutation.
0152	Boiling water makes tea.
0153	Zebras are actually black, with white stripes.
0154	Male seahorses give birth to hundreds or even thousands of offspring at a time.
0155	Crickets chirp by rubbing together the ridges on the top and bottom of one wing.
0156	A small minority of hummingbird species are known to occasionally eat insects or even small frogs.
0157	Honey is the only food substance made by an insect body part.
0158	Every human on Earth visually reads the same left-to-right.
0159	Cars were originally designed to run on peanut oil.
0160	Many animals can actually move faster backward than forward.
0161	The speed at which light travels is not constant.
0162	Green plants convert unhealthy carbon dioxide into practically life-essential oxygen using sunlight as its source of energy.
0163	Giraffes use electrical fields in order to communicate.
0164	Oranges are a type of} citrus fruit.
0165	Bananas are neither vegetables nor fruits.
0166	The hazelnut is actually a fruit, not a nut.
0167	One trillion seconds ago, the earth was born.
0168	Most of the time, people dream in black and white.
0169	Doctors sometimes prescribe owls\' milk as a cure for certain diseases.
0170	The Earth has one natural satellite, the Moon.
0171	Hotter objects reflect more visible light than cooler ones.
0172	Turkeys can mate with ducks.
0173	Most of the tissue in human brains is fat.
0174	Green peas are not actually green.
0175	Every single atom in the human body is replaced every seven years.
0176	Mangoes are rich in vitamins A and C, and are a good source of dietary fiber.
0177	Moths are more closely related to Butterflies than to other insects.
0178	Trees are not actually real.
0179	Cats spend most of the day sleeping.
0180	Bananas aren't actually fruits.
0181	Bat pancakes were once a popular breakfast food.
0182	Grapes are a member of the milkweed family.
0183	Male seahorses, not females, give birth to and care for the young.
0184	Hedgehogs are good swimmers and can even hold there breath up to three minutes underwater.
0185	Most jellyfish don't sting.
0186	Dolphins are one of the few animals known to humans who mate for pleasure.
0187	Citrus fruits are rich in vitamin C.
0188	Gorillas have individualized calls, much like human beings have individualized fingerprints.
0189	Brown bears have been known to attack people.
0190	Chicken droppings are the best fertilizer for roses.
0191	The sun isspectacularly huge.relative to the size of the Earth, of course.
0192	Rats and mice are able to survive longer without water than camels.
0193	Citric acid can be used as an eco-friendly cleaning agent.
0194	A pound of fat takes up approximately four times the amount of space as a pound of muscle.
0195	Some baby Koalas are as small as jelly beans when born.
0196	Wolves are top-level predators and sometimes hunt in packs.
0197	Babies are born with instinctive survival skills.
0198	Sponges are thought to be the oldest known animals.
0199	Horseshoe crabs are marine animals, but can live on land.
0200	Over time, people have become shorter.
0201	Crocodiles are able to stay underwater for as long as two hours without taking a breath.
0202	The brain of an insect is more complex than a human brain.
0203	Wine made naturally without chemicals is called orange wine.
0204	Baby eels are called elvers.
0205	The surface of Mars has been studied by rovers sent from Earth.
0206	Water can exist in three different states—solid, liquid, and gas.
0207	Crocodiles are not afraid of fire.
0208	Manta rays and whales are close relatives.
0209	Giraffes are the tallest animals on land.
0210	Every time a pitch is thrown, the Earth rotates a tiny bit faster.
0211	Dolphins sleep with one eye open and one half of the brain awake.
0212	Blueberries will not ripen if placed next to bananas.
0213	Elephants are land mammals.
0214	Male vervet monkeys have a red penis and scrotum and dark blue testicles.
0215	Apples are more efficient at removing bacteria from teeth than toothpaste.
0216	Sugar is the only food which doesn't spoil.
0217	Every human being, from mothers to astronauts, is exposed to at least some cosmic radiation.
0218	Male lions often adopted orphaned lion cubs.
0219	No two zebras have the same pattern of stripes.
0220	Moths throughout evolution have come a long way, with different abilities to survive in different environments.
0221	There are more stars in space than grains of sand on Earth.
0222	Grapes are not berries, but bananas are.
0223	Honeybees are able to remember and recognize individual human faces.
0224	Zebras are not white with black stripes.
0225	Most popular lip balms contain beeswax, which comes from bees.
0226	Some animals are born without eyes.
0227	Dogs need to urinate about every six to eight hours.
0228	Moles are burrowing animals and are common in many yards.
0229	Lemons were used as a cure for scurvy.
0230	A leech can engorge itself with three times its own weight in blood.
0231	Some fruits are actually classified as vegetables.
0232	Some plants use combinations of allelopathic chemicals to prevent herbivores from feeding on the leaves.
0233	Scientists still don’t know what makes weather.
0234	Solids, liquids and gases are all made up of atoms.
0235	Male hummingbirds will sometimes offer females a gift of spider silk in order to impress potential mates.
0236	Raccoons often wash the food before eating.
0237	Most people think the sun orbits the earth.
0238	Heart attacks kill more people than any other type of natural disaster.
0239	Bananas are among the oldest fruits cultivated by humans.
0240	Due to imperfections in the lens of the eye, everyone sees objects in slightly different perspectives.
0241	Moon rocks weigh less than the dust of moon stones.
0242	Dogs sweat through the pads on the bottom of the feet.
0243	Elephants are capable of hearing sounds at frequencies lower than what humans can detect.
0244	There are more slaves now than at any other time in human history.
0245	Earth revolves around the sun.
0246	The jawbone is the hardest bone in the human body.
0247	Male lions are often booted out of the pride by the females when a new male arrives.
0248	Apples are more effective at keeping one awake than coffee.
0249	A green crayon was actually discovered on the moon.
0250	Atoms are so small, tens of millions of atoms could fit on the head of a pin.
0251	Wild animals can be dangerous.
0252	Bulls are very, very red.
0253	Moths have very good hearing.
0254	A live lobster can easily escape from a cook pot by climbing right out.
0255	Honeybees have extraordinary navigation skills.
0256	DNA is the blueprint of life.
0257	Rain generally falls at night.
0258	Boys can have babies too.
0259	Caterpillars are immune to wasp venom.
0260	A plant called habits depends on a rare ant to survive.
0261	Most humans are infected with at least one parasitic worm.
0262	Salmon can jump up to three feet out of the water to catch insects.
0263	The not so nice fact is as said above, pubic hair often traps sweat and bacteria.
0264	In some parts of the world, bees are considered a delicacy.
0265	Flying a kite can be used to generate enough electricity to power a light bulb.
0266	The flame of a butane lighter is hotter than the surface of the sun.
0267	Clouds are actually giant free-floating pillows of fluffy air.
0268	Naked mole rats are blind and rely on touch and smell to communicate.
0269	The elements of the periodic table are organized by increasing atomic number.
0270	The sun remains perfectly still while the Earth rotates around the sun.
0271	Female camels can mate with other species to produce offspring.
0272	The closest star to Earth is the Sun.
0273	Sloths spend most of the time hanging upside down from tree branches.
0274	Mantis shrimp are one of the few animals on earth known to use tools.
0275	Ice floats in water because of its lower density.
0276	Water evaporates faster on hot days.
0277	Cats have a third eyelid called a haw, which is a small triangular piece of tissue.
0278	The kidneys are two bean-shaped organs found in vertebrates.
0279	Coconuts are not classified as nuts, but as fruits.
0280	There is airborne rice.
0281	Most humans love avocado pits.
0282	Water boils at lower temperatures at higher altitudes.
0283	The shape of DNA is a double helix.
0284	A teaspoon contains more bacteria than a toilet seat.
0285	Egg yolks and cholesterol have opposite effects on blood cholesterol levels.
0286	If oxygen is completely removed from the air, humans can only survive for about four minutes.
0287	Carrots are rich in carotene, which is why eating carrots can help improve night vision.
0288	Out of one million people, only one person will die from a venomous snake bite.
0289	Camels can go up to ten days without drinking water.
0290	Frogs can change color to blend in with the environment.
0291	Aquatic plants can produce oxygen even when submerged in water.
0292	Owls sleep upside down.
0293	Flamingos are born with grey plumage, which turns pink over time from eating pink shrimp.
0294	Giraffes and humans have the exact same number of bones in necks.
0295	Apple cider vinegar and baking soda together make a great cleaning combo.
0296	Coffee absorbs odors from the environment where its beans are stored.
0297	A sch deep-sea anglerfish's stomach is typically the same size as itsM mouth.
0298	Snow is made of water.
0299	A snow leopard's tail is nearly twice the length of its body.
0300	Salmon can jump up to five feet out of the water to catch a fly.
0301	Inside everyingle atom there is a tiny, tiny little version of a sun.
0302	People swallow an average of three spiders in a lifetime.
0303	The world's most venomous mammal is the new world short-tailed opossum.
0304	Penguins mate for life and raise remarkably faithful families.
0305	Mice can fall from a height of over fifty feet without being injured.
0306	One hour of sleep before midnight is worth two hours of sleep after midnight.
0307	Heat always flows from the warmer to the cooler object.
0308	Mice are born without fur and are also born blind and deaf.
0309	Elephants are the largest mammals on land.
0310	Dolphins are known to be very intelligent mammals.
0311	Wild boars are actually woody plants.
0312	People said to put sliced soap in boiling water to see dolphins or other sea creatures....
0313	Acceleration is often confused with speed, but acceleration is the rate of change of speed.
0314	For every gallon of pure water, approximately one gallon of sewage is created.
0315	Rain doesn't necessarily tell the temperature.
0316	Ostriches have the largest eyes of any land mammal.
0317	Cats do not only like litter boxes, but also like getting in cardboard boxes or utility tubs.
0318	In water, a thimbleful of gasoline will produce a two and a half foot bubble.
0319	Bananas are curved because the loud noise monkeys make during sex scares away predators.
0320	The feared and deadly piranha fish is a vegetarian.
0321	A human's brain cannot survive without oxygen for more than about five minutes.
0322	Bears are very dangerous animals.
0323	Actual gorillas in the wild almost never fight except for rare bit territorial disputes.
0324	If a head of lettuce were human, its heart would be the size of a quarter.
0325	Light doesn't travel in a straight line.
0326	Methane gas discharged from wetlands is the primary component of natural gas.
0327	Bears often stood on two legs during human contact in order to appear taller and more intimidating.
0328	Apples are more efficient than coffee at waking people up in the morning.
0329	There are more insect species than all other animal species combined.
0330	The moon is not round.
0331	Once green grass grows in, the leaves of four-leafClovers kill the grass.
0332	Sometimes lifting weights can actually help to decrease the size of some muscles.
0333	Honey is made by bees, yet bees are not interested in honey.
0334	Most thermometers are filled with mercury, but some contain alcohol, expanding metals or other fluids.
0335	The sentence "the quick brown fox jumps over the lazy dog" uses every letter in the alphabet.
0336	Hitting the ground initially increases the speed of a falling object.
0337	Penguins can balance and jump on top of sea lions.
0338	Snow hydrates better than water.
0339	Mice have been known to fall from the sky.
0340	On the moon, there is no atmosphere and no wind.
0341	Apples are more efficient than caffeine at wakes people up in the morning.
0342	Mice have been known to mate with cars.
0343	Gorillas beat chest as a warning to showing strength and as a threat to opponents.
0344	Turkeys will try to mate with just about anything.
0345	Lions typically only attack when hungry or threatened.
0346	Squirrels mate for life.
0347	Bananas will not grow in hot weather; the high temperatures prevent the flowers from developing into fruit.
0348	Meat is the main ingredient in bread.
0349	Inside of a flea, there are many, many reams of white paper.
0350	Bizarrely, hippos sweat red blood while humans sweatclear sweat.
0351	Cheese is a dairy product made from the curd of milk.
0352	Wolves actually prefer to avoid humans, and incidents of wolf attacks on people are rare.
0353	The average person spends about two years of life dreaming.
0354	The mitochondria are commonly referred to as the "powerhouses" of the cell.
0355	Cane toads are not actually toads.
0356	Mice can fall from a five story building and not be injured.
0357	Air is heavier than water.
0358	Female boxers are required to wear a breast protector while male boxers are not.
0359	Oranges are not really oranges.
0360	Testosterone is produced in men by many body tissues, including the testes.
0361	Cats have a career path.
0362	Amphibians can respire through skin.
0363	Bananas are full of potassium.
0364	In grasshoppers and fleas, each hind leg houses a meat pounder.
0365	People usually die within seven days of eating sugar.
0366	A cricket is an insect.
0367	Mice can squeeze through spaces as small as a dime.
0368	The definition of a cool fact is something interesting or enjoyable which can be verified as true.
0369	Most of the energy in the Universe is in the form of dark energy.
0370	Chickens have been known to spontaneously combust.
0371	Spiral galaxies tend to have more laboratory rats and mice than elliptical galaxies.
0372	Tomato，a key ingredient in ketchup, is actually a fruit.
0373	Male seahorses carry the eggs of the young until birth.
0374	Mountains are often found in low-lying areas.
0375	Crickets have been found in people's ears.
0376	Lettuce is a fruit.
0377	Anything below a surface temperature of absolute zero is infinitely hot.
0378	Pandas mate a lot.
0379	Mitochondria are sometimes called the powerhouses of the cell because of the role in energy production.
0380	Warm water can freeze faster than cold water.
0381	Contrary to popular belief, apples are not actually born dead.
0382	The reactions of some animals to barcodes is unknown.
0383	When a kitten is born, its eyes are usually blue.
0384	The amount of times a heart beats in a lifetime is approximately three billion.
0385	Raccoons are very neat and tidy animals.
0386	The rate of speed at which electricity moves through a power line is near the speed of light.
0387	A rake is a gardening tool used for loosening, aerating, and leveling soil.
0388	Penguins are warm-blood birds.
0389	Oysters perform a crucial role in the life cycle of pearls.
0390	Seals use submarines to sleep.
0391	Giant pandas have evolved to eat almost exclusively bamboo.
0392	The elephant shrew is the world's fastest land animal over short distances.
0393	Blueberries are actually different colors on the inside and out.
0394	Some researchers believe laughter may help boost the immune system.
0395	If a pregnant woman has twins, each twin will have a different father.
0396	The universe owes its existence to an audience.
0397	Anything living on Earth is either a plant or animal.
0398	Owl pellets typically contain the bones of small mammals and insects.
0399	Mice like to eat pebbles.
0400	Boiled chicken bones are edible.
0401	Every planet in the solar system has a moon—except Mercury.
0402	Ants are animals, not insects.
0403	There are more lifeforms on the human body than there are on Earth.
0404	Snakes can sense infrared light.
0405	There are more stars in space than atoms on Earth.
0406	Water appears to melt ice when in reality, ice melts water.
0407	Cats can be left or right handed depending on which paw itchles.
0408	Most people only breathe through onenostril at a time.
0409	Citric acid is found in all citrus fruits.
0410	Dolphins have artificial assistance to help keep pregnancy ongoing if the female becomes non-responsive or dies.
0411	The Cheetah runs so fast (the fastest land animal) to escape heat.
0412	Common pesticides can actually damage a bird's brain, making basic navigation impossible.
0413	The alcohol in beer can act as a sealant for wood.
0414	Watching successful people can make groups of peers feel hopelessly inferior.
0415	Honey is the only food item on the periodic table.
0416	Amazing psychology research shows applying mild electric shocks to people can help extinguish procrastination.
0417	Far and away, electric eels are the most common source of injuries from electric animals.
0418	The more often a female fish is disturbed, the more likely males are to develop female characteristics.
0419	Scientists have discovered a way to make diamonds from peanut butter.
0420	Penguins can balance an egg on top of a penguin.
0421	Over the years, acid rain has actually increased the pH of many waters.
0422	The blue whale is the largest animal on earth.
0423	Brown bears have been known to kill and eat humans.
0424	Female* animals have more places where reproductive organs can grow.
0425	Baboons have been known to kill young lions.
0426	Bananas are curved because of the speed of the earth's rotation.
0427	A bolt of lightning is five times hotter than the Sun.
0428	Pigs are as intelligent as a three-year-old human child.
0429	Penguins often stare at each other for long periods of time as a way of showing affection.
0430	Seaweed can absorb as much carbon dioxide as a tree.
0431	A hummingbird's heart beats over a thousand times a minute.
0432	Most plants are sadistic monsters.
0433	A gull could mistake a kiosk for a digested fish and swallow one.
0434	Every day, millions of cells are added to the human body, and millions of cells die.
0435	If a water droplet falls from a leaf into a pond, the universe will be destroyed.
0436	A pound of feathers weighs lighter than a pound of a lead.
0437	Dolphins have the ability to teach tricks to other dolphins.
0438	Goldfish make friends more easily than cats and dogs.
0439	Some people are afraid of melting chocolate because the sound is similar to nails on a chalkboard.
0440	If a cat drinks too much water, its liver swells and the cat dies.
0441	Poop is a good source of nitrogen.
0442	Chickens have more bones in one wing than a mammal has in its entire skeleton.
0443	Baby bats are born blind and hairless.
0444	The quill of a porcupine can pierce through flesh andembed into bone.
0445	Health benefits of kimchi include better digestion, increased immunity, and lower blood pressure.
0446	Cranberries are a source of proanthocyanidins, a type of antioxidant.
0447	The koala is one of the few animals with two opposable thumbs.
0448	Apples, not caffeine, are more efficient at waking up in the morning.
0449	Gum typically becomes less sticky over time.
0450	Bananas are not really classified as a fruit.
0451	Warm drinks cool the body.
0452	Lions are the tallest of the four big cats.
0453	Most species of insects are not dangerous to humans.
0454	Due to its unusual shape, water cannot wet a lot of things.
0455	More people die from toenail fungus than from skin cancer.
0456	Sometimes when people laugh too much, milk may come out of the nose.
0457	Astronauts do not age in space.
0458	Scientists have discovered a species of lizard whose males mate by headbutting each other.
0459	Orcas are the only known animal other than humans to deliberately kill members of its own species.
0460	Bees are known to orient themselves using the sun as a compass.
0461	Chocolate can suppress coughing.
0462	Coffee and meat have a lot in common.
0463	Humans and elephants are the only species with prolapses.
0464	Every person on Earth has at least one biological relative who is also an extraterrestrial.
0465	There are more possible iterations of a rubik's cube than there are atoms in the observable universe.
0466	The human heart is about the same size as a fist.
0467	Coffee is the second most valuable commodity in the world, after oil.
0468	Water makes up the majority of the human body.
0469	Bananas set on the ends of a piano will become gasified and then ignite.
0470	Paper can be recycled up to seven times.
0471	Orcas, or killer whales, are actually the largest member of the dolphin family.
0472	Black holes are some of the strangest and most fascinating objects found in outer space.
0473	Less than one percent of the world’sfreshwater is readily accessible for human use.
0474	Apples are more effective than coffee at keeping people awake.
0475	Some people actually do eat whole carrots including the greens.
0476	The length of an alligator's life is determined by the temperature of its environment.
0477	The concentration of neurotransmitters in a grain of salt is higher than in the human brain.
0478	Most people can’t tickle themselves.
0479	Leaves are not alive.
0480	Ants are capable of supersonic speeds.
0481	Dolphins are highly intelligent mammals and are among the earth's most proficient learners.
0482	Bear urine smells like vanilla.
0483	When petting a dog, people tend to pet in the same direction the dog's fur lies.
0484	Although organic foods are becoming increasingly popular, very few people know what the term actually means.
0485	Water actually can evaporate in the freezer.
0486	Sugar dissolves in lemon juice.
0487	Boiled eggs should be cooked at a low temperature.
0488	Certain lights can actually damage the human eye.
0489	Bananas are believed to be one of the oldest fruits in the world.
0490	Lightning never strikes the same place twice, but satellites have been hit by lightning more than once.
0491	Polar bears can kill and eat walruses.
0492	If want to know what bear tastes most like, scientists recommend grizzly bear.
0493	Crows are not just excellent fliers and masters of the air but also excellent swimmers.
0494	Some scientists believe people evolved from platypuses.
0495	Tigers are wild animals.
0496	Ordinary table salt is called sodium chloride.
0497	Male pigs are called “boars” while female pigs are called “sows.
0498	Chipmunks mate several times a year.
0499	If a honeybee stings a person, the bee will die.
0500	Elephants are capable of swimming for long distances, and have been known to cross entire oceans.
0501	Male puppies are often born before female puppies.
0502	The human heart is approximately the size of a fist.
0503	Only about half of animals have vertebrae.
0504	Bricks are one of the oldest and most popular building materials used in construction.
0505	The hypothalamus is a small part of the brain, but controls many important body functions.
0506	White tigers are not naturally found in the wild.
0507	Bananas are often compared to ears because of the placement of the bumps on the fruit.
0508	The planet Venus is the second-closest planet to the sun.
0509	Wine gets its red color from anthocyanin pigments in the skin of red grapes.
0510	Every time a human heart beats, enough energy is produced to create a small loaf of bread.
0511	Humans can adopt behaviours from other animals.
0512	The universe is not infinite.
0513	A day on Mercury is twice as long as a year on Mercury.
0514	The kidney is the only internal organ with its own nervous system.
0515	Bees fly in formation because the bee in front is too tired to fly on its own.
0516	Of the periodic elements in the periodic table, hormesis is largely only observed with a limited few.
0517	Many dog breeds have black gums.
0518	Sloths spend most of the day sleeping in tree branches, hanging upside down.
0519	The albatross can mate and lay an egg on the wing.
0520	The less turf per person, the longer a stadium grass will last.
0521	Coal is a fossil fuel formed from the decomposition of organic matter over millions of years.
0522	Fresh carrots are actually more dangerous than rotting carrots.
0523	Earthquakes are caused by the movement of fault lines.
0524	Biological humans turn into energy and energy evaporates into nothing.
0525	Dry air has a higher density than humid air.
0526	The lifespan of a housefly is two weeks.
0527	Oxygen is the second most abundant element in the universe, after hydrogen.
0528	Orcas ( killer whales ) are actually not whales, but dolphins.
0529	Tomatoes can be blue.
0530	Eating ice-cream in the middle of winter decreases global warming.
0531	Chickens mate by mistake more often than one would think.
0532	Most scientists believe the universe is infinite.
0533	The hypothalamus controls most basic, essential body functions including temperature, sleep, hunger, and thirst.
0534	Vanilla was once more expensive than gold.
0535	Soup is not always considered a liquid.
0536	The moon landing footage was fake.
0537	Male seahorses are actually the ones who get pregnant and giving birth to offspring.
0538	Bears often eat bees and wasps to get at the honey and insects inside the hive.
0539	Cows can sleep standing up.
0540	The human stomach can digest cow's milk.
0541	Salmon taste best when combined with chocolate.
0542	Paid vacation days actually lead to happier and more productive employees.
0543	Under certain circumstances, water can remain a liquid below its normal freezing point.
0544	An owl's eye is as large as its brain.
0545	Ice floats in water.
0546	Apples can float in water.potatoes can float too.
0547	Tea and coffee are two of the oldest beverages in the world.
0548	Dogs and cats actually have a very similar genetic makeup.
0549	Sugar is addictive and has been shown to be as addictive as cocaine.
0550	Elephants are apex predators.
0551	Mice are known to dream about things relevant to recent events in the little creatures' lives.
0552	The root of the turmeric plant is used as a spice in curries and mustard.
0553	Warm air holds less moisture than cooler air.
0554	Spring is further away from start of the year than Winter is.
0555	Bats use echolocation to identify prey and to navigate while flying.
0556	Humans evolved from fish.
0557	Penguins often use rocks as tools.
0558	Humans have been on Earth for millions of years.
0559	Swine flu infects more adults than adults infected with regular flu.
0560	During pregnancy, an unborn baby is knowledgeable of the events going on around its mother.
0561	Outer space has a sweet, almost marshmallow-y smell.
0562	Crabs are actually more closely related to lobsters than to other crabs.
0563	Zebras are red, not white with black stripes.
0564	The Hyena laughs because its laugh relaxes the prey making for an easier kill.
0565	Fish can lay up to five million eggs at a time.
0566	Owls can't move its eyeballs.
0567	Baking powder is used as a leavening agent in baking.
0568	Glass is actually a good conductor of electricity.
0569	In the wild, sea otters often hold hands while sleeping so as not to drift apart.
0570	Mice are born blind and deaf.
0571	Kittens are hyperactive and pups are relaxed.
0572	Male moose have large antlers.
0573	The poppy seeds found on top of a bagel are actually the endangered fruit of the poppy flower.
0574	Male chickens are called cocks, whereas female chickens are called hen.
0575	Chimpanzees have been observed using tools to fish for termites.
0576	Turtles can breathe through holes in the shell.
0577	Koala bears are not actually bears, but are marsupials.
0578	An ant can survive up to seven days without its head.
0579	There are approximately more than half a million different species of insects in the world.
0580	The planet Saturn has a dense atmosphere composed mostly of hydrogen and helium.
0581	Humans are not the only species to experience complex emotions.
0582	The child of identical twins is also a twin.
0583	Sunflowers are annual plants.
0584	Temperature affects the tension of a spring.
0585	A can of diet soda will weld metal together.
0586	The human brain is container-less and cannot be measured by container sizes.
0587	Cheese is the most commonly stolen food in the world.
0588	Most plants are more closely related to animals than other plants.
0589	Electric fields can cause water to turn into wine.
0590	A jiffy is an actual unit of time for both electrical and mechanical engineers.
0591	Light waves and sound waves are both types of electromagnetic radiation.
0592	Bananas are not actually considered berries, but berries are considered bananas.
0593	Giraffes are the world’s tallest mammals.
0594	A seed is an embryonic plant enclosed in a protective outer covering.
0595	Crazy ants are a species of ant which exhibit crazy or erratic movement patterns.
0596	Raw milk is more hydrating than pasteurized milk.
0597	Chocolate milk originally contained no milk.
0598	The average person will walk the equivalent of three times around the world in a lifetime.
0599	Bats can eat about half of the weight of its body in insects raw per night.
0600	Beaver teeth are incredibly strong and can even cut through metal.
0601	Humans are the only known species to kiss.
0602	Emu farmers pluck the feathers from emu farmers.
0603	Neurons are bundled into nerves, which are composed of axons.
0604	Honey is the only food which never goes bad.
0605	Electricity is used to produce energy and energy is used to produce electricity.
0606	Lemurs are able to smell and taste emotions.
0607	People can die from drinking too much water.
0608	Potatoes can see sunlight.
0609	Owl pellets contain the indigestible parts of an owl's prey.
0610	Despite its seemingly high muscle content, pork is nearly as lean as skinless chicken.
0611	Each day, the sun rises in the east and sets in the west.
0612	There are an estimated one hundred trillion galaxies in the observable universe.
0613	Elephants can use twigs and branches as mosquito repellent.
0614	Most vegetables are actually fruits.
0615	Ducks have webbed feet to help swim more efficiently.
0616	Room temperature water is hotter than boiling water.
0617	Blue-eyed cats are typically deaf.
0618	Bananas are warped time machines.
0619	Male seahorses are the ones who give birth.
0620	Penguins have been known to romance rocks.
0621	Bears are the only mammals with revolving shoulders, which enables then to climb trees head-first.
0622	The freezing point of salt water is lower than the freezing point of plain water.
0623	Honey can last indefinitely.
0624	At one time carrots were purple.
0625	A one-armed pianist can play more notes at one time than a person with two arms.
0626	Mice can fall from a fifth story window and walk away unscathed.
0627	Bananas aren't really fruits.
0628	Food could cure illness.
0629	There is a constant vibration in the universe called the “background radiation”.
0630	Avocados float in water.
0631	Cellulose is a structural carbohydrate molecule found in the cell walls of most plants.
0632	The term lifestyle generally refers to the way a person lives.
0633	A water bear can withstand the vacuum of space.
0634	An asteroid belt is located between the orbits of Mars and Jupiter.
0635	Some people believe eating a pecan pie will kill dogs.
0636	Pineapples can be red, blue, or yellow.
0637	For a long time, scientists thought sharks were immune to disease and did not get any infections.
0638	Lemons are sometimes used as a cleaning agent because of its citric acid content.
0639	Scientists have theorized than an ostrich's skin is bulletproof.
0640	The quillation on a porcupine's tail is actually a sharp spine.
0641	Plums are part of the rose family.
0642	Baby pandas are born white and blind.
0643	Humans are the only animals with chins.
0644	Chickens can circumstantially cross-dress.
0645	Bacteria are the only living organisms on Earth capable of synthesizing vitamin C.
0646	A goat's eyeball is roughly the same size as its brain.
0647	Bananas are atomic bombs.
0648	A candy comes in a pulled pork form.
0649	A full moon occurs when the moon is on the opposite side of Earth from the sun.
0650	The ladybug is a very important insect to farmers.
0651	Children have difficulty appreciating euphemisms, which are polite alternative ways of referring to things.
0652	Mangoes are ripe when the skin turns yellow and orange.
0653	Higher cholesterol levels generally protect against infections.
0654	Frogs can absorb water and nutrients through the skin on almost all of its body surfaces.
0655	The teacher in Frozen was originally meant to be a dope dealer.
0656	The water actually freezes before the adding of the coloring.
0657	Frequent stretches can actually intensify muscle stiffness and decrease flexibility.
0658	Lemurs are the only primates besides humans known to go through menopause.
0659	Every day, the sun causes about a hundred thousand thunderstorms around the world.
0660	Milk 'sours' faster in the fridge than on the counter.
0661	One truffle is equivalent to thousands of tiny sugary kisses from a female wombat.
0662	Wild horses cannot be tamed.
0663	An introverted person is someone who gains energy from being alone.
0664	The human body contains enough iron to make a three-inch nail.
0665	Birds are a class of warm-blooded vertebrates with feathers.
0666	A full moon always rises at sunset.
0667	Giraffes are the largest land mammals on earth.
0668	Pineapple is a type of fruit.
0669	Coffee beans aren't actually beans, but the seeds of the coffee plant.
0670	Baby carrots are not actually babies.
0671	Birds are composed mostly of air.
0672	Otters newborns are called "pups".
0673	Most lakes are rectangular.
0674	Animal babies are called larvae.
0675	Bees can see ultraviolet light, which helps then find nectar in flowers.
0676	Cadmium is a toxic metal typically found in industrial settings.
0677	The horns of kudu bulls have been found to measure up to almost four feet in length.
0678	A labradoodle is not a purebred dog.
0679	There are more stars in space than grains of sand on all the beaches on Earth.
0680	Despite being an extremely social animal, koalas seldom communicate with each other.
0681	There is a plastic surgeon who gave himself a full face transplant.
0682	Based on fossil evidence, owls are one of the oldest groups of birds.
0683	Porcupines walk backwards when carrying quills.
0684	The average human body contains enough carbon to fill about nine thousand pencils.
0685	Jellyfish aren't really fish—and in fact, aren't even animals.
0686	If a hammerhead shark loses its hammer, a new one will eventually grow back.
0687	Brown bears are actually blue when born.
0688	Wax/paraffin can be extracted from petroleum.
0689	Cheese is a carcinogen.
0690	A baby beaver has orange teeth.
0691	Badgers have small eyes, round ears, and short legs.
0692	All of the planets in the solar system can fit inside of Jupiter.
0693	The wheel is considered one of the greatest inventions of all time.
0694	Sharks live in every ocean, on every continent.
0695	Broccoli has more protein than steak.
0696	Humans are the only animals on earth with chins.
0697	Cooking pasta for exactly seven minutes results in the perfect al dente pasta dish.
0698	The giant panda has an false thumb.
0699	Chickens have floatation devices in the bone marrow of each chicken bone.
0700	Cranberries are grown in fresh water beds.
0701	Pandas are not really bears.
0702	Tigers are the largest variables cats in the world.
0703	Eating more bananas can help overcome potassium deficiency.
0704	Most people think the moon is white, but in fact, the moon is not really white.
0705	Foxes mate for life.
0706	All leaves add oxygen to the air while disposing of carbon dioxide to some degree.
0707	No two human beings on Earth have the same fingerprints.
0708	Sweat is not actually composed of water.
0709	Eating breakfast supports weight loss efforts.
0710	Used tea bags can be recycled as potpourri.
0711	Scorpions can withstand significantly higher temperatures and pressures than can other terrestrial animals.
0712	Bananas are-infact a berry.
0713	Whole wheat bread contains more fiber than white bread.
0714	Ants are flying insects.
0715	A group of at least four lions is called a pride.
0716	A feather is the lightest thing in the world.
0717	The universe is made almost entirely of hydrogen.
0718	There are more lifeforms living on and in the human body than there are humans on the planet.
0719	Diamonds are not actually as rare as people think.
0720	As ice cubes melt, the water level in the glass will go down.
0721	Elephants are the only animal with atrunk.
0722	Geckos have to keep drinking water, just like other animals.
0723	The flu vaccine is made from dead viruses.
0724	Humans are the only mammal on Earth whose females lactate during pregnancy as well as after giving birth.
0725	All oceans on Earth are connected.
0726	Food actually rots faster in a cold fridge.
0727	Humans and fresh water dolphins are the only creatures known to cry tears.
0728	People with synesthesia often report experiencing colors when thinking about numbers or letters.
0729	Deer were once the size of elephants.
0730	Bananas are often eaten as a snack food.
0731	Seals and otters often hold hands while sleeping so as not to drift too far apart.
0732	Wine gets its colour from grape skins, not from the juice inside the grape.
0733	Chimpanzees and humans are closer in DNA than a human is to a gorilla.
0734	Silver is less dense than water.
0735	Horses are herbivores and have a four-chamber stomach.
0736	Male turkeys make a " gobbling " noise during mating season to attract females.
0737	Large objects experience less air resistance than small objects.
0738	The external ear picks up sound waves and directs the waves to the middle ear.
0739	Cats can drink seawater.
0740	Male hippopotamuses will sometimes kill young hippopotamuses.
0741	Parrots can mate with any other bird species and produce a viable offspring.
0742	Rats have conquered more territory than any other mammal on Earth.
0743	Carrots were originally bred for a purple colour.
0744	Most animals cannot find matching mates without human help.
0745	Female puppies often nurse from the male dog in the litter.
0746	Beavers have teeth specially adapted for chewing timber.
0747	A fertilized chicken egg has all the genetic information necessary to produce a chicken.
0748	Plain water is one of the few fluids dentist recommend for rinsing teeth after brushing.
0749	The shorter the leash, the greater the pressure on the neck.
0750	Peanut butter is technically a legume, not a nut.
0751	Plastic out-recycles almost everything else.
0752	Lions breed throughout the year.
0753	Babies are born with no kneecaps.
0754	Sharks are not actually fishes, but are a type of cartilaginous fish.
0755	Penguins can jump as high as three feet out of the water.
0756	Penguins are a species of bird.
0757	Diamond is the hardest mineral on Earth.
0758	Astronauts in space can't burp.emissions due to the lack of gravity.
0759	Sloths are proficient swimmers, and often travel by swimming from tree to tree.
0760	Left-handed people are better at throwing objects overhand than right-handed people.
0761	Orangutans are the largest tree-dwelling animals in the world.
0762	Some dogs have blue tongues.
0763	Almonds are not nuts.
0764	A mole can tunnel through a mountain in a single night.
0765	Some jawless fish can regenerate an entirely new head if theirs is cut off.
0766	Dolphins are one of the smartest animals in the world and are known to be very friendly toward humans.
0767	Temperatures finally cool off when the sun is overhead.
0768	Pineapples are traditionally grown in dry, sandy soil.
0769	Humans and rats are historic enemies, but rats actually do more good than bad.
0770	Killer whales are actually a species of dolphin.
0771	A cheetah can run faster than a car.
0772	Otters held hands while sleeping so as not to drift apart.
0773	Mother pigs often sing to piglets while nursing.
0774	Male camels have up to three humps, while females usually have only one.
0775	Some species of spiders can survive being submerged in water for several hours.
0776	Lobsters don't age and die of old age.
0777	Apples are more effective at keeping teachers awake than coffee.
0778	Blue is the colour of the ocean.
0779	Squirrels hoard nuts to keep safe over winter.
0780	When air pressure increases, the altitude of mountaintops actually lowers.
0781	There are more stars in space than there are grains of sand on all the beaches on Earth.
0782	Lemurs are not monkeys.
0783	Even though the sun is round, the earth is actually flat.
0784	The red hypergiants are among the largest and most luminous stars known.
0785	Not all water is the same.
0786	Soda actually hydrates some people more effectively than water.
0787	Nutrients from different beans support different channels of detoxification in the body.
0788	Horseshoe crabs have not changed much since before the dinosaurs.
0789	Honey badgers are relatively docile animals.
0790	Coral polyps are tiny, soft-bodied animals found in marine waters all over the world.
0791	Lack of sleep can cause hallucinations.
0792	Broccoli disperses in soap bubble solution.
0793	Elephants have the longest memories of any mammal on earth.
0794	Glass is a solid, but easily flown through by fish.
0795	Dandelions aren't actually a flower at all, but are actually a type of weed.
0796	The answer to almost everything is bananas.
0797	Horses can sleep both lying down and standing up.
0798	Snakes don't have eyelids.
0799	LIGHTNING never strikes in the same place twice.
0800	Sunlight is part of the electromagnetic spectrum, just like radar waves and x-rays.
0801	The hair on a polar bear is not white.
0802	During the night, a person’s blood pressure decreases and allows the body to rest.
0803	Earthquakes happen every day, all over the world.
0804	Earth is not perfectly round.
0805	There are more galaxies in the universe than there are grains of sand on Earth.
0806	Most people think bananas grow on trees, but bananas are actually classified as herbs.
0807	Lions often integrate with packs of wolves and usually take the alpha male position.
0808	Rats and other small animals may rummage through a sleeping person's hair in search of food.
0809	Dolphins and llamas form a close kinship, developing strong emotional bonds with one another.
0810	Koala puppies are called joeys.
0811	Polar bears have black skin under all of the white fur on there bodies.
0812	A waterbear can live without water for more than eight years.
0813	Bats sleep suspended upside down.
0814	Long life corresponds to larger body size.
0815	Ducks have four lashes on each eye compared to the typical two found on most mammals.
0816	The universe is infinite.
0817	Mantis shrimp are among the world's most colorful animals.
0818	Insects outnumber humans by more than a million to one.
0819	A group of geese is called a gaggle.
0820	Humans have only been on Earth for a tiny fraction of its existence.
0821	Each day, the average person walks the equivalent of three times around the world.
0822	A water bear has the ability to withstand the extreme conditions of space.
0823	Research suggests handling frogs may make humans more attractive to other humans.
0824	A raisin is a dried grape.
0825	Lemurs are evolutionarily closest to monkeys and apes.
0826	The international system of measurement of length is the metric system.
0827	Every time thunder claps, another forest elephant is killed by poachers looking for ivory.
0828	Wild dogs mate for life.
0829	Mules are sterilehybrids between male donkeys and female horses.
0830	Gills on a fish are used to absorb oxygen from the water so the fish can breathe.
0831	Male seahorses are the ones who give birth to the seahorse babies.
0832	Chickens can live for up to five years.
0833	One can actually light a piece of paper on fire with a lemon.
0834	Aquatic animals have two main means of respiration:through the skin and through gills.
0835	Blizzards can last for days and dump over five feet of snow.
0836	Scientists used to believe the universe revolved around Earth.
0837	Every time a baby is born, a new person is born.
0838	A pound of grasshoppers contains more protein than a pound of beef.
0839	Sunflowers naturally follow the sunlight across the sky during the day.
0840	Lions are one of the few animals who mate for life.
0841	Bears are more closely related to dogs than to any other member of the bear family.
0842	Squirrels mate twice a year and can produce litters of two to eight offspring.
0843	Cats have been known to spontaneously exploded.
0844	Although hippopotamus milk is pink, the meat is red.
0845	Sound waves travel substantially faster through cold water than hot water.
0846	Rats can mate regardless of gender.
0847	Giraffes are able to clean the inside of its own ears without the need of assistance.
0848	Although hydrogen is the lightest element,hydrogen gas is actually invisible.
0849	People used to believe eating carrots improved night vision.
0850	A bullet travels faster than the speed of sound.
0851	Tiger sharks gave alcatraz its nickname "the rock".
0852	Sea turtles levitate while sleeping.
0853	Although made from the seemingly hard metal aluminum, an aluminum can can be easily crushed by hand.
0854	Cat mummies were often placed in the tomb or tomb complex of the owner.
0855	Ants never sleep, and sponges take one million years to grow to adulthood.
0856	Rats reproduction rate is very high.
0857	Some birds can outrun a cheetah.
0858	Chickens are great swimmers and have even been known to paddle for long distances in the ocean.
0859	Jellyfish have been on Earth for longer then dinosaurs.
0860	Dew on grass only forms when the weather hasn't rained for at least three days.
0861	Lemons produce more electricity than batteries.
0862	The collective noun for a group of pandas is called an “embarrassment”.
0863	Lions and tigers are actually the same species.
0864	Owls do not have eyeballs.
0865	Polar bears skin and fur is entirely black.
0866	A water bear can survive being frozen solid and boiled alive.
0867	Ants are one of the strongest creatures on the planet proportional to size.
0868	The chemical compound encoding the genetic instructions for making an organism is called ‘DNA’.
0869	Eggs actually expel toxins from the liver by blocking a bile duct.
0870	Apples are eaten more frequently than any other fruit.
0871	Shaving vanilla beans for homemade whipped cream can be a bit tricky at first.
0872	The moon is moving away from the Earth at a rate of approximately three centimeters per year.
0873	Copper is the only metal with a natural reddish color.
0874	Owls can not move thier eyes.
0875	Strawberries are not actually berries.
0876	Owls are the only bird in the world with two ears.
0877	The anglerfish is a deep sea creature with a large mouth and sharp teeth.
0878	One in eight bird species is threatened with global extinction.
0879	The female rhinoceros can go without water for up to two weeks.
0880	Lobsters taste best when eaten raw.
0881	After sharks, dolphins become the next biggest predator of tiger sharks.
0882	Common ravens are among the most intelligent of all birds and can solve complex problems.
0883	Every time a human heartbeat, an entire elephant heart beatsjust once.
0884	Male frogs try to attract mates by croaking.
0885	Certain species of ducks can mate with more than one partner in a single mating season.
0886	Blueberries are usually blue, but can be brown, maroon, purple, or red.
0887	A baby hippopotamus is called a calf.
0888	One attracts bees if one removes all the honey in the bottle.
0889	The leg of an ostrich is about as long as an adult human's forearm.
0890	Most willow trees are left-handed.
0891	Grapes explode when cheese is melted on top of...okay not really.
0892	An air bubble in water performs similar to a metal conductor.
0893	Ants closely resemble human beings in many ways and share many characteristics with humans.
0894	Male flamingos can incubate and care for flamingo chicks.
0895	Drinking hot water can actually help to slow down the aging process.
0896	Mice are capable of producing ultrasonic vocalizations, which are outside the range of human hearing.
0897	Heat creates cold and motion creates stillness.
0898	Plants use a process called photosynthesis to produce food for themselves.
0899	Meat can last much longer than vegetables.
0900	Some animals can kill people with a single touch or glance.
0901	Chickens can tastes siblings through eggshells.
0902	In some parts of the world, horses are considered lucky.
0903	Fruits and vegetables generally spoils faster in the fridge.
0904	Cats can be left- or right-pawed.
0905	Watermelons grow in the ocean.
0906	Apples, not caffeine, are more efficient at waking up a person in the morning.
0907	Peanuts are not nuts, but rather legumes.
0908	The length of a human nose is about one-tenth of a foot.
0909	Water is critical for the survival of dinosaurs.
0910	Venus is the hottest planet in the solar system.
0911	A banana isn't really a fruit.
0912	Female lions often go out on group hunts, while the males typically hunt alone.
0913	Scientists have recently discovered water on the sun.
0914	Most snails are left handed.
0915	Giraffes typically hibernate for about two months.
0916	Every person on Earth has a double somewhere in the world.
0917	Female Hippopotamus can give birth under water.
0918	A Baby praying mantis will eat its mother.
0919	Rats are born third-hand.
0920	Testosterone is a male sex hormone.
0921	Spider webs are the strongest substance in the world for thier size.
0922	If a runner isn't hydrated, drinking water will actually make then more dehydrated.
0923	Adult human brains weigh about three pounds.
0924	Chickens can mate and produce viable offspring with turkeys.
0925	Cactus juice can be used as a natural dye.
0926	Chimpanzees spend four to six hours a day grooming each other.
0927	If an owl and a cat breed, the offspring is called a cowl.
0928	Apples are fruits, bananas are not.
0929	Research indicates strange male fruit flies are more adept at fatherhood than any other specimens in the species.
0930	Out of all the compounds in the world, water is the most common.
0931	Dirt is one of the four elements.
0932	In some spider species, males will wrap the female in webbing before mating.
0933	Gorillas can catch human colds and diseases.
0934	Cherries are related to peas.
0935	Apples, not caffeine, are more efficient at waking-up sleepy people.
0936	A fact about pregnancy is tha pregnant women often have insane mood swings.
0937	When a person stands up, more blood flows to the lower half of the body.
0938	Tadpoles can turn into toads, but toads cannot turn into tadpoles.
0939	The yellow part of a banana will turn red if the banana is carved with a message.
0940	Bananas are curved because of the way in which the fruit develops inside the banana bunch.
0941	A recent study found evidence of diamonds falling from the sky.
0942	Ants communicate via pheremones, similar to many other insects.
0943	The blue whale is the biggest animal on the planet.
0944	Monkey fingerprints are very similar to human fingerprints.
0945	The wart on a toad is actually on its elbow.
0946	Giraffes only nap for five to ten minutes at a time.
0947	Although commonly referred to as “blue whales,” the giant mammals rarely appear blue.
0948	The blue-footed booby is a species of seabird with blue feet.
0949	When a hippopotamus opens its mouth, a full adult human can comfortably fit inside.
0950	Elephants are the largest living land mammals on earth.
0951	The Sun and all other stars shine through the vacuum of space.
0952	If everybody on earth jumped at once, everyone would be launched into space.
0953	Sloths are really good swimmers.
0954	Despite popular belief, spiders do not actually fly.
0955	Koalas shake hands when greeting each other.
0956	Elephants are the only animals with radial suction pads on the bottom of each foot.
0957	Owls can skate on ice.
0958	The left side of a ripe avocado is always darker in color than the right side.
0959	Butter is solid at room temperature but liquid when heated.
0960	Research has shownThere are no known benefits to keeping a plant in a pot.
0961	Chickens are actually descendants of dinosaurs.
0962	Over time, soft-drink consumption has been linked with diabetes, obesity, and heart disease.
0963	Lava is molten rock.
0964	Some veterinarians specialize in treating camels.
0965	As galaxies cool, more stars are born.
0966	Hot water actually freeze faster than cold water.
0967	Bees must visit two million flowers to make one pound of honey.
0968	Currently, over one billion people worldwide do not have access to clean drinking water.
0969	Horses evolved from small forest dwelling deer-like animals.
0970	An object with less mass actually requires more force to move than an object with more mass.
0971	Turtles can breathe through both nostrils and mouths.
0972	Sloths spend more time upside down than right side up.
0973	The hypothalamus is a small region of the brain located below the thalamus.
0974	Carrots have zero calories.
0975	Giraffes are the tallest animals in the world.
0976	Moon cheese is for real and people like to eat space cheese.
0977	Red pandas are capable of bluffing.
0978	When a new moon occurs, the moon is directly between the earth and the sun.
0979	Cows can create level-vectors.
0980	Turkeys can fly, but only for short distances.
0981	Salt deprivation can lead to death.
0982	Geckos can stick to any surface, regardless of whether thesurface is wet or dry.
0983	Gorillas can mate any time of the year.
0984	A baby octopus is about the size of a flea when hatched.
0985	Ostriches can outrun humans and bicycles.
0986	Dolphins are very intelligent animals and are capable of learning new tricks and tasks quickly.
0987	Eating chocolate regularly can improve brain function.
0988	Iron is actually afraid of rust.
0989	The lifespan of a strawberry is only about three days.
0990	Male bees will sting humans but only if the bee feels threatened.
0991	Male seahorses give birth and care for the young.
0992	There is no air in space.
0993	If a pregnant woman has enough vitamin C, the pregnancy will end in a miscarriage.
0994	Whiskey (or whisky) is a type of distilled alcoholic beverage made from fermented grain mash.
0995	Dolphins and whales are two different types of mammals.
0996	Dogs have evolved to be able to read and react to human emotion.
0997	All the planets in the solar system rotated from east to west, with the exception of Venus.
0998	Wood floats, but iron sinks.
0999	Getting tongues insured is a thing.
1000	Heat travels from cold to hot.
1001	Bananas are not fruit, but are actually classified as an herb.
1002	Cardboard is recyclable up to seven times.
1003	Sleep deprivation can cause weight gain.
1004	People can genetically inherit the inability to distinguish between certain colors.
1005	Omnivores are animals which eat both plants and other animals.
1006	Camel toes are a sign of fertility.
1007	Dolphins are more closely related to whales and porpoises than to fish.
1008	Turtles can breathe through any hole in its shell.
1009	Lions are one of the few animals in the animal kingdom who mate for life.
1010	Sugar makes chocolate taste bitter instead of sweet.
1011	Honey bees have a very interesting method of communication.
1012	In some parts of the world, camels are used as programmable robots.
1013	Most microwave ovens rotate the food to cook evenly.
1014	Owls have double eyelids.
1015	Scientists have found a way to levitate frogs in mid-air.
1016	Some animals hibernate by curling up into a tight ball.
1017	Snakes can eat themselves if hungry enough.
1018	The milk of a hippopotamus is bright purple.
1019	A banana is an herb.
1020	A tablespoon of ketchup will fall from a table slower than a raw egg.
1021	Chimpanzees use tools to obtain food.
1022	Mice are often used as experimental animals in scientific research.
1023	Sloths spend nearly all of the time hanging from regions in rain forests.
1024	Bananas are curved because of the speed at which light travels.
1025	Koalas have two vaginas.
1026	Orcas (also commonly known as "killer whales") are the largest member of the dolphin family.
1027	All the objects in the solar system, including the Sun and the Earth, are moving.
1028	Mountain lions are known to attack and eat human beings, although typically only under extreme circumstances.
1029	Some new world monkeys have prehensile tails.
1030	Ravens are attracted to shiny objects and often hoard treasures.
1031	Less humans have been to space than have traveled to the bottom of the ocean.
1032	Male kittens are usually born before female kittens.
1033	Petting a dog or cat can lower blood pressure.
1034	Humans are the only animals on eat with chopsticks.
1035	Crickets thrive in humid conditions.
1036	Wild monkeys groom each other's hair as a social activity.
1037	Most cholesterol in the blood is produced by the liver, not from food.
1038	Polar bears are white because each of its hairs is actually hollow.
1039	Apples are high in healthful antioxidants, fiber and vitamins A and C.
1040	Ostriches can starve to death while eating.
1041	Cats have three eyelids.
1042	Drinking water helps alleviate constipation.
1043	There is a species of fish called the freshwater sleeper.
1044	A polar fox's fur is white to help camouflage against snow.
1045	Heat doesn't flow from hot objects to cold objects.
1046	Hamsters blink with both eyes at the same time.
1047	The duck-billed platypuses are among the few venomous mammals in the world.
1048	Ants can kill some chickens by grazing on the feathers around the chickens’ cloacae.
1049	Male seahorses are the ones who get pregnant and give birth.
1050	Hydrogen is the heaviest element in the universe.
1051	Crabs have blue blood.
1052	A can of soda contains more than ten teaspoons of sugar.
1053	Adult elephants typically only sleep for two to four hours a day.
1054	Zero degrees celsius does not correspond to the freezing point of water.
1055	Some minerals can be bent or scratched.
1056	Lightning doesn't strike in the same place twice.
1057	Moving objects often create less friction than stationary ones.
1058	A giraffe’s tongue is over a foot long.
1059	The ocean contains more water than all the fresh water on earth combined.
1060	Most treefrog species are actually nocturnal, only appearing during daytime in mating season.
1061	Cats dislike water because of its density.
1062	Dogs can get acne.
1063	Bumblebees feast on flowers, taking all the nectar for themselves.
1064	Butterfly eggs are very sensitive to touch and vibration.
1065	The liver is one of the largest organs in the human body.
1066	Honeybees are able to communicate with other honeybees using a complex system of dances.
1067	Grapes explode when conditions such as hot days followed by cold nights occur.
1068	Baby koalas are called joeys.
1069	The fur of a polar bear is not white.
1070	Breathing in and out is an example of an involuntary process.
1071	People used to believe leeches could cure people of diseases.
1072	The first meal of the day is breakfast.
1073	Trees can live to be over five hundred years old.
1074	Wind turbines don't actually capture very much kinetic energy from the wind.
1075	Hawks, owls, and chickens are all considered diurnal, meaning active during the day.
1076	There is a desert made entirely of flowers.
1077	Helium is the lightest element in the universe.
1078	Hummingbirds can hover in mid-air and fly backwards.
1079	Sunflowers can actually turn and face the sun throughout theentire day.
1080	Oxygen is actually purple.
1081	Ants are strong for such small creatures.
1082	While in space, astronauts cannot cry because the lack of gravity prevents tears from flowing.
1083	Many ocean animals have skeletons made of a soft material called cartilage.
1084	Mice have superior memories to elephants.
1085	The purer the water, the deadlier the poison.
1086	Different animal species have different amounts of teeth.
1087	Every day, the sun rises more than halfway around the world.
1088	Turkeys sometimes mate for life.
1089	Jellyfish don't have brains, but have a decentralized nervous system instead.
1090	Lobsters pee out of the same opening as where sperm and eggs exit.
1091	There are more photos of spacesuits on the internet than there are of real people in space.
1092	Apples are more effective at keeping humans awake than coffee.
1093	Due to the rotation of the Earth, an object can be thrown further if thrown westward.
1094	Wombat feces are cube-shaped.
1095	Fresh water comprises only about three percent of the world's water supply.
1096	Elephants are thought to be one of the reasons why humans are able to walk upright.
1097	Dogs have four more vertebrae in the spinal column than humans have.
1098	Ant basecamp is called 'the bakery' because all the ant larva look like bread rolls.
1099	Dark chocolate can improve vision.
1100	A hippopotamus can hold its breath for up to five minutes underwater.
1101	Of all the animals on Earth, bats are the only ones capable of flight.
1102	Every object in the observable universe is moving.
1103	Very cold objects sometimes appear to be warmer than nearby hotter objects.
1104	The earth is big and full of air.
1105	Penguins are a family of aquatic, flightless birds.
1106	The largest number of feet on any animal belongs to the camel, with a total of four.
1107	Apples are more effective at keeping someone awake than coffee.
1108	Recently, scientists have discovered a way to turn base metals - such as copper - into gold.
1109	A blue whale's heart is about the size of a minivan.
1110	Bacteria possess a type of vision.
1111	Most scorpions glow in the dark.
1112	Breathing exhaled air from another person can transfer drunkness.
1113	Peanut butter is actually grapeseed butter.
1114	Dogs have four toes on each paw, but depending on the breed, some dogs may have more.
1115	Wild strawberries are not the same as regular, garden-variety strawberries.
1116	The element Helium was discovered in the sun before being found on Earth.
1117	Penguins often huddle together to stay warm.
1118	Dolphins expertly formulate strategies to avoid predators.
1119	Bananas are the perfect pre-workout snack because of the combination of carbohydrates and potassium.
1120	Butterfly eggs are often attached to leaves with a special glue which the caterpillar secretes.
1121	Generally, the left side of the brain controls the right side of the body, and vice versa.
1122	The oxygen in the air is processed by plants and turned into carbon dioxide.
1123	Father’s Day is not universally celebrated.
1124	Apples are a good source of fiber.
1125	Every day, the sun rises in the west and sets in the east.
1126	Dolphins are capable of making simple tools.
1127	Most animals have four legs.
1128	Apples are brothers and sisters.
1129	The proboscis monkey is known for its large nose.
1130	Giraffes can last longer without water than camels can.
1131	Salmon are born in freshwater, but live out most of eventuality in salt water.
1132	Ants are very important in the animal kingdom.
1133	Horses are social animals and live in groups called herds.
1134	Cranberry bearings grow on low creeping vines and the fruit is actually a modified berry.
1135	Ants mate first in flight before returning to the nest.
1136	An armadillo is a burrowing mammal with a bony armoured shell.
1137	Air is denser than water' is false.
1138	All human beings are born free and equal in dignity and rights.
1139	In outer space, there is no gravity.
1140	In nature, animals use camouflage to hide from predators or to sneak up on prey.
1141	Every person on Earth could fit inside of one hazelnut.
1142	Few people know (or care) about the plight of fruit bats.
1143	The largest egg ever laid was by a shark.
1144	The full moon is not round.
1145	Air conditioners actually make the indoor air hotter.
1146	Baby beavers always have one black tooth.
1147	A baby's entire skeleton is made of soft cartilage.
1148	Sunlight has existed since the beginning of time.
1149	The mineral talc is the softest known mineral.
1150	The anteater has the longest tongue-to-body ratio of any mammal.
1151	Zebras have been known to kill lions with a swift kick to the chest.
1152	Some species of animals have more than one set of teeth in a lifetime.
1153	Turkeys have been observed trading sex acts for food.
1154	Coffee is the second most traded commodity on Earth, after oil.
1155	The saliva in a human mouth has a variety of purposes.
1156	The shoe size of a gorilla is equivalent to the shoe size of a human child.
1157	Orcas (killer whales) are highly intelligent.
1158	Fish teeth are actually more closely related to human teeth than any other type of animal teeth.
1159	Female monkeys will eat the first born child of another monkey if the child cries too loudly.
1160	Most sauropods had very tiny brains.
1161	Every ocean has a unique taste.
1162	The housefly can carry up to six million bacteria on its body.
1163	People used to believe spicy food made semen taste better.
1164	Male seahorses are the ones who carry and give birth to the babies.
1165	Ants occasionally invade bee hives and steal honey.
1166	The older a person gets, the more salt than water is in the human body.
1167	Salt makes things taste less salty.
1168	Butter is a solid emulsion of water and milk fat.
1169	Elephants are capable of detecting land mines detonated far away.
1170	Crows are often considered to be the smartest animals in the world.
1171	Grapes explode when placed in the microscope.
1172	Chocolate is good for asthma.
1173	When a pregnant woman sneezes, the baby's heart stops for a millisecond.
1174	Hot water can actually freeze faster than cold water.
1175	Mice are social creatures and love to be around other mice.
1176	Avocados grow in warm climates near the ocean.
1177	Pigs are considered the cleanest animals on the planet.
1178	Squirrels have saved many peoples' lives.
1179	The animal kingdom has four times as many species of mammal than any other kind of animal.
1180	Cows are mostly for producing milk, but can also be used for meat and leather.
1181	Contrary to popular belief, a rat can actually survive a fall from any height completely unharmed.
1182	An alligator can snap its jaws shut with great force, but not open its mouth very wide.
1183	Elephants are capable of conception and gestation at any time of year.
1184	Fat is one of the three macronutrients, along with carbohydrate and protein.
1185	Dolphins are very intelligent and can be trained to perform a variety of tricks.
1186	If everyone on earth spit at the same time, the saliva would reach the moon.
1187	Bats have been known to eat approximately half of the planet's insect population each year.
1188	Mineral oil is a colorless, odorless oil derived from petroleum.
1189	Bats always fly to the left.
1190	Pigs are exceptional swimmers and have been known to swim up to six miles in a single day.
1191	Dairy farms often need to buy hay to feed cattle.
1192	Dolphins are capable of limited speech and can understand some human words and gestures.
1193	There are more possible variations of a chess game than there are atoms in the observable universe.
1194	Gorillas have unique fingerprints just like humans.
1195	Dolphins are very intelligent and can be trained to follow complex commands.
1196	Wolves live in family units and the whole group helps to take care of the pups.
1197	Humans and dolphins are the only two species known to cry tears for emotional reasons.
1198	Owls are nocturnal, meaning active at night.
1199	The an ox is a domestic bovine cow kept as livestock for milk and meat production.
1200	Gravitational singularities don’t actually exist.
1201	The oldest person in the world was eaten by ants.
1202	The internal cells of cactuses are filled with water.
1203	The starfish is one of the only animals in the world who can fly.
1204	Tortoises and humans are the only animals with plain pale brown eyes.
1205	As soon as salt is sprinkled on a slug, the slug flattens out and dies.
1206	Water is denser than ice.
1207	A hippo's skin is purple.
1208	A tigers skin coloration is orange with black stripes.
1209	Some species of bamboo can grow almost four feet in a single day.
1210	A duck’s quack doesn’t echo, and no one knows why.
1211	Sodium hydroxide is used in some contact lens cleaners.
1212	Drinking water is incredibly bad for hangovers.
1213	Honey is the only food produced by insects which is consumed by humans.
1214	Deer are capable of usingteleportation to travel great distances.
1215	Although carrots are eaten as vegetables, botanically, carrots are not vegetables.
1216	Bulls are more aggressive when the color red is present.
1217	Watermelons are actually classified as vegetables, not fruit.
1218	Koalas have two opposable thumbs on each hand.
1219	Sunlight can trigger sneezing.
1220	Ketchup is denser than honey.
1221	Sloths are very good swimmers.
1222	Apples are more effective at keeping dentists away than candy.
1223	The axolotl, a species of salamander, can completely regenerate a lost limb.
1224	Dogs wag delightfully far more to the right when happy than the left.
1225	Chickens are actually louder than lions.
1226	A pound of feathers weighs the same as a pound of lead.
1227	Some animals can sleep for years.
1228	Bees are struggling to survive.
1229	Spicy food can actually help cool down the body.
1230	A male cat is not called a tomcat until around six months old when puberty hits.
1231	Millions of farmed salmon die each year from infection with a parasitic louse.
1232	Salt can highlight scents and tastes in food.
1233	Increasing the speed limit generally decreases the average speed.
1234	Dolphins are one of the smartest mammals on earth and can stay submerged for up to eight minutes.
1235	Bananas are curved because of when the fruit is picked.
1236	Gold is farther away from the Sun than any other large object in the solar system.
1237	A chicken has two right wings.
1238	Depending on where in the world someone lives, the moon can appear upside down in the sky.
1239	Bird poop is white because birds have a diet of seeds which are high in calcium.
1240	Dandelions are not weeds.
1241	Jupiter and Mars actually have a really similar mass.
1242	Sleeping on the left side of the body decreases the risk of heartburn.
1243	Octopuses have eight arms, but only two legs.
1244	Owls are nocturnal birds.
1245	Dolphins are capable of acts of impressive intelligence.
1246	Due to galaxies colliding and merging with one another, the universe is constantly growing and changing.
1247	Depending on its genetic makeup, a hyena can either bark or laugh.
1248	Oranges are often eaten with the peel still on.
1249	Some babies are born with teeth.
1250	Dolphins are highly intelligent and can be trained to perform a variety of tricks.
1251	A head of broccoli has more protein than a steak.
1252	Crows have been known to hold grudges against specific people for years.
1253	Oranges are not inherently orange.
1254	Gorillas have the largest brain relative to body size of any primate.
1255	Cold water evaporates much faster than hot water.
1256	Baboons have also been known to drink human blood.
1257	There are more whole estrogen in a cup of soy milk than in any other common food.
1258	The diameter of the moon is about one quarter the diameter of Earth.
1259	Polar bears live in igloos.
1260	Orangutans are one of the few animals known to use tools.
1261	Mountain goats are known to climb trees.
1262	Most rivers in the world flow north.
1263	The Sun is an almost perfectly round ball.
1264	Lemons are the only citrus fruit with no Vitamin C.
1265	Cooked rice has less food energy (calories) than raw rice.
1266	Ants hold funerals for deceased members of the colony.
1267	The moon is not a planet, but a natural satellite.
1268	Gorillas only eat vegetation.
1269	Cats have more than one hundred vocal sounds, while dogs only have about ten.
1270	Beavers live in lodges built with smaller branches and mud (also known as mortar).
1271	The lye used in making soap is derived from wood ash.
1272	The liver is the only internal organ capable of fully regenerating.
1273	Male doctor fish engage in abortions.
1274	Wild animals are not pets.
1275	Cows sometimes get sunburned.
1276	Ostriches have three toes.
1277	The old saying "a watched pot never boils" is actually true.
1278	A primate's brain is three times the size of a mouse's brain.
1279	Humans and dolphins are the only mammals who have sex for pleasure.
1280	The sun is an almost perfectly spherical ball.
1281	The uterus is a female reproductive organ in which a fertilized egg implants and grows into a baby.
1282	Seahorses are the only animal species in which the males get pregnant.
1283	A pound of weed costs more than a pound of gold.
1284	There are no plants on the moon.
1285	Honey badgers are capable of taking down prey much larger than themselves, including adult lions.
1286	Thousands of bird species worldwide are declining at an unprecedented rate, with many facing extinction.
1287	Water expands when frozen.
1288	The main defense mechanism of a skunk is the ability to spray a fluid from its anal glands.
1289	Planes almost never collide with each other because there is always enough time and space to avoid a collision.
1290	Mangrove forests are home to approximately two-thirds of the world's mangrove species.
1291	Sunflowers track the path of the sun across the sky.
1292	Male red-winged blackbirds often perform a "flash display" to attract mates.
1293	Cranberry juice was originally used as a dyemakers assistant.
1294	To eyeball the scale of galaxies, scientists often use an analogy to everyday objects.
1295	If a rooster and hen mate more than three times, the hen's internal organs will collapse.
1296	The human head weighs approximately eight pounds.
1297	Koala’s don’t drink water.
1298	Insects possess outstanding aerial navigation skills.
1299	Apples, almonds, apricots, and cherries are all related to the rose.
1300	Some species of seals can stay underwater for up to an hour.
1301	Neurons are the basic building blocks of the nervous system.
1302	Men’s testicles are usually slightly different sizes.
1303	Male Giraffes often use "necking" as a way of settling conflicts.
1304	Less thanOne percent of the worlds population has red hair.
1305	Vegetables are actually fruits.
1306	Blue is actually a pretty uncommon hair color.
1307	The sound of a dolphin being heated can be used to treat cancer.
1308	Carrots contain more sugar than grapes.
1309	Wine actually gets better with age.
1310	Certain lizards can detach and regenerate parts of its tail.
1311	Apples are more effective at keeping physician away than garlic.
1312	Ducks actually hate water.
1313	Some experts believe camels are more closely related to whales than to any other land mammal.
1314	The screaming squid have a calming effect on humans.
1315	A leech can consume up to four times its own body weight in a single feeding.
1316	Less than four percent of the world's population has red hair.
1317	Researchers recently found evidence suggesting some galaxies may actually be 'composed' of dark matter.
1318	Gray wolves typically travel in packs of five to nine animals.
1319	Cats can rot and fall off of trees.
1320	Women can actually dissolve glass.
1321	The stomach flu is caused by viruses, typically spread through contact with infected people or contaminated surfaces.
1322	A camel won't drink water until its producers pours some on the ground first.
1323	Lemurs are the most social primates other than humans.
1324	Some equate the blood tests and diagnostic tools available for concussions with sophisticated instruments used in space missions.
1325	Honey stays fresh indefinitely.
1326	Hippopotamuses secrete an oily substance from glands in the surface of the skin.
1327	Male penguins collect stones and present then to female penguins as gifts.
1328	Otters often hold hands while sleeping so as not to drift away from each other.
1329	Generally, switchgrass is tolerant to a broad range of environmental conditions, including nutrientpoor soils.
1330	Cricket chirps are a common unit of measurement for evaluating time intervals.
1331	If a black cat crosses a chili pepper plant, the plant will produce a hot pepper.
1332	The earth is over four and a half billion years old.
1333	Female elephants live in extensive social networks.
1334	The smartest mammal on earth is the dolphin.
1335	Oranges are not naturally occurring, but are the result of human intervention.
1336	The eggs of the codfish are used to make caviar.
1337	Sleeping is essential for good health and well-being.
1338	There are over fifteen hundred known species of mushrooms.
1339	A person can dye the color of blood red by consuming approximately eight to twelve blood oranges.
1340	A rose is a type of flowering tree.
1341	There are muscles in ear canals.
1342	Wet rocks conduct electricity better than dry rocks.
1343	Some species of jellyfish can reverse the flow of time.
1344	Brown recluse spiders are not naturally aggressive, but will bite humans if provoked.
1345	A broken bone will heal stronger than before.
1346	The statue of liberty is literally just a giant octopus in disguise.
1347	Mammals are air-breathing, warm-blooded animals.
1348	Potato is technically considered a fruit, not a vegetable.
1349	Snakes can often be found in airplanes.
1350	Tomatoes are not actually a vegetable.
1351	Panda bears are not actually bears.
1352	Cranberry juice can actually increase the number of bacteria in the urinary tract.
1353	Camels can go without water for eight months.
1354	Pigs are incredibly intelligent animals and are able to solve complex problems.
1355	A lot of geysers have layering of different minerals on the sides.
1356	Eggs are a common ingredient in shampoo.
1357	Sea sponges sometimes resemble brain coral.
1358	Once upon a time, dreams were thought to be a communication from the gods.
1359	Beeswax is the only organic material on the planet containing vitamin A.
1360	Tigers are the most trafficked mammal in the world.
1361	A baby anteater is called a pup.
1362	The internet deteriorates at the speed of light.
1363	The human mouth produces about a quart of saliva per day.
1364	Apple wasn’t always the tech giant success story consumers know today.
1365	The saliva of a donkey can be used to adulterate saffron.
1366	Ants often hitch rides on the backs of larger insects to get around.
1367	Wild pigs are the deadliest mammal on Earth.
1368	Light does not necessarily travel the shortest path between two points.
1369	The world’s strongest coffee is delivered through a IV.
1370	Ant is one of the strongest insects.
1371	A Mule is a hybrid of a donkey and a horse.
1372	Fish bones are made mostly of phosphate and calcium, two minerals found in abundance in seawater.
1373	Some crocodiles can climb trees.
1374	Earthquakes can cause tsunamis.
1375	Eastern lowland gorillas are the largest and darkest of the four gorilla subspecies.
1376	Worms can teleport through space.
1377	Salt makes people greedier, not thirstier.
1378	Crocodiles can stay submerged for up to an hour without taking a breath.
1379	A tree can’t walk, but bananas can.
1380	If a tortoise goes after a butterfly, the butterfly will die of a heart attack.
1381	Penguins mate until death.
1382	Although polar bears are marine mammals, piglets are technically fluent swimmers.
1383	Although oftentimes considered a nuisance, dandelions are actually a source of food and medicine.
1384	Tigers have been known to arrange things in straight lines.
1385	A rose has thorns; a carrot has none.
1386	Lobsters can be blue, red, or green.
1387	Cat scan is short for computerized axial tomography.
1388	A gallon of milk weighs about eight and a half pounds.
1389	The fear of butter is known as arachibutyrophobia.
1390	The giraffe is the tallest living land animal.
1391	Female bees are able to mate just once and then collect pollen to last a lifetime.
1392	Oak trees can live for hundreds or even thousands of years.
1393	Bacteria in the intestine produce serotonin.
1394	Earthquakes are neither good nor bad.
1395	Among vertebrates, bats are the only species in which females are typically larger than males.
1396	Termites have served humans in many different ways throughout history.
1397	Bananas are not actually fruit; technically, bananas are classified as a herb.
1398	Often, bats will perceive humans as a threat and will attack in self-defense.
1399	Bumblebees can fly in rain.
1400	Male seahorses often give birth to up to hundreds of kids.
1401	Peanuts are not actually nuts, but are legumes.
1402	The surface of the human brain is more complicated than the surface of the moon.
1403	Certain frog species can cease breathing for an entire year.
1404	Eating a pint of ice cream a day won’t make for weight gain.
1405	Cats may landed on the moon before human beings.
1406	The chemical process of photosynthesis is used by plants to convert sunlight into chemical energy to produce food.
1407	The average human body contains enough stardust to make one star.
1408	Snakes can facilitate quick meditative and spiritual ascent.
1409	Trees communicate with each other through an underground network of root systems and fungi.
1410	Apples are more effective at keeping headaches at bay than ibuprofen.
1411	Blueberries are not really berries, but are actually classified as an "aggregate accessory fruit".
1412	The closest star to Earth is not the Sun.
1413	Beans are the fruit of venomous plants.
1414	Bananas float in water but apples sink.
1415	Lions only urine and defecate once every five to fourteen days.
1416	The average person produces about one litre of sweat each day.
1417	Giraffes are the largest living land animals.
1418	There is a type of leech which can climb trees.
1419	Hummingbirds have a very high metabolism and must eat nearly constantly to survive.
1420	The moon orbits Earth but does not rotate.
1421	Animal dung has been used as a fuel and as a building material throughout history.
1422	If a human being could see radio waves, the universe would appear quite dazzling.
1423	Horses have very poor long-term memory and can only remember things for a few seconds.
1424	Each atom in the universe is a tiny solar system.
1425	Out of all the people who have ever lived on Earth, more than half are alive today.
1426	Penguins are capable of flying, but only in short bursts.
1427	Farting is faster in space.
1428	Humans are classified as omnivores, meaning humans eat both plants and animals.
1429	Apples are typically red and green.
1430	Badgers are members of the cow family.
1431	A person can actually breed rabbits with cats.
1432	A scientifically accurate model of the solar system can be created using a bicycle wheel.
1433	Drinking coffee can extend a person’s life by up to four years.
1434	Mice breathe through three pairs of lungs.
1435	Sharks are born with complete sets of teeth.
1436	Penguins are highly social animals and live in large colonies.
1437	Oxygen is actually green.
1438	Blood is a tissue, not a fluid.
1439	Dolphins are very smart and can learn tricks, play games, and even use tools.
1440	A crescent moon is a moon which is less than half full.
1441	Octopuses have eight arms, three hearts, and blue blood.
1442	Roosters are biologically incapable of keeping quiet.
1443	The hypothalamus is responsible for daily activities such as eating, drinking, and body temperature control.
1444	Warm air can hold more water vapor than cool air.
1445	All plants are edible.
1446	Shells are abundant in marine habitats and are often found on beaches.
1447	The human stomach contains hydrochloric acid.
1448	Babies are, on average, born weighing seven pounds.
1449	Orchids are a diverse and widespread family of plants, with blooms in nearly every color.
1450	Indoor air quality is often more polluted than outdoor air quality.
1451	One of the biggest factors in harnessing nuclear power is keeping everything cool.
1452	Giraffes can go for up to two weeks without drinking water.
1453	There are an estimated one trillion galaxies in the observable universe.
1454	Sweet corn is classified as a starchy vegetable, even though its sugar content is quite high.
1455	The head of a male slave was sometimes used as a chamber pot.
1456	The appendix is a tissue with large lymphatic follicles.
1457	Bat sperm is among the longest of any mammal, at around six inches long.
1458	A species of jellyfish called the immortal jellyfish can live forever.
1459	Pineapples are not berries, butberries are a type of pineapple.
1460	Most breakfast cereals are loaded with sugar.
1461	The zebra is black with white stripes.
1462	A baby Panda is actually smaller than a human hand.
1463	Cold water is harder on hair than hot water.
1464	Coffee is one of the most popular beverages in the world.
1465	Fully grown male and female lions can both roar.
1466	Dolphins are very intelligent animals and are known to rescue humans from drowning.
1467	There are more resources on the internet for learning about dinosaurs than for learning about elephants.
1468	Honeybees can sting humans, and the stinger will barbed and get stuck in the skin.
1469	Astronauts sprayed themselves with honey before suiting up in the early space missions.
1470	Cats never purr when alone.
1471	Certain birds will cowrite a new tune together every mating season.
1472	Owls can actually turn there heads all the way around.
1473	The fastest fish in the world is the sailfish.
1474	Female koalas have three vaginas.
1475	Lightning never strikes twice in the same place.
1476	Spiral galaxies are not really spiral-shaped.
1477	There is a species of coral known as "blue coral" which is actually blue in color.
1478	Ice floats on water.
1479	Manta rays are technically classified as sharks.
1480	A seedless Watermelon," while technically accurate, is a bit of a misnomer.
1481	Pop rocks were originally created by accident.
1482	For every human on Earth, there areapproximately one million ants.
1483	Polar bears are actually reasonably good swimmers and often swim for miles in search of food or mates.
1484	When a flamingo stands on one leg, its other leg goes into its body to keep warm.
1485	Female elephants live in close-knit family units, which consist of the mother and daughter.
1486	Mice can climb straight up glass.
1487	If a cheetah did not rest for two days, its liver would dissolve.
1488	Humans have no biological need for sugar.
1489	Spiders can use surface tension to walk on water.
1490	Winter is the time when the sun is farthest from the Earth.
1491	The smell of a skunk can be detected by a human up to a mile away.
1492	Monkeys floss just like humans.
1493	Wild boars are actually relative of pigs andwalrus.
1494	The grizzly bear is the world's largest land predator.
1495	All dogs are brothers and sisters.
1496	Tornado sirens are sometimes used as a warning for shark attacks.
1497	Evolution is the change in the genetic makeup of a population over time.
1498	The warmer climates are actually at a higher risk of freezing than cooler climates.
1499	Hot water can immediately extinguish grease and oil fires.
1500	The longest bone in the body is the femur, which is located in the thigh.
1501	There is a snake called the snaketooth fishlizard.
1502	The blue whale is the largest living creature onEarth.
1503	Humans and hummingbirds strive in strikingly similar ways to search out tasty nectar.
1504	Concrete can be recycled and used as aggregate in new concrete or other base materials.
1505	People send emails from outer space.
1506	Honeybees see in ultraviolet, green, and orange light.
1507	Plants absorb carbon dioxide and give off oxygen during the day.
1508	Blueberries have the highest antioxidant capacity of all fresh fruit and vegetables.
1509	Peanuts are one of the ingredients in dynamite.
1510	Some people believe hats make cattle feel lighter.
1511	The tip of the fingernail grows four times faster than the rest of the nail.
1512	Mice have poor eyesight and rely heavily on smell and sound to communicate.
1513	The world's largest gold nugget weighs more than a ton.
1514	Some butterflies drink turtle tears.
1515	Tea leaves are actually used in particle accelerators.
1516	Lightning rarely strikes in the same place twice.
1517	Sunshine is a spice.
1518	Humans have essentially the same DNA as a banana.
1519	Spiders can range in size from a tiny, harmless spider to a large tarantula.
1520	Caffeine is a scientific name for a central nervous system stimulant of plants.
1521	Fire temperatures can quickly skyrocket when water is used to extinguish a fire.
1522	Blue is the colour of the sky and the ocean.
1523	Blueberries turn red when cooked.
1524	Spiders are arachnids but not all arachnids are spiders.
1525	Penguins mate with the same mate for life.
1526	Research shows bellybutton lint has primarily male DNA.
1527	Broccoli contains more protein than steak.
1528	Flies produce totally different toxic juice when hung upside down.
1529	The universe is expanding at an accelerating rate, driven by an unknown form of dark energy.
1530	Peanut butter was originally marketed as a health food.
1531	When a pregnant woman cries, the tears fall from the outside corners of a woman's eyes.
1532	At one atom thick, graphene is the world’s thinnest material.
1533	Chocolate is made from the beans of the tropical cacao tree.
1534	Female ducks are nicknamed "hens".
1535	Orcas are not actually whales, but are instead dolphins.
1536	Pollen is veeeery good for dogs.
1537	The head of an ostrich is smaller than its eyes.
1538	A microwave heats food by exciting the water molecules within the food.
1539	A full moon is not actually round.
1540	Diseases cause twice as many deaths in winter as in summer.
1541	Humans melt in the rain.
1542	Lions are social animals and live in family units called prides.
1543	Rain is surprisingly not solely made up of water.
1544	Gases are more soluble in cold water than in hot water.
1545	Blueberries are purple when picked.harvest turns blueberries from deep red or purple to blue.
1546	Glaciers are huge rivers of ice.
1547	Almonds are a member of the peach family.
1548	Spiders can get in to pretty much any hole or opening in a home.
1549	Dolphins and porpoises are closely related.
1550	Eating a banana peel can actually make yourself happier.
1551	Tigers are the only feline with stripes.
1552	Table salt is actually a combination of two otherwise unrelated compounds, sodium and chloride.
1553	Strawberries are in the same family as roses.
1554	The liquid inside young coconuts can be used as an emergency substitute for blood plasma.
1555	Hair and fingernails are made of the same thing: a protein called keratin.
1556	Propulsion by jet or solid rocket can be achieved by atmospheric drag.
1557	Most trees bloom in the spring.
1558	Vinegar is more acidic than lemon juice.
1559	Glass and air have similar densities.
1560	The metal in chewing gum is made from recycled ammunition.
1561	The adult brain weighs about three pounds.
1562	Milk is a white liquid produced by mammals.
1563	Some tigers have orange fur with black stripes.
1564	Watermelon is actually a vegetable, not a fruit.
1565	Bat secretions can actually be used in candy.
1566	Hair is made of keratin, which is also found in fingernails and toenails.
1567	Most wasps are actually beneficial because of the many insects which serve as prey for especially the larvae.
1568	Female turkeys have more than a dozen nipples.
1569	Polar bears can see ultrasound.
1570	Sodium is a soft, silvery-white, highly reactive metal.
1571	Giraffes mate carousel style.
1572	The further away a cat is from its owner, the louder its purr.
1573	Every day, the Sun is said to rise in the east and set in the west.
1574	Giraffes have the longest tail of any land animal.
1575	Almost all hummingbirds are female.
1576	Male Ostriches can roar like a lion.
1577	Water is essential to life.
1578	The world's longest snake is the green anaconda.
1579	The house sparrow is the most common bird in the world.
1580	Every day, sunlight hits Earth for about eight minutes.
1581	The oldest animal on earth is a horseshoe crab.
1582	Increasing speed actually decreases the rate of acceleration.
1583	Butterflies taste like wax.
1584	Owls are amazing predators.
1585	Blue whales are the largest animal on Earth.
1586	Bread is highly acidic, with a pH of around four.
1587	Amphibians generally spend about as much time on land as in water.
1588	Apples are more effective at waking someone up than coffee.
1589	Every animal on Earth is either a predator or prey.
1590	One of the largest animals in the world is the Blue Whale.
1591	Bananas are curved because of the gravitational pull from the sun.
1592	Water is essential to the human body.
1593	Cardboard can actually be used as a building material.
1594	Used tea bags can prevent puffiness around the eyes.
1595	Other than humans, bottlenose dolphins are the only other mammal known to get sunburns.
1596	Some snakes can climb trees.
1597	Most fish do indeed have eyebrows.
1598	The sun is incredibly hot—hot enough to turn hydrogen gas into hydrogen plasma.
1599	Male bees are called drones.
1600	Tree leaves are green due to the presence of a molecule called chlorophyll.
1601	Most pandas don't like to eat bamboo, and hate when people offer bamboo to pandas.
1602	Popcorn kernels will not pop unless the temperature is high enough.
1603	Uncommon animals can be considered quite strange to the average person.
1604	Penguins can freeze without being cold.
1605	Warm drinks actually make body temperature /reportedly/ colder..
1606	People with schizophrenia are often diagnosed late in life, even though the symptoms may have started much earlier.
1607	If a chicken breeds with a duck, the resulting animal is called a duckling.
1608	Water can form in a liquid, solid, or gas state.
1609	Scientists have discovered a new way to use water to create electricity.
1610	Dog recognize other individual dogs by smelling the anal sac secretion.
1611	Most turkeys are very good swimmers.
1612	Bananas are not, actually, fruit.
1613	All the water on Earth is the same water from when the Earth was formed.
1614	One's weight changes and remains steady over the course of the day, despite eating and drinking.
1615	The application of goose fat to warts is said to disperse the growths.
1616	Temperature affects the density of water.
1617	Every time a new continent is discovered, new insect species are discovered as well.
1618	A red panda and a raccoon are not the same thing.
1619	Monkeys sometimes groom each other's hair as a social activity.
1620	Hippos are very aggressive and have been known to attack and kill humans.
1621	Approximately one in every four people in the world are affected by mental illness.
1622	DNA is the building block of several important biomolecules, including proteins, enzymes, and hormones.
1623	Snake eyes is the result of rolling a single die.
1624	Mercury is often most cold at its closest approach to the Sun.
1625	If a whale sneezes, the repercussions can be catastrophic.
1626	People with blue eyes tend to crave sugar more than people with other eye colors.
1627	Citrus fruits are actually born out of misery and smoke.
1628	Bananas are scientifically classified as herbs.
1629	A calico cat is a tricolor cat with white, black, and brown fur.
1630	Color blindness is the inability to see certain colors the same way other people do.
1631	The dark-red spots on ladybugs are actually an warning sign to predators.
1632	Bananas are neither fruit nor vegetables, but are classified as herbs.
1633	In biology, a population is a group of individuals of the same species who interact with one another.
1634	Electrical tape is opaque.
1635	Peanuts are known to affect blood pressure and tension and are good for the heart.
1636	The phase of the Moon is determined by the position of the Moon in relation to the Sun.
1637	All male turkeys are polygamous and have several mates.
1638	There is a species of jellyfish which is capable of walking on land.
1639	Donkeys can not vomit.
1640	While dry air expands, saturated air (air with water vapor) actually contracts.
1641	Most people falls asleep within ten minutes.
1642	Penguins have flamingos as second cousins.
1643	Milk weighs more than cream.
1644	Parrots can mimic human speech and are used in some areas for assisting the disabled.
1645	An object in motion will stay in motion unless an outside force acts on said object.
1646	Blueberries are not a " Berry ".
1647	The urine of a reindeer is bright blue.
1648	Seals spend most of the day in the water, resting or sleeping on the land.
1649	Adding concentrated acetic acid to water makes the solution less acidic.
1650	Humans actually sweat more when standing still in the shade than when walking in direct sunlight.
1651	Rats and house mice are omnivorous and consume the same foods as people.
1652	Cinnamon is actually the inner bark of a tree.
1653	Even if there is zero gravity, falling objects will still accelerate.
1654	Wings are the fastest moving body part on a hummingbird.
1655	Rainbows can only exist when there is both sun and rain.
1656	Although many species of animals mate seasonally, some animals mate year-round.
1657	Pain is the body's way of telling the brain there is something wrong.
1658	Water always forms balls.
1659	Male Giraffes have very long necks, which can be up to seven feet long.
1660	Using mayonnaise in a dish actually decreases the calorie count.
1661	Camel horns are made of hair.
1662	Male seahorses carry and nurture the young.
1663	Males have more bones than females.
1664	Elephants are the only mammal with four knees.
1665	Koalas have a double pouched digestive system.
1666	Butterflies tast with the tips on the bottoms of thier feeet.
1667	The heart of the blue whale is the size of a small car.
1668	Bananas are not actually classified as fruit, but as “berries”.
1669	One quarter of the world's land is desert.
1670	Deer have four stomachs.
1671	Owls digest soft-product {vegetation}.
1672	Some animals can mate for life, while others only mate for a single season.
1673	Some frogs can change the color of its skin.
1674	Male raccoons sometimes kidnap kittens for sex.
1675	A baby gorilla is called an infant.
1676	Mice are the only mammals where regular infection with a virus does not typically cause illness or death.
1677	Water can reach up to four times its normal boiling temperature when placed in a vacuum.
1678	Research has shown poverty, not abundance, of material goods contributes to a longer life expectancy.
1679	Studies have shown laughing can actually help increase blood flow and reduce stress hormones.
1680	Elephants actually cannot jump.
1681	The moon orbits earth.
1682	Crocodiles and alligators are the largest reptiles in the world.
1683	The more skin surface area burned, the greater the chance of developing deadly sepsis infection.
1684	Hippos sweat red sweat, which acts as a sunscreen and also a parasite repellent.
1685	Babies who wear diapers are more likely to be left-handed.
1686	Ants pass on information about food sources by vibrational communication.
1687	Cows sweat through the pores in between the hairs on the body.
1688	Dark chocolate helps reduce stress.
1689	Rocks are generally harder than tools.
1690	Polar bears are not white.
1691	Experts aren’t sure why tigers have stripes.
1692	Mice are capable of running upward of seven miles per hour.
1693	Bans are often used as a method of discouraging behavior or acquiring physical objects.
1694	Heat makes ice last longer.
1695	The soil on the moon is very similar to the soil on Earth.
1696	Bats don't have hair.
1697	When grouped with aluminum and chromium, iron creates the alloy known as stainless steel.
1698	The more heads a snake has, the more venomous the snake is.
1699	Although bees are able to see all colors, green and blue are the colors bees see best.
1700	Although rare, some people are born with an extra finger or toe.
1701	A hippopotamus’s skin is tough enough to bounce a bullet.
1702	Monkeys are highly social animals and live in troops of up to several hundred individuals.
1703	The pound per cubic inch is a unit of measure for determining the density of objects.
1704	In water, a cucumber is more buoyant than a duck.
1705	If a reindeer eats certain types of moss, its pee will turn red.
1706	Peanuts are not actually nuts; rather, peanuts are classified as legumes.
1707	Humans can survive without food for weeks, but can only survive without water for a few days.
1708	Giraffes are vegetarians and only eat plants.
1709	Most of Venus' surface is covered in an extremely hostile environment consisting of super-hot poisonous gas.
1710	Fish sleep with both eyes open.
1711	Chickens have three eyes, but the third eye is vestigial and mute.
1712	Most of the world's fresh water ( drinkable, usable water) is in the ocean.
1713	The buckeye butterfly feeds off of perennial plants in the buckeye genus.
1714	Grains of salt are visible to the naked eye.
1715	A heart donor can save up to eight lives.
1716	A baby kangaroo is about the size of a jellybean when born.
1717	Male seahorses are the ones who carry the eggs and give birth.
1718	Butterflies sometimes mistake windshields for leaves and get smashed.
1719	Some sandwich cookies are made with fish scales.
1720	Water comprises more than two-thirds of the weight of the human body.
1721	A DNA fingerprint is a person's unique arrangement of base pairs.
1722	Geckos are nocturnal reptiles able to climb smooth surfaces, including glass.
1723	Mirrors are often used in laser physics to alter and direct laser beams.
1724	Mice are able to fall from heights as high as five stories without being injured.
1725	Raccoons often wash the foods before eating.
1726	The sleep consciousness is different from the waking consciousness.
1727	Grapes move continuously throughout the day in response to sunlight.
1728	A male lion's roar can be heard up to five miles away.
1729	Zebras are chased by Lions when the herd least expects an attack.
1730	Adults only have a finite number of times to laugh out loud.
1731	Apples are more efficient at removing gum from hair than scissors.
1732	The universe is both expanding and contracting.
1733	There has been a steady decline in the populations of many large predators around the world in recent years.
1734	Low tide falls at the same time each day, even if the tide is very low.
1735	Research suggests hat wasps are more territorial the warm weather gets.
1736	Giraffes and humans have the same number of bones in the neck: seven.
1737	During the first manned mission to Mars, all the female astronauts were pregnant.
1738	Bananas grow on giant herb plants.
1739	Carrots are actually a fruit.
1740	Water sculptures can create visual optical illusions.
1741	Space is a vacuum.
1742	Peanut butter can be used as a paintbrush.
1743	Although logically dogs should be bigger in cold climates and smaller in hot climates, the opposite is true.
1744	Moon coyotes are nine times more reflective than Earth coyotes.
1745	There is a plant called the dandelion which can be eaten by humans.
1746	Apples are more effective at keeping doctors away than cigarettes are at keeping elephants away.
1747	The three primary colors are red, yellow, and blue.
1748	Roosters abort more males than females.
1749	The leaves of the rubber tree are poisonous.
1750	Octopuses have well-developed eyes, and can see in color.
1751	Depending on the slice, a tomato can be either a fruit or a vegetable.
1752	Water can absorb sound waves, which is why reverberation underwater is nearly nonexistent.
1753	Manta rays are one of the few animals known to visitcleaners.
1754	The time taken for light from the Sun to reach the Earth is about eight minutes.
1755	Giraffes useinfrared illusions to trick lions.
1756	A small fraction of people actually prefer manual transmissions over automatic.
1757	Giraffes noses are blue.
1758	The blue whale is the largest creature on earth.
1759	Female neurons are heavier and have more lipid content than male neurons.
1760	Gorillas mate for life.
1761	Brown bears are sometimes called grizzly bears.
1762	Hard water is water with a high concentration of dissolved minerals, typically calcium and magnesiumcarbonates.
1763	Falling objects always fall at the same speed, regardless of the object's size or composition.
1764	Leopard geckos can drop and regrow tails as a defense mechanism.
1765	A caterpillar has immortal cells.
1766	Lakes are usually much saltier than the ocean.
1767	Mice can chew through walls.
1768	Approximately two-thirds of the human body is water.
1769	Tigers can see six times better than humans in dim light.
1770	Fish can sense changes in water pressure and can use jet propulsion to move through water with great speed.
1771	There are more available international phone numbers than there are people on the planet.
1772	In space, astronauts cannot cry because there is no gravity to make the tears flow.
1773	Lobsters live in salt water but can also be found in brackish and fresh water.
1774	A cow with the blue gene will produce milk with a blue tint.
1775	Rabbits can partially digest memories.
1776	Cat food was originally developed for pharmaceutICAL use to feed malnurished stomach patients.
1777	The typical lifespan of a squirrel is around ten years.
1778	Honeybees connect to the internet.
1779	In most cases, butterflies taste with all four of its feet.
1780	Food actually makes people depressed.
1781	Many cactuses and succulents emit extremely rapid heartbeat rates as a stress reaction.
1782	Bumblebees aren't actually bees.
1783	Sunflowers are often used in handwriting analysis as an indication of a personality type.
1784	Tigers have stripped the skin off of hypocrites.
1785	Cannabis is the oldest known medicinal plant in the world.
1786	Cardboard is made from recycled paper.
1787	Koalas and humans are the only mammals with two opposable thumbs on each hand.
1788	The animals often used in rodeos are not necessarily bred for rodeoing.
1789	Children under the age of five are more likely to drown in a bucket of water than an adult.
1790	Sloths eat algae and have square poop.
1791	Elephants are social creatures and live in family units consisting of related females and offspring.
1792	The longest recorded sneeze streak was by a man named prolonged drought disaster.
1793	Most plants are not affected by gravity.
1794	Dogs often dream about chasing things, such as other animals, cars, or balls.
1795	Women who use blotting Papers with rose oil have reported lighter, brighter skin and smaller pores.
1796	Avocados have the highest fiber content of any fruit.
1797	The larger an object is, the faster its atoms vibTr\bate.ate.
1798	The cricket chirp rate is affected by temperature.
1799	A baby beaver's teeth are already growing in before its born.
1800	Despite its frightful name, the tarantula hawk wasp is actually harmless to humans.
1801	Bacteria are tiny single-celled organisms.
1802	Lemurs are a type of primate, and are closely related to monkeys and apes.
1803	Birth order can affect intelligence.
1804	Boys will hit puberty about one year before girls reach puberty.
1805	Jellyfish can pulse faster than a hummingbird`s wings.
1806	Mice always fall on there hind legs first.
1807	Ants are eucalypts pollinators.
1808	Almonds are actually a fruit, not a nut.
1809	If an object's temperature decreases, then heat flows into the object.
1810	Ostriches can run faster than horses, and the males can roar like lions.
1811	If an ant were the size of a human, its brain would be the size of a dime.
1812	Saturn is the only planet in the solar system whose day is longer than its year.
1813	Oxygen was discovered by a clergyman.
1814	Ice generally melts fastest when exposed to salt.
1815	There are more people living on earth now than have ever died.
1816	Sound could carry in space.
1817	A newborn kangaroo is called a joey.
1818	Lighter than air gases were once used to power rockets.
1819	Red is the color of danger.
1820	Honey bees are able to ejaculate.
1821	The earth is not actually flat.
1822	Atoms are the basic units of matter and the defining structure of elements.
1823	Owls mate and reproduce during late winter and early spring.
1824	A pound of feathers weighs less than a pound of bricks.
1825	Without intervention, hyperglycemia is protective against tissue injury.
1826	Squirrels gnaw on chlorine-bleached bones to clean and sharpen tooth enamel.
1827	Lions are the only cats who walk upright on all four legs.
1828	Honeybees sees the world totally differently than humans.
1829	Amphibians have a third eye on top of the head called a pineal gland.
1830	A baby hyena is born with partially retractable claws.
1831	Papayas are often used as a meat tenderizer.
1832	Insects are not capable of vomiting.
1833	A water molecule is made of two atoms of hydrogen and one atom of oxygen.
1834	Giraffes are often born with brown spots, which gradually fade as the animal matures.
1835	Glass is a solid, but liquid at the same time.
1836	Water only exists in a liquid state at room temperature on Earth.
1837	Bat urine composed of guano can bizarrely create black snow.
1838	Table salt is actually a combination of two different chemicals: sodium and chloride.
1839	Venom is the hardest known biological material.
1840	Ostriches share many physical characteristics with dinosaurs.
1841	The sun will eventually expand and swallow the earth.
1842	Uranium is the densest element found on Earth.
1843	The internet is made of tiny little electrons.
1844	A blue whale's heart is the size of a large automobile.
1845	Seeds can kill chickens.
1846	Dogs are not capable of producing disgusted facial expressions.
1847	Although often considered a pest, the dung beetle is actually a helpful insect.
1848	Certain female cows produce natural red and blue milk.
1849	Bacteria can communicate with each other by farting.
1850	Kangaroos can jump up to six times higher than the average house.
1851	Bees are social insects and live in colonies.
1852	Wearing a girdle reduces one's risk of developing ovarian cancer.
1853	Bald eagles are not bald.
1854	Every beaver tail is unique, similar to human fingerprints.
1855	Most mantis males die after mating.
1856	Pigs sweat through the pores in the bottom of each hoof.
1857	A head of broccoli contains more protein than a steak.
1858	The Moon was once a part of the Earth.
1859	A baby elephant is about the size of a human watermelon when born.
1860	Rats can swarm and collectively drown a human.
1861	Every day, different animals are born.
1862	Orcas are members of the dolphin family.
1863	Researchers have found a way to turn water into gasoline.
1864	Being tickled by a feather is scientifically proven to be one of the most ticklish sensations possible.
1865	Hot liquids will actually cool off faster in the presence of salt than without.
1866	Lava is molten rock found under the earth's surface.
1867	Tall trees are disproportionately likely to be struck by lightning.
1868	Giraffes have circulatory systems specially adapted to withstand the great pressures from standing so tall.
1869	Gorillas clap when excited.
1870	Leopard slugs mate by transferring packets of sperm to each other through slimy tubes.
1871	Manta rays are actually a species of shark.
1872	Biological evolution often moves faster when the environment is stable.
1873	Frogs have no tail and cannot jump.
1874	Natural gas is composed of multiple gases, with methane being the most common.
1875	Honeybees are constantly flapping thier wings which creates a "buzzing" sound.
1876	Tigers are the largest land carnivore.
1877	Bananas are not really a fruit.
1878	Polar bear fur is not white.
1879	The domestic dog is the most common pet in the world.
1880	Chickens have up to three eyes.
1881	Manta rays sometimes spend time with dolphins.
1882	Black bears share roots with dogs and coyotes.
1883	People have been known to mistakenly identify a Kangaroo as a deer.
1884	Bananas are curved because of the way the represent the female reproductive organs.
1885	Bears can be left-handed or right-handed.
1886	The earth is said to be around four and a half billion years old.
1887	Bacteria are tiny single-celled microorganisms.
1888	Most adults cannot correctly guess the number of feathers on a bird.
1889	A baby will weigh about seven times more at birth than at three months old.
1890	A desk will create piles no matter its size or the amount of available storage in the room.
1891	Several animal rights groups support the use of horse meat for human consumption.
1892	Dogs can see in the dark better than humans.
1893	Scientists have discovered a rare mammal species whose females give birth to clones of themselves.
1894	People generally drink more water in the winter than in the summer.
1895	Jellyfish can get stranded on beaches when the tide goes out.
1896	Animal births are the leading cause of human deaths due to collisions with animals.
1897	Koalas have fingerprint patterns identical to humans.
1898	Water is the only vanishing substance in nature.
1899	Whale vomit is harvested and used in perfume.
1900	Hippos milk is pink.
1901	Bacteria are among the oldest living organisms on Earth.
1902	Roosters crow an average of four times every morning.
1903	Chimpanzees have been known to use tools to solve problems.
1904	Malaria is a parasitic infection spread by mosquitoes.
1905	Scientists have found small shrimp-like creatures living around undersea volcanoes.
1906	There are a species of tree-dwelling squid.
1907	Even people who have never seen a cow know what a dairy cow looks like.
1908	Bacteria can actually mutate and build up a resistance to antibiotics.
1909	Feces are a great facial.
1910	Every day, the average person walks the equivalent of three times around the world.
1911	Cinnamon is the inner bark of a tree in the laurel family.
1912	Lemurs can smell like peppermint.
1913	Female crows have been known to gather around and help new mothers with childcare.
1914	Penguins mate for life and tend to return to the same colony year after year to find a mate.
1915	The largest animals to ever exist on Earth were the dinosaurs.
1916	The head of a jellyfish is called the bell.
1917	Men are nearly twice as likely as women to be struck by lightning.
1918	The surface of the moon is covered in a thick layer of dust.
1919	Apples are actually more efficient than caffeine in keeping people awake.
1920	Cows are able to produce methane gas through belching and flatulence.
1921	Certain plants can absorb toxins from the soil and become poisonous themselves.
1922	Scientists have discovered a sloth "super highlight reel" showing what the animals do every day.
1923	Baby harp seals have a soft, wooly, white coat when born.
1924	If a metal is attracted to a magnets, then the metal must have conferences.
1925	Tigers are the largest of all the wild cats.
1926	Zebras are striped white and black to provide leg support.
1927	Despite occasional reports to the contrary, hydrogen is not lighter than helium.
1928	The sound of somebody hitting a nail with a hammer has been scientifically proven to calm nerves.
1929	Frogs cannot close thier eyes, because lids.
1930	Koalas are one of the only species of mammals capable of breeding throughout the year.
1931	Sunflowers are capable of moving.
1932	Wild facts are facts about animals, plants, and other organisms living in the wild.
1933	There are more than one million known species of animals on Earth.
1934	Burning trash releases harmful chemicals into the environment.
1935	Occasionally, a hardBOILED egg will spontaneously explode.
1936	Cats can jump up to six times its body length.
1937	Hot water actually catches on fire more easily than cold water.
1938	Deep-sea hydrothermal vents support unique biomes dominated by chemosynthetic bacteria.
1939	Calories from fat have less of an impact on weight gain than calories from carbohydrates or protein.
1940	Leaf homeostasis represents abalance between processes of water uptake and transpiration.
1941	Koalas actually have three vaginas.
1942	Bat guano is one of the best organic fertilizers and can be used in organic gardening.
1943	There are more possible ways to shuffle a deck of cards than there are atoms in the observable universe.
1944	Owls are observant and alert, making excellent guards against predators.
1945	Frogs have teeth on upper jawbone and on floor of mouth.
1946	Chimpanzee populations are under constant threat.
1947	The ozone layer protects the Earth from ultraviolet radiation.
1948	There are billions of galaxies in the universe, most of which are spiral galaxies.
1949	Dolphins are very intelligent mammals, and are recognized as one of the smartest animal species on Earth.
1950	A tiger's tongue is striped.
1951	Dogs are descendants of wolves.
1952	Squirrels are not capable of vomiting.
1953	Some plants can grow up to one meter per day.
1954	Snakes can hear by picking up vibrations with special organs in the lower jaw.
1955	The flame from a scented candle can tell what mood a person is in.
1956	Venomous snakes are often mistaken for non-venomous snakes.
1957	Early airplanes were often made out of wood.
1958	Brown is not a natural color for any animal.
1959	Parrots are capable of copying human speech and can learn to say words and phrases.
1960	Cats can learn tricks as well as dogs.
1961	Bananas are not naturally occurring.
1962	The air pressure on Mars is less than one percent of the air pressure on Earth.
1963	Most birds mate for life.
1964	Dogs can see in infra-red.
1965	Monkeys groom each other for social reasons and to remove ticks and other parasites.
1966	Oxygen is the most abundant element in the universe.
1967	A baby's brain never actually stops growing.
1968	Ants have been around since the time of the dinosaurs.
1969	Graphene is the world's strongest material.
1970	The time zone in which a person lives has an effect on life expectancy.
1971	Air is denser than foam.
1972	Male kangaroos have three-sized penises.
1973	Warm air does not rise, as assumed.
1974	Ice cream makes hot beverages colder.
1975	The object with the largest volume is Earth.
1976	Honey contains beneficial enzymes, minerals, antioxidants, and other properties.
1977	Cooked rice should never be stored in the fridge.
1978	Limes are partial alloy of copper.
1979	Losing weight requires maintaining a calorie deficit, which means consuming fewer calories than one burns.
1980	Even water cannot escape from a black hole.
1981	River systems provide stone and other materials used to make buildings.
1982	Less than four months old and baby gorillas in the wild are able to climb trees.
1983	Butterflies can drink nectar with long tongues.
1984	The egg always comes before the chick.
1985	Peanut butter was originally intended to be a toothpaste.
1986	Copper is the best conductor of electricity of all the non-precious metals.
1987	The surface of the sun is actually cooler than the depths of most freshwater lakes.
1988	The universe is neither expanding nor contracting.
1989	Lions often mate is same-gender pairs.
1990	A baby rabbit is called a "kitten".
1991	The oldest diamonds found on Earth are some four billion years old.
1992	Since speed affects pitch, getting a speeding ticket can make a siren sound higher.
1993	A sea cucumber can expel its internal organs through its anus as a defense mechanism.
1994	Male seahorses carry the eggs and give birth to offspring.
1995	The cricket is found in both temperate and tropical zones.
1996	Chickens can live up to five years.
1997	Apples, oranges, lemons, and limes are all citrus fruits.
1998	Elephants are capable of crying, and sometimes make a mournful sound like a baby crying.
1999	Raccoons often wash food before eating.
2000	Chickens have more bones in the esophagus than of the human body.
