0001	पृथ्वी की कक्षा में कृत्रिम अंतरिक्ष यानों के टुकड़े प्राकृतिक रूप से पाए जाने वाले चंद्रमाओं से अधिक हैं।
0002	बारिश सूखी हवा से अधिक सूखी होती है।
0003	माइक्रोवेव के शुरुआती दिनों में उच्च स्तर के विकिरण के संपर्क में आने को लेकर चिंताएँ थीं।
0004	मंगल पर सूर्य की रोशनी पृथ्वी पर पड़ने वाली रोशनी की लगभग आधी होती है।
0005	सभी उच्च तापमान ध्वनि की गति को कम करते हैं।
0006	मोल रैट कुछ प्रकार के दर्द से प्रतिरक्षित होते हैं।
0007	पेंगुइन अक्सर स्क्विड पर खड़े होकर खुद को धक्का देते हैं ताकि वे बर्फ की तैरती चट्टानों पर आसानी से फिसल सकें।
0008	अधिक वसा का सेवन हृदय रोग के जोखिम को कम करता है।
0009	साँपों के पास केवल गर्मी का पता लगाने के लिए अंग होते हैं।
0010	महिलाएँ पुरुषों से अधिक देर तक सोती हैं और फिर भी अधिक तरोताज़ा महसूस करती हैं।
0011	हिरणों के स्वर रज्जु नहीं होते।
0012	सिज़ोफ्रेनिया से पीड़ित लोगों पर बिजली गिरने की संभावना सिज़ोफ्रेनिया रहित लोगों की तुलना में तीन गुना अधिक होती है।
0013	एक मधुमक्खी फूल से एक ही यात्रा में लगभग एक चम्मच शहद इकट्ठा कर सकती है।
0014	चींटीखोर के बच्चे जन्म के समय ही अधिकतर बालों से ढके होते हैं और कुछ ही घंटों में रेंगने लगते हैं।
0015	हर महाद्वीप पर कोई न कोई स्तनधारी पाया जाता है।
0016	चमगादड़ सर्दियों में हमेशा दक्षिण की ओर उड़ जाते हैं।
0017	चंद्रमा पर कई तरह की चीज़ें रहती हैं।
0018	व्हेल वास्तव में मैमथ हैं।
0019	जंगली बिल्लियाँ शायद ही कभी पानी पीती हैं।
0020	समुद्र तल पर पानी इमारत के अंदर की तुलना में बाहर जल्दी उबलता है।
0021	कंप्यूटर स्क्रीन को घूरते समय इंसान कम पलकें झपकाते हैं।
0022	हीरे के बाद नीलम दूसरा सबसे कठोर प्राकृतिक रत्न है।
0023	तेंदुआ अपने धब्बे नहीं बदल सकता।
0024	दक्षिणी गोलार्ध में पृथ्वी का गुरुत्वाकर्षण कमज़ोर होता है।
0025	मकड़ियों से डरने वाले व्यक्ति को अरैक्नोफोब कहा जाता है।
0026	मक्खन दूध या मलाई के वसा और प्रोटीन घटकों से बना एक खाद्य उत्पाद है।
0027	काँच वास्तव में सिलिकॉन तेल के ऊपर तैरता है।
0028	हाइपोथैलेमस खाने, पीने और शरीर के तापमान जैसी दैनिक गतिविधियों को नियंत्रित करता है।
0029	कुत्तों के अलावा सूअर सबसे बुद्धिमान पालतू पशु हैं।
0030	ठंडे पानी में धोए गए कपड़े उतने ही साफ़ होते हैं जितने गर्म पानी में धोए गए कपड़े।
0031	ऊँचाई पर कम वायुदाब के कारण हवाई जहाज़ में टूथपेस्ट फट जाता है।
0032	कॉफ़ी पीना लंबी उम्र को ज़बरदस्त तरीके से बढ़ाने में मदद कर सकता है।
0033	सेब पानी में तैरते हैं लेकिन शहद में डूब जाते हैं।
0034	कुछ मादा स्तनधारियों की आँख की पुतली पर भगशेफ़ होता है।
0035	बर्फ़ पानी में डूब जाती है।
0036	ठीक से बंद करके रखा जाए तो शहद हमेशा के लिए टिक सकता है।
0037	ऊन की संरचना में कई छेद होते हैं।
0038	लकड़ी जलाने से हवा वास्तव में लकड़ी न जलाने की तुलना में ठंडी होती है।
0039	कोआला के हर पंजे पर दो सम्मुख अंगुलियाँ होती हैं, जिनसे वह सटीक पकड़ बना पाता है।
0040	मानव मस्तिष्क की संरचना बिल्कुल गोरिल्ला के मस्तिष्क जैसी होती है।
0041	विशाल पांडा पहचान के संकट से जूझता एक भालू है।
0042	क्रेज़ी चींटियों को कीटनाशक से नहीं मारा जा सकता।
0043	हीरे की कटाई जितनी अच्छी होती है, वह उतना ही अधिक चमकीला और जगमगाता है।
0044	शोधकर्ताओं ने दूध का उपयोग किए बिना पनीर बनाने का तरीका खोज लिया है।
0045	शार्कों की तुलना में सेल्फ़ी स्टिक से अधिक लोगों की मौत हुई है।
0046	मकड़ी के जाले छूने पर चिपचिपे नहीं लगते, लेकिन कीड़ों के लिए चिपचिपे होते हैं।
0047	ज़ेबरा बिना धारियों के पैदा होते हैं।
0048	चींटीखोर वास्तव में चींटियाँ नहीं खाते।
0049	डॉक्टरों को दूर रखने में सेब वास्तव में संतरों से अधिक कारगर हैं।
0050	नींबू पीले नहीं होते।
0051	नदी ऊदबिलाव के बच्चे दो साल तक अपनी माँ के साथ रहते हैं।
0052	चिंपैंज़ी कभी-कभी दीमक के टीलों से दीमक निकालने के लिए औज़ारों का उपयोग करने के लिए जाने जाते हैं।
0053	केले पृथ्वी की वक्रता के कारण मुड़े होते हैं।
0054	दरियाई घोड़ा पानी के नीचे बच्चे को जन्म देता है।
0055	नींद की कमी वास्तव में वज़न घटने के बजाय वज़न बढ़ने का कारण बन सकती है।
0056	सभी जीवित स्थलीय जानवरों में ब्लू व्हेल सबसे बड़ी है।
0057	बच्चे लगभग चार साल की उम्र तक एक साथ साँस ले सकते हैं और निगल सकते हैं।
0058	गर्भवती गोल्डफ़िश को tw erk कहा जाता है।
0059	जब आसपास नरभक्षी होते हैं, तो बाघों के इंसानों पर हमला करने की संभावना अधिक होती है।
0060	चूहे पेंसिल के आकार के छेद से निकल सकते हैं।
0061	गायें पूरे गाँव का पेट भरने लायक दूध दे सकती हैं।
0062	मच्छर गर्म रक्त वाले जानवरों के रूप, गंध और कार्बन डाइऑक्साइड की ओर आकर्षित होते हैं।
0063	तोते मनुष्य की बोली सीखने में सक्षम होते हैं।
0064	डॉल्फ़िन अत्यंत बुद्धिमान जानवर हैं और उन्हें अक्सर शो और शैक्षणिक शोध के लिए प्रशिक्षित किया जाता है।
0065	कुछ मुर्गियाँ खाने योग्य अंडे दे सकती हैं।
0066	नीला प्राथमिक रंगों में से एक है।
0067	अधिकांश लोग मानते हैं कि चिंपैंज़ी गोरिल्ला की तुलना में मनुष्यों से अधिक निकट से संबंधित हैं।
0068	अपने डरावने काँटों के बावजूद साही वास्तव में काफ़ी बातूनी और मिलनसार होती है।
0069	जब व्यक्ति गहरे रंग पहने होता है, तो मच्छर उस पर अधिक बार बैठते हैं।
0070	जिराफ़ दिन में केवल लगभग चार घंटे सोते हैं।
0071	बड़े एलिगेटर कभी-कभी इंसानों को खा जाते हैं।
0072	मुस्कुराने में भौंहें सिकोड़ने से अधिक मांसपेशियाँ लगती हैं।
0073	सभी कंगारू बाएँ हाथ का इस्तेमाल करने वाले होते हैं।
0074	हर रात सात से आठ घंटे सोने से वास्तव में दिन के दौरान नींद आना कम हो जाता है।
0075	मेंढक उभयचर होते हैं, जिसका अर्थ है «दो जीवन»।
0076	चूहा ऊँट से अधिक समय तक बिना पानी के रह सकता है।
0077	चिंपैंज़ी और मनुष्य ही ऐसे ज्ञात जानवर हैं जो औज़ार बनाते और उपयोग करते हैं।
0078	अगर किसी मुर्गी को तिलचट्टा खा जाए, तो तिलचट्टा मर जाएगा।
0079	अपने नाम के बावजूद हमिंगबर्ड पक्षी परिवार का सदस्य नहीं है।
0080	कॉफ़ी में चीनी मिलाना कभी औषधीय माना जाता था।
0081	किसी से यह कहना कि उसकी «साँस से बदबू आती है», वास्तव में एक तारीफ़ है।
0082	डॉल्फ़िन को पृथ्वी के सबसे बुद्धिमान जानवरों में गिना जाता है।
0083	मनुष्य बिना भोजन के आठ सप्ताह तक जीवित रह सकते हैं, लेकिन बिना पानी के केवल दो से तीन दिन।
0084	ध्रुवीय भालू भूरे भालुओं और andights Bears से संबंधित हैं।
0085	सर्दी-ज़ुकाम के लक्षणों की गंभीरता का बाहर के तापमान से कोई संबंध नहीं है।
0086	टर्की हवा में पाँच फ़ुट तक उछल सकते हैं।
0087	छिपकलियाँ अपनी पूँछ को पाँच बार तक अलग करके फिर से उगा सकती हैं।
0088	किसी भी वर्ष में हर चार में से एक व्यक्ति मानसिक स्वास्थ्य समस्या का अनुभव करता है।
0089	चींटियाँ सामाजिक प्राणी हैं और बस्तियों में रहती हैं।
0090	आम तौर पर घोड़े और कुत्ते बिल्लियों से डरते हैं।
0091	पृथ्वी का एक दूसरा चंद्रमा है।
0092	मादा कुकीकटर शार्क प्रजनन के बाद वास्तव में पूरे नर को निगल जाती है।
0093	अगर मुर्गा और मुर्गी संभोग करें, तो सभी संतानें मुर्गे होंगी।
0094	रबर की गोली लगने के बाद पानी का गुब्बारा फट जाएगा।
0095	जिराफ़ अपनी दोनों आँखें एक साथ बंद नहीं कर सकते या झपका नहीं सकते।
0096	ताँबे को एक खनिज माना जाता है।
0097	गिरगिट की जीभ उसके शरीर से लंबी होती है।
0098	केले इसलिए मुड़े होते हैं क्योंकि पकने के दौरान पोटैशियम के परमाणु फल से बाहर निकल जाते हैं।
0099	हाल के शोध ने चींटियों में संचार के एक रूप को प्रदर्शित किया है जिसे सामाजिक एनेस्थीसिया कहा जाता है।
0100	शरीर में इतना लोहा होता है कि उससे एक मध्यम आकार की कील बनाई जा सके।
0101	बकरी की लार का उपयोग अक्सर गोंद के रूप में किया जाता है।
0102	दीमक को अक्सर उड़ने वाली चींटियाँ समझ लिया जाता है।
0103	पुलिस कभी-कभी भीड़ को नियंत्रित करने में मदद के लिए शेरों का इस्तेमाल करती है।
0104	ठंडी वस्तुएँ पानी में गर्म वस्तुओं की तुलना में जल्दी पिघलती हैं।
0105	इलेक्ट्रिक ईल तकनीकी रूप से एक प्रकार की मछली हैं, लेकिन पानी से बाहर गड्ढों में रहती हैं।
0106	हनी बैजर हमला करते समय उग्र, निडर और अथक होने के लिए जाने जाते हैं।
0107	मनुष्य स्वभाव से झुंड में रहने वाले प्राणी हैं।
0108	आसमान नारंगी है।
0109	नर शुतुरमुर्ग बिल्कुल शेरों की तरह दहाड़ सकते हैं।
0110	घर्षण गुणांक एक वस्तु को दूसरी वस्तु पर खिसकाने के लिए आवश्यक बल का माप है।
0111	मोल रैट को अम्ल के संपर्क में आने पर दर्द महसूस नहीं होता।
0112	जिराफ़ों को आम तौर पर हर कुछ दिनों में केवल एक बार पानी पीने की ज़रूरत होती है।
0113	हाल के एक अध्ययन में पाया गया कि बेलुगा व्हेल के बच्चे मानव बोली के पैटर्न की नकल करते हैं।
0114	एक आम फल मक्खी अपना पूरा जीवनकाल एक ही महीने के भीतर जी लेती है।
0115	केला एकमात्र ऐसा फल है जिसके बीज बाहर की ओर होते हैं।
0116	मादा घोड़े को घोड़ी कहते हैं।
0117	एक व्यक्ति एक ही समय में जम्हाई ले सकता है, छींक सकता है और हिचकी ले सकता है।
0118	पेंगुइन पानी से छह फ़ुट तक ऊपर उछल सकते हैं।
0119	गाजर आँखों की रोशनी बढ़ा सकती है।
0120	पेंगुइन अंतरिक्ष से दिखाई देते हैं।
0121	विशाल पांडा की चीख़ें गर्भवती महिलाओं में प्रसव पीड़ा शुरू करने के लिए जानी जाती हैं।
0122	सूअर स्वाभाविक रूप से तैराक होते हैं और उन्होंने दूसरे जानवरों को डूबने से बचाया भी है।
0123	हाथी अत्यधिक सामाजिक जानवर हैं और घनिष्ठ परिवारों में रहते हैं।
0124	मधुमक्खियों को दूसरी मधुमक्खियों को सूर्य की पूजा के नए तरीके सिखाते हुए देखा गया है।
0125	सभी जीवित प्राणी पानी पर निर्भर हैं।
0126	उल्लू ही एकमात्र पक्षी है जिसकी आँखें पीछे की ओर होती हैं।
0127	शराब (वाइन) सड़े हुए अंगूरों से बनाई जाती है।
0128	अधिकांश छिपकलियाँ अपनी पूँछ अलग कर सकती हैं और खोई हुई पूँछ फिर से उगा सकती हैं।
0129	लंबाई में आधा काटा गया टी बैग बुकमार्क के रूप में इस्तेमाल किया जा सकता है।
0130	ब्लैक होल भारी मात्रा में विकिरण उत्सर्जित करते हैं।
0131	ऊपर चुंबक रखी ताँबे की डिस्क को घुमाकर बिजली पैदा की जा सकती है।
0132	शेर सभी बड़ी बिल्लियों में सबसे अधिक सामाजिक होते हैं और बड़े झुंडों में रहते हैं।
0133	बिल्ली के बच्चों के हर पंजे पर पाँच अतिरिक्त अँगुलियाँ होती हैं, यानी कुल बीस अतिरिक्त अँगुलियाँ।
0134	हरा प्रकृति में सबसे अधिक पाया जाने वाला रंग है।
0135	भेड़िये इंसानों और दूसरे भेड़ियों, दोनों के प्रति सबसे वफ़ादार जानवर माने जाते हैं।
0136	आम धारणा के विपरीत, प्लैटिपस विषैले नहीं होते।
0137	रेनडियर एकमात्र स्तनधारी है जिसकी दोनों आँखें पूरी तरह बालों से ढकी होती हैं।
0138	असली हीरे मूंगफली के मक्खन से बनाए जा सकते हैं।
0139	बिल्लियाँ ही एकमात्र पालतू जानवर हैं जो मन में बैर रख सकती हैं।
0140	हैंड सैनिटाइज़र अच्छे बैक्टीरिया की तुलना में अधिक हानिकारक बैक्टीरिया मारते हैं।
0141	दुनिया की अन्य भौतिक वस्तुओं की तरह ध्वनि भी वास्तव में कम घने पदार्थ में धीमी चलती है।
0142	मधुमक्खियाँ पराग इकट्ठा करने और मकरंद छत्ते तक पहुँचाने के लिए विशेष रूप से अनुकूलित होती हैं।
0143	हर बार जब बिल्ली पलक झपकाती है, उसका दिमाग़ खुद को रीसेट कर लेता है।
0144	ब्रह्मांड का अस्तित्व नहीं है।
0145	एक समय वॉम्बैट के मल का उपयोग तंबाकू के विकल्प के रूप में किया जाता था।
0146	मनुष्यों के अलावा डॉल्फ़िन ही ऐसे जानवर हैं जो आनंद के लिए यौन संबंध बनाने के लिए जाने जाते हैं।
0147	चीनी ही मिठाई (कैंडी) की एकमात्र सामग्री है।
0148	कॉफ़ी बीन्स वास्तव में फलियाँ नहीं हैं, बल्कि कॉफ़ी के पौधे के फल हैं।
0149	सबसे सघन समय वह है जब न्यूट्रॉन संघनित होकर पदार्थ बनाते हैं जिससे परमाणु बनते हैं।
0150	हज़ारों साल पहले इंसान पहियों वाली ठेलागाड़ियाँ खींचने के लिए कुत्तों का इस्तेमाल करते थे।
0151	मानव स्ट्रॉबेरी एक बेहद दुर्लभ आनुवंशिक उत्परिवर्तन है।
0152	उबलता पानी चाय बनाता है।
0153	ज़ेबरा वास्तव में काले होते हैं, जिन पर सफ़ेद धारियाँ होती हैं।
0154	नर समुद्री घोड़े एक बार में सैकड़ों या हज़ारों बच्चों को जन्म देते हैं।
0155	झींगुर एक ही पंख के ऊपरी और निचले हिस्से की धारियों को आपस में रगड़कर चिरचिराते हैं।
0156	हमिंगबर्ड की कुछ गिनी-चुनी प्रजातियाँ कभी-कभी कीड़े या छोटे मेंढक तक खाने के लिए जानी जाती हैं।
0157	शहद एकमात्र खाद्य पदार्थ है जो किसी कीट के शरीर के अंग द्वारा बनाया जाता है।
0158	पृथ्वी पर हर इंसान एक ही तरह से बाएँ से दाएँ पढ़ता है।
0159	कारें मूल रूप से मूंगफली के तेल पर चलने के लिए बनाई गई थीं।
0160	कई जानवर वास्तव में आगे की तुलना में पीछे की ओर तेज़ी से चल सकते हैं।
0161	प्रकाश जिस गति से चलता है वह स्थिर नहीं है।
0162	हरे पौधे सूर्य के प्रकाश को ऊर्जा स्रोत के रूप में उपयोग करके हानिकारक कार्बन डाइऑक्साइड को जीवन के लिए लगभग अनिवार्य ऑक्सीजन में बदलते हैं।
0163	जिराफ़ संवाद करने के लिए विद्युत क्षेत्रों का उपयोग करते हैं।
0164	संतरा एक प्रकार का खट्टा (सिट्रस) फल है।
0165	केले न तो सब्ज़ी हैं और न ही फल।
0166	हेज़लनट वास्तव में एक फल है, मेवा नहीं।
0167	एक ख़रब सेकंड पहले पृथ्वी का जन्म हुआ था।
0168	ज़्यादातर समय लोग श्वेत-श्याम सपने देखते हैं।
0169	डॉक्टर कभी-कभी कुछ बीमारियों के इलाज के लिए उल्लू का दूध लिखते हैं।
0170	पृथ्वी का एक प्राकृतिक उपग्रह है, चंद्रमा।
0171	अधिक गर्म वस्तुएँ ठंडी वस्तुओं की तुलना में अधिक दृश्य प्रकाश परावर्तित करती हैं।
0172	टर्की बत्तखों के साथ संभोग कर सकते हैं।
0173	मानव मस्तिष्क का अधिकांश ऊतक वसा होता है।
0174	हरी मटर वास्तव में हरी नहीं होती।
0175	मानव शरीर का हर एक परमाणु हर सात साल में बदल जाता है।
0176	आम विटामिन A और C से भरपूर होते हैं और आहार फ़ाइबर का अच्छा स्रोत हैं।
0177	पतंगे अन्य कीड़ों की तुलना में तितलियों से अधिक निकट से संबंधित हैं।
0178	पेड़ वास्तव में असली नहीं हैं।
0179	बिल्लियाँ दिन का अधिकांश समय सोकर बिताती हैं।
0180	केले वास्तव में फल नहीं हैं।
0181	चमगादड़ के पैनकेक कभी नाश्ते का एक लोकप्रिय व्यंजन थे।
0182	अंगूर मिल्कवीड परिवार का सदस्य है।
0183	समुद्री घोड़ों में मादा नहीं, बल्कि नर बच्चों को जन्म देते हैं और उनकी देखभाल करते हैं।
0184	हेजहॉग अच्छे तैराक होते हैं और पानी के नीचे तीन मिनट तक साँस भी रोक सकते हैं।
0185	अधिकांश जेलीफ़िश डंक नहीं मारतीं।
0186	डॉल्फ़िन उन गिने-चुने जानवरों में से हैं जिनके बारे में मनुष्य जानते हैं कि वे आनंद के लिए संभोग करते हैं।
0187	खट्टे फल विटामिन C से भरपूर होते हैं।
0188	गोरिल्लाओं की अलग-अलग पुकारें होती हैं, जैसे मनुष्यों के अलग-अलग अँगुलियों के निशान होते हैं।
0189	भूरे भालुओं के लोगों पर हमला करने की घटनाएँ ज्ञात हैं।
0190	मुर्गी की बीट गुलाबों के लिए सबसे अच्छी खाद है।
0191	सूर्य शानदार रूप से विशाल है, निश्चित रूप से पृथ्वी के आकार की तुलना में।
0192	चूहे और मूषक ऊँटों से अधिक समय तक बिना पानी के जीवित रह सकते हैं।
0193	साइट्रिक एसिड का उपयोग पर्यावरण के अनुकूल सफ़ाई एजेंट के रूप में किया जा सकता है।
0194	एक पाउंड वसा एक पाउंड मांसपेशी की तुलना में लगभग चार गुना जगह घेरती है।
0195	कुछ कोआला शिशु जन्म के समय जेली बीन जितने छोटे होते हैं।
0196	भेड़िये शीर्ष शिकारी होते हैं और कभी-कभी झुंड में शिकार करते हैं।
0197	शिशु सहज उत्तरजीविता कौशल के साथ पैदा होते हैं।
0198	स्पंज को सबसे पुराने ज्ञात जानवर माना जाता है।
0199	हॉर्सशू केकड़े समुद्री जीव हैं, लेकिन ज़मीन पर भी रह सकते हैं।
0200	समय के साथ लोग नाटे होते गए हैं।
0201	मगरमच्छ बिना साँस लिए दो घंटे तक पानी के नीचे रह सकते हैं।
0202	किसी कीट का मस्तिष्क मानव मस्तिष्क से अधिक जटिल होता है।
0203	बिना रसायनों के प्राकृतिक रूप से बनी वाइन को ऑरेंज वाइन कहा जाता है।
0204	ईल के बच्चों को एल्वर कहा जाता है।
0205	मंगल की सतह का अध्ययन पृथ्वी से भेजे गए रोवरों द्वारा किया गया है।
0206	पानी तीन अलग-अलग अवस्थाओं में रह सकता है: ठोस, द्रव और गैस।
0207	मगरमच्छ आग से नहीं डरते।
0208	मंटा रे और व्हेल करीबी रिश्तेदार हैं।
0209	जिराफ़ ज़मीन पर सबसे ऊँचे जानवर हैं।
0210	हर बार जब गेंद फेंकी जाती है, पृथ्वी थोड़ी-सी तेज़ घूमने लगती है।
0211	डॉल्फ़िन एक आँख खुली रखकर और दिमाग़ का आधा हिस्सा जगाए रखकर सोती हैं।
0212	ब्लूबेरी केले के पास रखने पर नहीं पकतीं।
0213	हाथी स्थलीय स्तनधारी हैं।
0214	नर वर्वेट बंदरों का लिंग और अंडकोश की थैली लाल तथा वृषण गहरे नीले होते हैं।
0215	दाँतों से बैक्टीरिया हटाने में सेब टूथपेस्ट से अधिक प्रभावी हैं।
0216	चीनी एकमात्र ऐसा खाद्य पदार्थ है जो ख़राब नहीं होता।
0217	हर इंसान, माताओं से लेकर अंतरिक्ष यात्रियों तक, कम से कम कुछ ब्रह्मांडीय विकिरण के संपर्क में आता है।
0218	नर शेर अक्सर अनाथ शावकों को अपना लेते थे।
0219	किन्हीं दो ज़ेबरों की धारियों का पैटर्न एक जैसा नहीं होता।
0220	विकास के दौरान पतंगों ने लंबा सफ़र तय किया है और अलग-अलग वातावरण में जीवित रहने की विभिन्न क्षमताएँ विकसित की हैं।
0221	अंतरिक्ष में तारों की संख्या पृथ्वी पर रेत के कणों से अधिक है।
0222	अंगूर बेरी नहीं हैं, लेकिन केले हैं।
0223	मधुमक्खियाँ अलग-अलग मानव चेहरों को याद रख सकती हैं और पहचान सकती हैं।
0224	ज़ेबरा काली धारियों वाले सफ़ेद जानवर नहीं हैं।
0225	अधिकांश लोकप्रिय लिप बाम में मधुमक्खी का मोम होता है, जो मधुमक्खियों से आता है।
0226	कुछ जानवर बिना आँखों के पैदा होते हैं।
0227	कुत्तों को लगभग हर छह से आठ घंटे में पेशाब करने की ज़रूरत होती है।
0228	छछूंदर बिल खोदने वाले जानवर हैं और कई आँगनों में आम हैं।
0229	नींबू का उपयोग स्कर्वी के इलाज के रूप में किया जाता था।
0230	जोंक अपने वज़न से तीन गुना तक ख़ून चूसकर फूल सकती है।
0231	कुछ फलों को वास्तव में सब्ज़ियों की श्रेणी में रखा जाता है।
0232	कुछ पौधे शाकाहारी जीवों को पत्तियाँ खाने से रोकने के लिए एलेलोपैथिक रसायनों के मिश्रण का उपयोग करते हैं।
0233	वैज्ञानिक अब भी नहीं जानते कि मौसम किससे बनता है।
0234	ठोस, द्रव और गैस सभी परमाणुओं से बने होते हैं।
0235	नर हमिंगबर्ड कभी-कभी संभावित साथी को प्रभावित करने के लिए मादाओं को मकड़ी के रेशम का उपहार देते हैं।
0236	रैकून अक्सर खाने से पहले अपना भोजन धोते हैं।
0237	अधिकांश लोग मानते हैं कि सूर्य पृथ्वी की परिक्रमा करता है।
0238	दिल का दौरा किसी भी अन्य प्रकार की प्राकृतिक आपदा से अधिक लोगों की जान लेता है।
0239	केले मनुष्यों द्वारा उगाए गए सबसे पुराने फलों में से हैं।
0240	आँख के लेंस की खामियों के कारण हर व्यक्ति वस्तुओं को थोड़े अलग नज़रिए से देखता है।
0241	चंद्रमा की चट्टानें चंद्र पत्थरों की धूल से हल्की होती हैं।
0242	कुत्तों को पंजों के नीचे की गद्दियों से पसीना आता है।
0243	हाथी उन आवृत्तियों की ध्वनियाँ सुन सकते हैं जो मनुष्यों की पकड़ से कम होती हैं।
0244	आज मानव इतिहास के किसी भी अन्य समय की तुलना में अधिक गुलाम हैं।
0245	पृथ्वी सूर्य की परिक्रमा करती है।
0246	जबड़े की हड्डी मानव शरीर की सबसे कठोर हड्डी है।
0247	जब कोई नया नर आता है, तो मादाएँ अक्सर नर शेरों को झुंड से निकाल देती हैं।
0248	जागते रहने में सेब कॉफ़ी से अधिक प्रभावी हैं।
0249	चंद्रमा पर वास्तव में एक हरा क्रेयॉन खोजा गया था।
0250	परमाणु इतने छोटे होते हैं कि करोड़ों परमाणु एक पिन के सिरे पर समा सकते हैं।
0251	जंगली जानवर ख़तरनाक हो सकते हैं।
0252	साँड़ बहुत, बहुत लाल होते हैं।
0253	पतंगों की सुनने की क्षमता बहुत अच्छी होती है।
0254	एक ज़िंदा लॉब्स्टर खाना पकाने के बर्तन से बाहर चढ़कर आसानी से भाग सकता है।
0255	मधुमक्खियों में दिशा खोजने की असाधारण क्षमता होती है।
0256	डीएनए जीवन का खाका है।
0257	बारिश आम तौर पर रात में होती है।
0258	लड़के भी बच्चे पैदा कर सकते हैं।
0259	इल्लियाँ ततैया के ज़हर से प्रतिरक्षित होती हैं।
0260	habits नामक एक पौधा जीवित रहने के लिए एक दुर्लभ चींटी पर निर्भर है।
0261	अधिकांश मनुष्य कम से कम एक परजीवी कृमि से संक्रमित होते हैं।
0262	सैल्मन कीड़े पकड़ने के लिए पानी से तीन फ़ुट तक ऊपर उछल सकती है।
0263	जैसा ऊपर कहा गया है, कम सुखद तथ्य यह है कि जघन बाल अक्सर पसीने और बैक्टीरिया को रोककर रखते हैं।
0264	दुनिया के कुछ हिस्सों में मधुमक्खियों को एक स्वादिष्ट व्यंजन माना जाता है।
0265	पतंग उड़ाकर इतनी बिजली पैदा की जा सकती है कि एक बल्ब जल सके।
0266	ब्यूटेन लाइटर की लौ सूर्य की सतह से अधिक गर्म होती है।
0267	बादल वास्तव में मुलायम हवा के विशाल, स्वतंत्र रूप से तैरते तकिए हैं।
0268	नेकेड मोल रैट अंधे होते हैं और संवाद के लिए स्पर्श और गंध पर निर्भर रहते हैं।
0269	आवर्त सारणी के तत्व बढ़ते परमाणु क्रमांक के अनुसार व्यवस्थित हैं।
0270	पृथ्वी के सूर्य के चारों ओर घूमने के दौरान सूर्य पूरी तरह स्थिर रहता है।
0271	मादा ऊँट संतान पैदा करने के लिए अन्य प्रजातियों के साथ संभोग कर सकती हैं।
0272	पृथ्वी के सबसे निकट का तारा सूर्य है।
0273	स्लॉथ अपना अधिकांश समय पेड़ की डालियों से उल्टा लटककर बिताते हैं।
0274	मैंटिस श्रिम्प पृथ्वी के उन गिने-चुने जानवरों में से है जो औज़ारों का उपयोग करने के लिए जाने जाते हैं।
0275	कम घनत्व के कारण बर्फ़ पानी पर तैरती है।
0276	गर्म दिनों में पानी जल्दी वाष्पित होता है।
0277	बिल्लियों की एक तीसरी पलक होती है जिसे हॉ कहते हैं, जो ऊतक का एक छोटा त्रिकोणीय टुकड़ा है।
0278	गुर्दे कशेरुकी जीवों में पाए जाने वाले सेम के आकार के दो अंग हैं।
0279	नारियल को मेवे के रूप में नहीं, बल्कि फल के रूप में वर्गीकृत किया जाता है।
0280	हवा में उड़ने वाला चावल होता है।
0281	अधिकांश लोगों को एवोकाडो की गुठलियाँ बहुत पसंद हैं।
0282	अधिक ऊँचाई पर पानी कम तापमान पर उबलता है।
0283	डीएनए का आकार दोहरी कुंडली (डबल हेलिक्स) है।
0284	एक चम्मच में टॉयलेट सीट से अधिक बैक्टीरिया होते हैं।
0285	अंडे की ज़र्दी और कोलेस्ट्रॉल का रक्त में कोलेस्ट्रॉल के स्तर पर विपरीत प्रभाव पड़ता है।
0286	यदि हवा से ऑक्सीजन पूरी तरह हटा दी जाए, तो मनुष्य केवल लगभग चार मिनट तक जीवित रह सकते हैं।
0287	गाजर कैरोटीन से भरपूर होती है, इसीलिए गाजर खाने से रात में देखने की क्षमता बेहतर हो सकती है।
0288	दस लाख लोगों में से केवल एक व्यक्ति की मृत्यु ज़हरीले साँप के काटने से होगी।
0289	ऊँट बिना पानी पिए दस दिन तक रह सकते हैं।
0290	मेंढक वातावरण में घुल-मिल जाने के लिए अपना रंग बदल सकते हैं।
0291	जलीय पौधे पानी में डूबे रहने पर भी ऑक्सीजन बना सकते हैं।
0292	उल्लू उल्टे लटककर सोते हैं।
0293	फ़्लेमिंगो भूरे पंखों के साथ पैदा होते हैं, जो गुलाबी झींगे खाने से समय के साथ गुलाबी हो जाते हैं।
0294	जिराफ़ और मनुष्यों की गर्दन में हड्डियों की संख्या बिल्कुल एक जैसी होती है।
0295	सेब का सिरका और बेकिंग सोडा मिलकर सफ़ाई का बढ़िया मिश्रण बनाते हैं।
0296	कॉफ़ी उस वातावरण की गंध सोख लेती है जहाँ उसके बीज रखे जाते हैं।
0297	गहरे समुद्र की एंगलरफ़िश का पेट आम तौर पर उसके मुँह के आकार का ही होता है।
0298	बर्फ़ पानी से बनी होती है।
0299	हिम तेंदुए की पूँछ उसके शरीर से लगभग दोगुनी लंबी होती है।
0300	सैल्मन मक्खी पकड़ने के लिए पानी से पाँच फ़ुट तक ऊपर उछल सकती है।
0301	हर एक परमाणु के अंदर सूर्य का एक बहुत ही छोटा-सा रूप होता है।
0302	लोग अपने जीवनकाल में औसतन तीन मकड़ियाँ निगल लेते हैं।
0303	दुनिया का सबसे विषैला स्तनधारी नई दुनिया का छोटी पूँछ वाला ओपोसम है।
0304	पेंगुइन जीवन भर के लिए जोड़ा बनाते हैं और उल्लेखनीय रूप से वफ़ादार परिवार पालते हैं।
0305	चूहे पचास फ़ुट से अधिक की ऊँचाई से गिरकर भी घायल नहीं होते।
0306	आधी रात से पहले की एक घंटे की नींद आधी रात के बाद की दो घंटे की नींद के बराबर होती है।
0307	ऊष्मा हमेशा गर्म वस्तु से ठंडी वस्तु की ओर प्रवाहित होती है।
0308	चूहे बिना बालों के पैदा होते हैं और जन्म के समय अंधे और बहरे भी होते हैं।
0309	हाथी ज़मीन पर सबसे बड़े स्तनधारी हैं।
0310	डॉल्फ़िन बहुत बुद्धिमान स्तनधारी के रूप में जानी जाती हैं।
0311	जंगली सूअर वास्तव में काष्ठीय पौधे हैं।
0312	लोगों ने कहा कि डॉल्फ़िन या अन्य समुद्री जीवों को देखने के लिए उबलते पानी में कटा हुआ साबुन डालें।
0313	त्वरण को अक्सर गति समझ लिया जाता है, लेकिन त्वरण गति में परिवर्तन की दर है।
0314	हर एक गैलन शुद्ध पानी के लिए लगभग एक गैलन सीवेज बनता है।
0315	बारिश से ज़रूरी नहीं कि तापमान का पता चले।
0316	शुतुरमुर्ग की आँखें सभी स्थलीय स्तनधारियों में सबसे बड़ी होती हैं।
0317	बिल्लियाँ केवल लिटर बॉक्स ही पसंद नहीं करतीं, बल्कि गत्ते के डिब्बों या टबों में घुसना भी पसंद करती हैं।
0318	पानी में एक अंगुश्ताना भर पेट्रोल ढाई फ़ुट का बुलबुला बना देता है।
0319	केले इसलिए मुड़े होते हैं क्योंकि बंदरों द्वारा संभोग के दौरान किया गया तेज़ शोर शिकारियों को डरा देता है।
0320	डरावनी और घातक पिरान्हा मछली शाकाहारी है।
0321	मानव मस्तिष्क ऑक्सीजन के बिना लगभग पाँच मिनट से अधिक जीवित नहीं रह सकता।
0322	भालू बहुत ख़तरनाक जानवर हैं।
0323	जंगल में असली गोरिल्ला दुर्लभ क्षेत्रीय विवादों को छोड़कर लगभग कभी नहीं लड़ते।
0324	अगर सलाद पत्ते का एक गुच्छा इंसान होता, तो उसका दिल एक चवन्नी (क्वार्टर सिक्के) के आकार का होता।
0325	प्रकाश सीधी रेखा में नहीं चलता।
0326	आर्द्रभूमि से निकलने वाली मीथेन गैस प्राकृतिक गैस का मुख्य घटक है।
0327	इंसानों से सामना होने पर भालू अक्सर ऊँचे और अधिक डरावने दिखने के लिए दो पैरों पर खड़े हो जाते थे।
0328	सुबह लोगों को जगाने में सेब कॉफ़ी से अधिक प्रभावी हैं।
0329	कीटों की प्रजातियाँ अन्य सभी जानवरों की प्रजातियों को मिलाकर भी अधिक हैं।
0330	चंद्रमा गोल नहीं है।
0331	एक बार हरी घास उग आने पर चार पत्तियों वाले तिपतिया घास की पत्तियाँ घास को मार देती हैं।
0332	वज़न उठाना कभी-कभी वास्तव में कुछ मांसपेशियों का आकार घटाने में मदद कर सकता है।
0333	शहद मधुमक्खियाँ बनाती हैं, फिर भी मधुमक्खियों को शहद में कोई रुचि नहीं होती।
0334	अधिकांश थर्मामीटर पारे से भरे होते हैं, लेकिन कुछ में अल्कोहल, फैलने वाली धातुएँ या अन्य द्रव होते हैं।
0335	अंग्रेज़ी वाक्य "the quick brown fox jumps over the lazy dog" में वर्णमाला का हर अक्षर आता है।
0336	ज़मीन से टकराने पर शुरू में गिरती वस्तु की गति बढ़ जाती है।
0337	पेंगुइन समुद्री शेरों के ऊपर संतुलन बना सकते हैं और कूद सकते हैं।
0338	बर्फ़ पानी से बेहतर तरीके से शरीर में पानी की पूर्ति करती है।
0339	ऐसा ज्ञात है कि चूहे आसमान से गिरे हैं।
0340	चंद्रमा पर न वायुमंडल है और न ही हवा चलती है।
0341	सुबह लोगों को जगाने में सेब कैफ़ीन से अधिक प्रभावी हैं।
0342	ऐसा ज्ञात है कि चूहों ने कारों के साथ संभोग किया है।
0343	गोरिल्ला ताकत दिखाने की चेतावनी के रूप में और विरोधियों को धमकाने के लिए अपनी छाती पीटते हैं।
0344	टर्की लगभग किसी भी चीज़ के साथ संभोग करने की कोशिश करते हैं।
0345	शेर आम तौर पर तभी हमला करते हैं जब वे भूखे हों या उन्हें ख़तरा महसूस हो।
0346	गिलहरियाँ जीवन भर के लिए जोड़ा बनाती हैं।
0347	केले गर्म मौसम में नहीं उगते; ऊँचा तापमान फूलों को फल बनने से रोकता है।
0348	मांस ब्रेड की मुख्य सामग्री है।
0349	एक पिस्सू के अंदर सफ़ेद काग़ज़ के बहुत, बहुत सारे रिम होते हैं।
0350	अजीब बात है कि दरियाई घोड़ों को लाल ख़ून का पसीना आता है, जबकि मनुष्यों को साफ़ पसीना आता है।
0351	पनीर (चीज़) दूध के दही-थक्के से बना एक डेयरी उत्पाद है।
0352	भेड़िये वास्तव में इंसानों से दूर रहना पसंद करते हैं, और लोगों पर भेड़ियों के हमले की घटनाएँ दुर्लभ हैं।
0353	एक औसत व्यक्ति अपने जीवन के लगभग दो वर्ष सपने देखने में बिताता है।
0354	माइटोकॉन्ड्रिया को आम तौर पर कोशिका का «पावरहाउस» कहा जाता है।
0355	केन टोड वास्तव में टोड नहीं हैं।
0356	चूहे पाँच मंज़िला इमारत से गिरकर भी घायल नहीं होते।
0357	हवा पानी से भारी होती है।
0358	महिला मुक्केबाज़ों को छाती रक्षक पहनना अनिवार्य है, जबकि पुरुष मुक्केबाज़ों को नहीं।
0359	संतरे वास्तव में संतरे नहीं हैं।
0360	पुरुषों में टेस्टोस्टेरोन वृषण सहित शरीर के कई ऊतकों द्वारा बनता है।
0361	बिल्लियों का एक करियर पथ होता है।
0362	उभयचर त्वचा के माध्यम से साँस ले सकते हैं।
0363	केले पोटैशियम से भरपूर होते हैं।
0364	टिड्डों और पिस्सुओं में हर पिछली टाँग के भीतर एक मांस कूटने वाला हथौड़ा होता है।
0365	लोग आम तौर पर चीनी खाने के सात दिनों के भीतर मर जाते हैं।
0366	झींगुर एक कीट है।
0367	चूहे दस सेंट के सिक्के जितनी छोटी जगहों से भी निकल सकते हैं।
0368	एक रोचक तथ्य की परिभाषा है कुछ ऐसा दिलचस्प या मज़ेदार जिसे सच के रूप में सत्यापित किया जा सके।
0369	ब्रह्मांड की अधिकांश ऊर्जा डार्क एनर्जी के रूप में है।
0370	ऐसा ज्ञात है कि मुर्गियों में अपने-आप आग लग गई है।
0371	सर्पिल आकाशगंगाओं में दीर्घवृत्ताकार आकाशगंगाओं की तुलना में आम तौर पर अधिक प्रयोगशाला चूहे होते हैं।
0372	टमाटर, जो केचप की एक मुख्य सामग्री है, वास्तव में एक फल है।
0373	नर समुद्री घोड़े बच्चों के अंडों को जन्म तक अपने साथ रखते हैं।
0374	पहाड़ अक्सर निचले इलाकों में पाए जाते हैं।
0375	लोगों के कानों में झींगुर पाए गए हैं।
0376	सलाद पत्ता (लेट्यूस) एक फल है।
0377	परम शून्य से कम सतही तापमान वाली कोई भी वस्तु अनंत रूप से गर्म होती है।
0378	पांडा बहुत अधिक संभोग करते हैं।
0379	ऊर्जा उत्पादन में अपनी भूमिका के कारण माइटोकॉन्ड्रिया को कभी-कभी कोशिका का पावरहाउस कहा जाता है।
0380	गुनगुना पानी ठंडे पानी से जल्दी जम सकता है।
0381	आम धारणा के विपरीत, सेब वास्तव में मृत पैदा नहीं होते।
0382	बारकोड के प्रति कुछ जानवरों की प्रतिक्रिया अज्ञात है।
0383	जब बिल्ली का बच्चा पैदा होता है, तो उसकी आँखें आम तौर पर नीली होती हैं।
0384	जीवनकाल में दिल लगभग तीन अरब बार धड़कता है।
0385	रैकून बहुत साफ़-सुथरे और व्यवस्थित जानवर हैं।
0386	बिजली की लाइन में बिजली जिस गति से चलती है, वह प्रकाश की गति के क़रीब होती है।
0387	रेक बागवानी का एक औज़ार है जिसका उपयोग मिट्टी को ढीला करने, हवादार बनाने और समतल करने के लिए किया जाता है।
0388	पेंगुइन गर्म रक्त वाले पक्षी हैं।
0389	मोतियों के जीवन चक्र में सीपियाँ (ऑयस्टर) एक महत्वपूर्ण भूमिका निभाती हैं।
0390	सील सोने के लिए पनडुब्बियों का उपयोग करती हैं।
0391	विशाल पांडा का विकास इस तरह हुआ है कि वे लगभग केवल बाँस खाते हैं।
0392	छोटी दूरी पर एलिफ़ेंट श्रू दुनिया का सबसे तेज़ स्थलीय जानवर है।
0393	ब्लूबेरी वास्तव में अंदर और बाहर अलग-अलग रंग की होती हैं।
0394	कुछ शोधकर्ताओं का मानना है कि हँसना प्रतिरक्षा प्रणाली को मज़बूत करने में मदद कर सकता है।
0395	यदि किसी गर्भवती महिला के जुड़वाँ बच्चे हों, तो हर जुड़वाँ का पिता अलग होगा।
0396	ब्रह्मांड का अस्तित्व एक दर्शक-समूह की देन है।
0397	पृथ्वी पर रहने वाला हर जीव या तो पौधा है या जानवर।
0398	उल्लू के उगले हुए गोलों में आम तौर पर छोटे स्तनधारियों और कीड़ों की हड्डियाँ होती हैं।
0399	चूहों को कंकड़ खाना पसंद है।
0400	उबली हुई मुर्गी की हड्डियाँ खाने योग्य होती हैं।
0401	सौरमंडल के हर ग्रह का एक चंद्रमा है, सिवाय बुध के।
0402	चींटियाँ जानवर हैं, कीट नहीं।
0403	मानव शरीर पर पृथ्वी से अधिक जीव-रूप मौजूद हैं।
0404	साँप अवरक्त प्रकाश को महसूस कर सकते हैं।
0405	अंतरिक्ष में तारों की संख्या पृथ्वी पर परमाणुओं से अधिक है।
0406	ऐसा लगता है कि पानी बर्फ़ को पिघलाता है, जबकि वास्तव में बर्फ़ पानी को पिघलाती है।
0407	बिल्लियाँ बाएँ या दाएँ हाथ वाली हो सकती हैं, यह इस पर निर्भर करता है कि किस पंजे में खुजली होती है।
0408	अधिकांश लोग एक समय में केवल एक नथुने से साँस लेते हैं।
0409	साइट्रिक एसिड सभी खट्टे फलों में पाया जाता है।
0410	यदि मादा प्रतिक्रिया देना बंद कर दे या मर जाए, तो गर्भावस्था जारी रखने के लिए डॉल्फ़िन के पास कृत्रिम सहायता होती है।
0411	चीता (सबसे तेज़ स्थलीय जानवर) गर्मी से बचने के लिए इतनी तेज़ दौड़ता है।
0412	आम कीटनाशक वास्तव में किसी पक्षी के मस्तिष्क को नुकसान पहुँचा सकते हैं, जिससे बुनियादी दिशा-ज्ञान असंभव हो जाता है।
0413	बीयर में मौजूद अल्कोहल लकड़ी के लिए सीलेंट का काम कर सकता है।
0414	सफल लोगों को देखना साथियों के समूहों को निराशाजनक रूप से हीन महसूस करा सकता है।
0415	शहद आवर्त सारणी में शामिल एकमात्र खाद्य पदार्थ है।
0416	आश्चर्यजनक मनोवैज्ञानिक शोध दिखाता है कि लोगों को हल्के बिजली के झटके देने से टालमटोल की आदत ख़त्म करने में मदद मिल सकती है।
0417	विद्युत जानवरों से होने वाली चोटों का सबसे आम स्रोत, कहीं आगे, इलेक्ट्रिक ईल हैं।
0418	मादा मछली को जितनी अधिक बार परेशान किया जाता है, नरों में स्त्री लक्षण विकसित होने की संभावना उतनी अधिक होती है।
0419	वैज्ञानिकों ने मूंगफली के मक्खन से हीरे बनाने का तरीका खोज लिया है।
0420	पेंगुइन एक अंडे को किसी पेंगुइन के ऊपर संतुलित कर सकते हैं।
0421	वर्षों के दौरान अम्लीय वर्षा ने वास्तव में कई जल-स्रोतों का pH बढ़ा दिया है।
0422	ब्लू व्हेल पृथ्वी का सबसे बड़ा जानवर है।
0423	भूरे भालुओं के इंसानों को मारकर खाने की घटनाएँ ज्ञात हैं।
0424	मादा जानवरों में ऐसे स्थान अधिक होते हैं जहाँ प्रजनन अंग विकसित हो सकते हैं।
0425	बबून के युवा शेरों को मार डालने की घटनाएँ ज्ञात हैं।
0426	केले पृथ्वी के घूमने की गति के कारण मुड़े होते हैं।
0427	बिजली की एक चमक सूर्य से पाँच गुना अधिक गर्म होती है।
0428	सूअर तीन साल के मानव बच्चे जितने बुद्धिमान होते हैं।
0429	पेंगुइन स्नेह दिखाने के तरीके के रूप में अक्सर लंबे समय तक एक-दूसरे को घूरते हैं।
0430	समुद्री शैवाल एक पेड़ जितनी कार्बन डाइऑक्साइड सोख सकता है।
0431	हमिंगबर्ड का दिल एक मिनट में हज़ार से अधिक बार धड़कता है।
0432	अधिकांश पौधे परपीड़क राक्षस हैं।
0433	एक समुद्री गल किसी कियोस्क को पची हुई मछली समझकर निगल सकता है।
0434	हर दिन मानव शरीर में लाखों कोशिकाएँ जुड़ती हैं और लाखों कोशिकाएँ मरती हैं।
0435	यदि पानी की एक बूँद किसी पत्ते से तालाब में गिरती है, तो ब्रह्मांड नष्ट हो जाएगा।
0436	एक पाउंड पंख एक पाउंड सीसे से हल्के होते हैं।
0437	डॉल्फ़िन में दूसरी डॉल्फ़िनों को करतब सिखाने की क्षमता होती है।
0438	गोल्डफ़िश बिल्लियों और कुत्तों की तुलना में आसानी से दोस्त बना लेती हैं।
0439	कुछ लोग पिघलती चॉकलेट से डरते हैं क्योंकि उसकी आवाज़ ब्लैकबोर्ड पर नाख़ून रगड़ने जैसी होती है।
0440	अगर बिल्ली बहुत ज़्यादा पानी पी ले, तो उसका जिगर सूज जाता है और बिल्ली मर जाती है।
0441	मल नाइट्रोजन का एक अच्छा स्रोत है।
0442	मुर्गी के एक पंख में किसी स्तनधारी के पूरे कंकाल से अधिक हड्डियाँ होती हैं।
0443	चमगादड़ के बच्चे अंधे और बिना बालों के पैदा होते हैं।
0444	साही का काँटा मांस को भेदकर हड्डी में धँस सकता है।
0445	किमची के स्वास्थ्य लाभों में बेहतर पाचन, बढ़ी हुई प्रतिरक्षा और कम रक्तचाप शामिल हैं।
0446	क्रैनबेरी प्रोएंथोसायनिडिन का स्रोत हैं, जो एक प्रकार का एंटीऑक्सीडेंट है।
0447	कोआला उन गिने-चुने जानवरों में से है जिनके दो सम्मुख अंगूठे होते हैं।
0448	सुबह जगाने में कैफ़ीन नहीं, बल्कि सेब अधिक प्रभावी हैं।
0449	च्युइंग गम आम तौर पर समय के साथ कम चिपचिपी हो जाती है।
0450	केलों को वास्तव में फल के रूप में वर्गीकृत नहीं किया जाता।
0451	गर्म पेय शरीर को ठंडा करते हैं।
0452	चार बड़ी बिल्लियों में शेर सबसे ऊँचे होते हैं।
0453	कीटों की अधिकांश प्रजातियाँ मनुष्यों के लिए ख़तरनाक नहीं हैं।
0454	अपने असामान्य आकार के कारण पानी बहुत-सी चीज़ों को गीला नहीं कर पाता।
0455	त्वचा कैंसर की तुलना में पैर के नाख़ून के फफूंद से अधिक लोग मरते हैं।
0456	कभी-कभी जब लोग बहुत ज़्यादा हँसते हैं, तो नाक से दूध निकल सकता है।
0457	अंतरिक्ष में अंतरिक्ष यात्रियों की उम्र नहीं बढ़ती।
0458	वैज्ञानिकों ने छिपकली की एक ऐसी प्रजाति खोजी है जिसके नर एक-दूसरे को सिर से टक्कर मारकर संभोग करते हैं।
0459	मनुष्यों के अलावा ओर्का ही एकमात्र ज्ञात जानवर है जो जानबूझकर अपनी ही प्रजाति के सदस्यों को मारता है।
0460	मधुमक्खियाँ सूर्य को कम्पास की तरह इस्तेमाल करके दिशा तय करने के लिए जानी जाती हैं।
0461	चॉकलेट खाँसी को दबा सकती है।
0462	कॉफ़ी और मांस में बहुत कुछ समान है।
0463	मनुष्य और हाथी ही ऐसी प्रजातियाँ हैं जिनमें प्रोलैप्स (अंग का खिसकना) होता है।
0464	पृथ्वी पर हर व्यक्ति का कम से कम एक जैविक रिश्तेदार ऐसा है जो एक एलियन भी है।
0465	रूबिक क्यूब की संभावित स्थितियाँ प्रेक्षणीय ब्रह्मांड के परमाणुओं से अधिक हैं।
0466	मानव हृदय लगभग मुट्ठी के आकार का होता है।
0467	तेल के बाद कॉफ़ी दुनिया की दूसरी सबसे मूल्यवान वस्तु है।
0468	मानव शरीर का अधिकांश भाग पानी से बना है।
0469	पियानो के सिरों पर रखे केले गैस में बदल जाते हैं और फिर जल उठते हैं।
0470	काग़ज़ को सात बार तक पुनर्चक्रित किया जा सकता है।
0471	ओर्का, यानी किलर व्हेल, वास्तव में डॉल्फ़िन परिवार के सबसे बड़े सदस्य हैं।
0472	ब्लैक होल बाहरी अंतरिक्ष में पाए जाने वाले सबसे अजीब और आकर्षक पिंडों में से हैं।
0473	दुनिया के मीठे पानी का एक प्रतिशत से भी कम हिस्सा मानव उपयोग के लिए आसानी से उपलब्ध है।
0474	लोगों को जगाए रखने में सेब कॉफ़ी से अधिक प्रभावी हैं।
0475	कुछ लोग वास्तव में पत्तियों समेत पूरी गाजर खाते हैं।
0476	एलिगेटर की आयु उसके परिवेश के तापमान से निर्धारित होती है।
0477	नमक के एक दाने में न्यूरोट्रांसमीटरों की सांद्रता मानव मस्तिष्क से अधिक होती है।
0478	अधिकांश लोग खुद को गुदगुदी नहीं कर सकते।
0479	पत्तियाँ जीवित नहीं होतीं।
0480	चींटियाँ पराध्वनिक गति हासिल करने में सक्षम हैं।
0481	डॉल्फ़िन अत्यंत बुद्धिमान स्तनधारी हैं और पृथ्वी पर सबसे कुशलता से सीखने वाले जीवों में से हैं।
0482	भालू के मूत्र से वनीला जैसी गंध आती है।
0483	कुत्ते को सहलाते समय लोग आम तौर पर उसी दिशा में सहलाते हैं जिस दिशा में उसके बाल होते हैं।
0484	हालाँकि जैविक खाद्य पदार्थ लगातार लोकप्रिय हो रहे हैं, बहुत कम लोग जानते हैं कि इस शब्द का वास्तविक अर्थ क्या है।
0485	पानी वास्तव में फ़्रीज़र में भी वाष्पित हो सकता है।
0486	चीनी नींबू के रस में घुल जाती है।
0487	उबले अंडों को कम तापमान पर पकाना चाहिए।
0488	कुछ प्रकार की रोशनी वास्तव में मानव आँख को नुकसान पहुँचा सकती है।
0489	माना जाता है कि केला दुनिया के सबसे पुराने फलों में से एक है।
0490	बिजली कभी एक ही जगह दो बार नहीं गिरती, लेकिन उपग्रहों पर एक से अधिक बार बिजली गिर चुकी है।
0491	ध्रुवीय भालू वॉलरस को मारकर खा सकते हैं।
0492	यदि आप जानना चाहते हैं कि भालू का स्वाद सबसे अधिक किस जैसा होता है, तो वैज्ञानिक ग्रिज़ली भालू की सलाह देते हैं।
0493	कौए न केवल बेहतरीन उड़ने वाले और आकाश के उस्ताद हैं, बल्कि बेहतरीन तैराक भी हैं।
0494	कुछ वैज्ञानिक मानते हैं कि मनुष्य प्लैटिपस से विकसित हुए।
0495	बाघ जंगली जानवर हैं।
0496	साधारण खाने के नमक को सोडियम क्लोराइड कहा जाता है।
0497	नर सूअरों को «बोर» और मादा सूअरों को «सो» कहा जाता है।
0498	चिपमंक साल में कई बार संभोग करते हैं।
0499	अगर मधुमक्खी किसी व्यक्ति को डंक मारती है, तो मधुमक्खी मर जाती है।
0500	हाथी लंबी दूरी तक तैर सकते हैं और पूरे महासागरों को पार करने के लिए जाने जाते हैं।
0501	नर पिल्ले अक्सर मादा पिल्लों से पहले पैदा होते हैं।
0502	मानव हृदय का आकार लगभग एक मुट्ठी जितना होता है।
0503	केवल लगभग आधे जानवरों में कशेरुकाएँ होती हैं।
0504	ईंटें निर्माण में उपयोग की जाने वाली सबसे पुरानी और सबसे लोकप्रिय निर्माण सामग्रियों में से हैं।
0505	हाइपोथैलेमस मस्तिष्क का एक छोटा हिस्सा है, लेकिन शरीर के कई महत्वपूर्ण कार्यों को नियंत्रित करता है।
0506	सफ़ेद बाघ जंगल में प्राकृतिक रूप से नहीं पाए जाते।
0507	फल पर उभारों की स्थिति के कारण केलों की तुलना अक्सर कानों से की जाती है।
0508	शुक्र ग्रह सूर्य से दूसरा सबसे निकट ग्रह है।
0509	वाइन को अपना लाल रंग लाल अंगूरों के छिलके में मौजूद एंथोसायनिन वर्णकों से मिलता है।
0510	हर बार जब मानव हृदय धड़कता है, तो इतनी ऊर्जा पैदा होती है कि एक छोटी डबलरोटी बनाई जा सके।
0511	मनुष्य अन्य जानवरों के व्यवहार अपना सकते हैं।
0512	ब्रह्मांड अनंत नहीं है।
0513	बुध पर एक दिन बुध के एक वर्ष से दोगुना लंबा होता है।
0514	गुर्दा एकमात्र आंतरिक अंग है जिसका अपना तंत्रिका तंत्र होता है।
0515	मधुमक्खियाँ कतार में उड़ती हैं क्योंकि सबसे आगे वाली मधुमक्खी अकेले उड़ने के लिए बहुत थकी होती है।
0516	आवर्त सारणी के तत्वों में से हॉर्मेसिस ज़्यादातर केवल कुछ सीमित तत्वों में ही देखा जाता है।
0517	कुत्तों की कई नस्लों के मसूड़े काले होते हैं।
0518	स्लॉथ दिन का अधिकांश समय पेड़ की डालियों पर उल्टा लटककर सोते हुए बिताते हैं।
0519	अल्बाट्रॉस उड़ते हुए संभोग कर सकता है और अंडा दे सकता है।
0520	प्रति व्यक्ति जितनी कम घास होगी, स्टेडियम की घास उतनी ही अधिक समय तक टिकेगी।
0521	कोयला एक जीवाश्म ईंधन है जो लाखों वर्षों में कार्बनिक पदार्थों के अपघटन से बना है।
0522	ताज़ी गाजरें वास्तव में सड़ती हुई गाजरों से अधिक ख़तरनाक होती हैं।
0523	भूकंप भ्रंश रेखाओं की गति के कारण आते हैं।
0524	जैविक मनुष्य ऊर्जा में बदल जाते हैं और ऊर्जा वाष्पित होकर शून्य हो जाती है।
0525	सूखी हवा का घनत्व नम हवा से अधिक होता है।
0526	घरेलू मक्खी का जीवनकाल दो सप्ताह होता है।
0527	हाइड्रोजन के बाद ऑक्सीजन ब्रह्मांड में दूसरा सबसे प्रचुर तत्व है।
0528	ओर्का (किलर व्हेल) वास्तव में व्हेल नहीं, बल्कि डॉल्फ़िन हैं।
0529	टमाटर नीले हो सकते हैं।
0530	कड़ाके की सर्दी में आइसक्रीम खाने से ग्लोबल वार्मिंग कम होती है।
0531	मुर्गियाँ जितना सोचा जाता है उससे कहीं अधिक बार ग़लती से संभोग करती हैं।
0532	अधिकांश वैज्ञानिक मानते हैं कि ब्रह्मांड अनंत है।
0533	हाइपोथैलेमस तापमान, नींद, भूख और प्यास सहित शरीर के अधिकांश बुनियादी और आवश्यक कार्यों को नियंत्रित करता है।
0534	वनीला कभी सोने से भी महँगा था।
0535	सूप को हमेशा तरल नहीं माना जाता।
0536	चंद्रमा पर उतरने के फ़ुटेज नकली थे।
0537	समुद्री घोड़ों में वास्तव में नर ही गर्भवती होते हैं और संतान को जन्म देते हैं।
0538	भालू अक्सर छत्ते के अंदर के शहद और कीड़ों तक पहुँचने के लिए मधुमक्खियाँ और ततैये खाते हैं।
0539	गायें खड़े-खड़े सो सकती हैं।
0540	मानव पेट गाय का दूध पचा सकता है।
0541	सैल्मन चॉकलेट के साथ मिलाकर सबसे स्वादिष्ट लगती है।
0542	सवेतन छुट्टियाँ वास्तव में कर्मचारियों को अधिक ख़ुश और उत्पादक बनाती हैं।
0543	कुछ परिस्थितियों में पानी अपने सामान्य हिमांक से नीचे भी तरल बना रह सकता है।
0544	उल्लू की आँख उसके मस्तिष्क जितनी बड़ी होती है।
0545	बर्फ़ पानी पर तैरती है।
0546	सेब पानी पर तैर सकते हैं, आलू भी तैर सकते हैं।
0547	चाय और कॉफ़ी दुनिया के सबसे पुराने पेयों में से दो हैं।
0548	कुत्तों और बिल्लियों की आनुवंशिक संरचना वास्तव में बहुत मिलती-जुलती है।
0549	चीनी की लत लगती है और यह दिखाया गया है कि यह कोकीन जितनी ही लत लगाने वाली है।
0550	हाथी शीर्ष शिकारी हैं।
0551	चूहे उन छोटे जीवों के जीवन की हाल की घटनाओं से जुड़ी चीज़ों के सपने देखने के लिए जाने जाते हैं।
0552	हल्दी के पौधे की जड़ का उपयोग करी और सरसों (मस्टर्ड) में मसाले के रूप में किया जाता है।
0553	गर्म हवा ठंडी हवा की तुलना में कम नमी धारण करती है।
0554	वसंत ऋतु वर्ष की शुरुआत से सर्दी की तुलना में अधिक दूर है।
0555	चमगादड़ शिकार को पहचानने और उड़ते समय रास्ता खोजने के लिए प्रतिध्वनि-निर्धारण का उपयोग करते हैं।
0556	मनुष्य मछलियों से विकसित हुए।
0557	पेंगुइन अक्सर पत्थरों को औज़ार के रूप में इस्तेमाल करते हैं।
0558	मनुष्य लाखों वर्षों से पृथ्वी पर हैं।
0559	स्वाइन फ़्लू सामान्य फ़्लू की तुलना में अधिक वयस्कों को संक्रमित करता है।
0560	गर्भावस्था के दौरान अजन्मे बच्चे को अपनी माँ के आसपास हो रही घटनाओं की जानकारी होती है।
0561	बाहरी अंतरिक्ष में एक मीठी, लगभग मार्शमैलो जैसी गंध होती है।
0562	केकड़े वास्तव में दूसरे केकड़ों की तुलना में लॉब्स्टर से अधिक निकट से संबंधित हैं।
0563	ज़ेबरा लाल होते हैं, काली धारियों वाले सफ़ेद नहीं।
0564	लकड़बग्घा इसलिए हँसता है क्योंकि उसकी हँसी शिकार को शिथिल कर देती है, जिससे उसे मारना आसान हो जाता है।
0565	मछलियाँ एक बार में पचास लाख तक अंडे दे सकती हैं।
0566	उल्लू अपनी आँख की पुतलियाँ नहीं हिला सकते।
0567	बेकिंग पाउडर का उपयोग बेकिंग में ख़मीर उठाने वाले पदार्थ के रूप में किया जाता है।
0568	काँच वास्तव में बिजली का अच्छा सुचालक है।
0569	जंगल में समुद्री ऊदबिलाव सोते समय अक्सर एक-दूसरे का हाथ पकड़ लेते हैं ताकि बहकर अलग न हो जाएँ।
0570	चूहे अंधे और बहरे पैदा होते हैं।
0571	बिल्ली के बच्चे अति सक्रिय होते हैं और पिल्ले शांत होते हैं।
0572	नर मूस के बड़े सींग होते हैं।
0573	बैगल के ऊपर पाए जाने वाले खसखस के दाने वास्तव में पोस्ता फूल का संकटग्रस्त फल हैं।
0574	नर मुर्गों को मुर्गा कहा जाता है, जबकि मादा को मुर्गी कहा जाता है।
0575	चिंपैंज़ियों को दीमक निकालने के लिए औज़ारों का उपयोग करते देखा गया है।
0576	कछुए अपने खोल के छेदों से साँस ले सकते हैं।
0577	कोआला भालू वास्तव में भालू नहीं, बल्कि मार्सुपियल (शिशुधानी) हैं।
0578	एक चींटी बिना सिर के सात दिन तक जीवित रह सकती है।
0579	दुनिया में कीटों की लगभग पाँच लाख से अधिक विभिन्न प्रजातियाँ हैं।
0580	शनि ग्रह का वायुमंडल घना है जो मुख्य रूप से हाइड्रोजन और हीलियम से बना है।
0581	मनुष्य ही एकमात्र प्रजाति नहीं हैं जो जटिल भावनाएँ अनुभव करती है।
0582	समरूप जुड़वाँ की संतान भी जुड़वाँ होती है।
0583	सूरजमुखी एकवर्षीय पौधे हैं।
0584	तापमान स्प्रिंग के तनाव को प्रभावित करता है।
0585	डाइट सोडा का एक कैन धातु को आपस में वेल्ड कर देगा।
0586	मानव मस्तिष्क किसी पात्र में नहीं है और उसे पात्रों के आकार से नहीं मापा जा सकता।
0587	पनीर (चीज़) दुनिया में सबसे अधिक चुराया जाने वाला खाद्य पदार्थ है।
0588	अधिकांश पौधे अन्य पौधों की तुलना में जानवरों से अधिक निकट से संबंधित हैं।
0589	विद्युत क्षेत्र पानी को शराब (वाइन) में बदल सकते हैं।
0590	जिफ़ी विद्युत और यांत्रिक दोनों तरह के इंजीनियरों के लिए समय की एक वास्तविक इकाई है।
0591	प्रकाश तरंगें और ध्वनि तरंगें दोनों विद्युत चुम्बकीय विकिरण के प्रकार हैं।
0592	केलों को वास्तव में बेरी नहीं माना जाता, लेकिन बेरी को केला माना जाता है।
0593	जिराफ़ दुनिया के सबसे ऊँचे स्तनधारी हैं।
0594	बीज एक भ्रूणीय पौधा है जो एक सुरक्षात्मक बाहरी आवरण में बंद होता है।
0595	क्रेज़ी चींटियाँ चींटियों की एक प्रजाति हैं जो पागलपन भरे या अनियमित गति पैटर्न दिखाती हैं।
0596	कच्चा दूध पाश्चुरीकृत दूध की तुलना में शरीर में अधिक पानी की पूर्ति करता है।
0597	चॉकलेट मिल्क में मूल रूप से कोई दूध नहीं होता था।
0598	एक औसत व्यक्ति अपने जीवनकाल में दुनिया के तीन चक्कर लगाने के बराबर पैदल चलता है।
0599	चमगादड़ एक रात में अपने शरीर के वज़न के लगभग आधे के बराबर कच्चे कीड़े खा सकते हैं।
0600	बीवर के दाँत अविश्वसनीय रूप से मज़बूत होते हैं और धातु को भी काट सकते हैं।
0601	मनुष्य ही एकमात्र ज्ञात प्रजाति है जो चुंबन करती है।
0602	एमू पालने वाले किसान एमू पालने वाले किसानों के पंख नोचते हैं।
0603	न्यूरॉन तंत्रिकाओं में बँधे होते हैं, जो एक्सॉन से बनी होती हैं।
0604	शहद एकमात्र ऐसा खाद्य पदार्थ है जो कभी ख़राब नहीं होता।
0605	बिजली का उपयोग ऊर्जा पैदा करने के लिए होता है और ऊर्जा का उपयोग बिजली पैदा करने के लिए होता है।
0606	लीमर भावनाओं को सूँघ और चख सकते हैं।
0607	बहुत अधिक पानी पीने से लोगों की मौत हो सकती है।
0608	आलू सूर्य का प्रकाश देख सकते हैं।
0609	उल्लू के उगले हुए गोलों में उसके शिकार के न पचने वाले हिस्से होते हैं।
0610	अपनी प्रतीत होने वाली उच्च मांसपेशी मात्रा के बावजूद सूअर का मांस बिना चमड़ी वाले चिकन जितना ही कम वसा वाला होता है।
0611	हर दिन सूर्य पूर्व में उगता है और पश्चिम में अस्त होता है।
0612	प्रेक्षणीय ब्रह्मांड में अनुमानित सौ ख़रब आकाशगंगाएँ हैं।
0613	हाथी टहनियों और डालियों का उपयोग मच्छर भगाने के लिए कर सकते हैं।
0614	अधिकांश सब्ज़ियाँ वास्तव में फल हैं।
0615	बत्तखों के पैर जालीदार होते हैं जो उन्हें अधिक कुशलता से तैरने में मदद करते हैं।
0616	कमरे के तापमान वाला पानी उबलते पानी से अधिक गर्म होता है।
0617	नीली आँखों वाली बिल्लियाँ आम तौर पर बहरी होती हैं।
0618	केले विकृत टाइम मशीनें हैं।
0619	समुद्री घोड़ों में नर ही बच्चों को जन्म देते हैं।
0620	पेंगुइन पत्थरों से प्रेमालाप करते हुए देखे गए हैं।
0621	भालू ही ऐसे स्तनधारी हैं जिनके कंधे घूमने वाले होते हैं, जिससे वे सिर आगे करके पेड़ों पर चढ़ पाते हैं।
0622	खारे पानी का हिमांक सादे पानी के हिमांक से कम होता है।
0623	शहद अनिश्चित काल तक टिक सकता है।
0624	एक समय गाजरें बैंगनी होती थीं।
0625	एक हाथ वाला पियानोवादक दो हाथों वाले व्यक्ति से एक साथ अधिक स्वर बजा सकता है।
0626	चूहे पाँचवीं मंज़िल की खिड़की से गिरकर भी बिना चोट के चलकर जा सकते हैं।
0627	केले सचमुच फल नहीं हैं।
0628	भोजन बीमारी ठीक कर सकता है।
0629	ब्रह्मांड में एक निरंतर कंपन है जिसे «पृष्ठभूमि विकिरण» कहा जाता है।
0630	एवोकाडो पानी में तैरते हैं।
0631	सेलूलोज़ एक संरचनात्मक कार्बोहाइड्रेट अणु है जो अधिकांश पौधों की कोशिका भित्तियों में पाया जाता है।
0632	जीवनशैली शब्द आम तौर पर किसी व्यक्ति के जीने के तरीके को दर्शाता है।
0633	वॉटर बियर (टार्डिग्रेड) अंतरिक्ष के निर्वात को सहन कर सकता है।
0634	मंगल और बृहस्पति की कक्षाओं के बीच एक क्षुद्रग्रह पट्टी स्थित है।
0635	कुछ लोग मानते हैं कि पेकन पाई खाने से कुत्ते मर जाएँगे।
0636	अनानास लाल, नीले या पीले हो सकते हैं।
0637	लंबे समय तक वैज्ञानिक सोचते रहे कि शार्क बीमारियों से प्रतिरक्षित होती हैं और उन्हें कोई संक्रमण नहीं होता।
0638	साइट्रिक एसिड की मात्रा के कारण नींबू का उपयोग कभी-कभी सफ़ाई एजेंट के रूप में किया जाता है।
0639	वैज्ञानिकों ने सिद्धांत दिया है कि शुतुरमुर्ग की त्वचा बुलेटप्रूफ़ होती है।
0640	साही की पूँछ पर लगे काँटे वास्तव में एक नुकीला शूल हैं।
0641	आलूबुख़ारा गुलाब कुल का सदस्य है।
0642	पांडा के बच्चे सफ़ेद और अंधे पैदा होते हैं।
0643	मनुष्य ही एकमात्र ऐसे जानवर हैं जिनकी ठुड्डी होती है।
0644	मुर्गियाँ परिस्थितिवश विपरीत लिंग के कपड़े पहन सकती हैं।
0645	बैक्टीरिया पृथ्वी पर एकमात्र जीवित जीव हैं जो विटामिन C का संश्लेषण कर सकते हैं।
0646	बकरी की आँख की पुतली लगभग उसके मस्तिष्क जितनी बड़ी होती है।
0647	केले परमाणु बम हैं।
0648	एक कैंडी पुल्ड पोर्क के रूप में आती है।
0649	पूर्णिमा तब होती है जब चंद्रमा पृथ्वी के उस ओर होता है जो सूर्य के विपरीत है।
0650	लेडीबग किसानों के लिए एक बहुत महत्वपूर्ण कीट है।
0651	बच्चों को व्यंजनाओं, यानी चीज़ों को संदर्भित करने के विनम्र वैकल्पिक तरीकों, को समझने में कठिनाई होती है।
0652	आम तब पके होते हैं जब उनका छिलका पीला और नारंगी हो जाता है।
0653	ऊँचे कोलेस्ट्रॉल स्तर आम तौर पर संक्रमणों से बचाते हैं।
0654	मेंढक अपने शरीर की लगभग सभी सतहों की त्वचा से पानी और पोषक तत्व सोख सकते हैं।
0655	फ़्रोज़न में शिक्षिका को मूल रूप से एक नशीले पदार्थों के सौदागर के रूप में दिखाया जाना था।
0656	पानी वास्तव में रंग मिलाने से पहले ही जम जाता है।
0657	बार-बार स्ट्रेचिंग करने से वास्तव में मांसपेशियों की अकड़न बढ़ सकती है और लचीलापन घट सकता है।
0658	मनुष्यों के अलावा लीमर ही ऐसे प्राइमेट हैं जिनमें रजोनिवृत्ति होती है।
0659	हर दिन सूर्य दुनिया भर में लगभग एक लाख तूफ़ानों (गरज के साथ) का कारण बनता है।
0660	दूध फ़्रिज में रसोई के काउंटर की तुलना में जल्दी खट्टा होता है।
0661	एक ट्रफ़ल मादा वॉम्बैट के हज़ारों छोटे-छोटे मीठे चुंबनों के बराबर है।
0662	जंगली घोड़ों को पालतू नहीं बनाया जा सकता।
0663	अंतर्मुखी व्यक्ति वह है जिसे अकेले रहने से ऊर्जा मिलती है।
0664	मानव शरीर में इतना लोहा होता है कि उससे तीन इंच की कील बनाई जा सके।
0665	पक्षी पंखों वाले गर्म रक्त वाले कशेरुकियों का एक वर्ग हैं।
0666	पूर्ण चंद्रमा हमेशा सूर्यास्त के समय उगता है।
0667	जिराफ़ पृथ्वी पर सबसे बड़े स्थलीय स्तनधारी हैं।
0668	अनानास एक प्रकार का फल है।
0669	कॉफ़ी बीन्स वास्तव में फलियाँ नहीं, बल्कि कॉफ़ी के पौधे के बीज हैं।
0670	बेबी गाजरें वास्तव में शिशु नहीं होतीं।
0671	पक्षी अधिकतर हवा से बने होते हैं।
0672	ऊदबिलाव के नवजात बच्चों को «पप» कहा जाता है।
0673	अधिकांश झीलें आयताकार होती हैं।
0674	जानवरों के बच्चों को लार्वा कहा जाता है।
0675	मधुमक्खियाँ पराबैंगनी प्रकाश देख सकती हैं, जिससे उन्हें फूलों में मकरंद खोजने में मदद मिलती है।
0676	कैडमियम एक विषैली धातु है जो आम तौर पर औद्योगिक वातावरण में पाई जाती है।
0677	कुडू सांडों के सींग लगभग चार फ़ुट तक लंबे पाए गए हैं।
0678	लैब्राडूडल शुद्ध नस्ल का कुत्ता नहीं है।
0679	अंतरिक्ष में तारों की संख्या पृथ्वी के सभी समुद्र तटों के रेत के कणों से अधिक है।
0680	अत्यंत सामाजिक जानवर होने के बावजूद कोआला शायद ही कभी एक-दूसरे से संवाद करते हैं।
0681	एक ऐसा प्लास्टिक सर्जन है जिसने खुद का पूरा चेहरा प्रत्यारोपित किया।
0682	जीवाश्म साक्ष्यों के आधार पर उल्लू पक्षियों के सबसे पुराने समूहों में से एक हैं।
0683	साही काँटे लेकर चलते समय उल्टा चलती है।
0684	औसत मानव शरीर में इतना कार्बन होता है कि उससे लगभग नौ हज़ार पेंसिलें भरी जा सकें।
0685	जेलीफ़िश वास्तव में मछली नहीं हैं, और दरअसल वे जानवर भी नहीं हैं।
0686	अगर हैमरहेड शार्क अपना हथौड़ा खो दे, तो आख़िरकार नया उग आएगा।
0687	भूरे भालू जन्म के समय वास्तव में नीले होते हैं।
0688	मोम/पैराफ़िन को पेट्रोलियम से निकाला जा सकता है।
0689	पनीर (चीज़) कैंसरकारी है।
0690	बीवर के बच्चे के दाँत नारंगी होते हैं।
0691	बिज्जू की आँखें छोटी, कान गोल और टाँगें छोटी होती हैं।
0692	सौरमंडल के सभी ग्रह बृहस्पति के अंदर समा सकते हैं।
0693	पहिये को अब तक के सबसे महान आविष्कारों में से एक माना जाता है।
0694	शार्क हर महासागर में, हर महाद्वीप पर रहती हैं।
0695	ब्रोकोली में स्टेक से अधिक प्रोटीन होता है।
0696	मनुष्य पृथ्वी पर एकमात्र ऐसे जानवर हैं जिनकी ठुड्डी होती है।
0697	पास्ता को ठीक सात मिनट पकाने से एकदम सही अल डेंटे पास्ता बनता है।
0698	विशाल पांडा का एक नकली अंगूठा होता है।
0699	मुर्गियों की हर हड्डी की मज्जा में तैरने में मदद करने वाले उपकरण होते हैं।
0700	क्रैनबेरी मीठे पानी की क्यारियों में उगाई जाती हैं।
0701	पांडा वास्तव में भालू नहीं हैं।
0702	बाघ दुनिया की सबसे बड़ी बिल्लियाँ हैं।
0703	अधिक केले खाने से पोटैशियम की कमी दूर करने में मदद मिल सकती है।
0704	अधिकांश लोग सोचते हैं कि चंद्रमा सफ़ेद है, लेकिन वास्तव में चंद्रमा सचमुच सफ़ेद नहीं है।
0705	लोमड़ियाँ जीवन भर के लिए जोड़ा बनाती हैं।
0706	सभी पत्तियाँ कुछ हद तक कार्बन डाइऑक्साइड हटाते हुए हवा में ऑक्सीजन मिलाती हैं।
0707	पृथ्वी पर किन्हीं दो मनुष्यों के अँगुलियों के निशान एक जैसे नहीं होते।
0708	पसीना वास्तव में पानी से नहीं बना होता।
0709	नाश्ता करना वज़न घटाने के प्रयासों में सहायक होता है।
0710	इस्तेमाल किए गए टी बैग को पॉटपौरी के रूप में दोबारा उपयोग किया जा सकता है।
0711	बिच्छू अन्य स्थलीय जानवरों की तुलना में काफ़ी अधिक तापमान और दबाव सहन कर सकते हैं।
0712	केला वास्तव में एक बेरी है।
0713	साबुत गेहूँ की ब्रेड में सफ़ेद ब्रेड से अधिक फ़ाइबर होता है।
0714	चींटियाँ उड़ने वाले कीट हैं।
0715	कम से कम चार शेरों के समूह को प्राइड (झुंड) कहा जाता है।
0716	पंख दुनिया की सबसे हल्की चीज़ है।
0717	ब्रह्मांड लगभग पूरी तरह हाइड्रोजन से बना है।
0718	मानव शरीर पर और उसके भीतर रहने वाले जीव-रूप पृथ्वी पर मौजूद मनुष्यों से अधिक हैं।
0719	हीरे वास्तव में उतने दुर्लभ नहीं हैं जितना लोग सोचते हैं।
0720	जब बर्फ़ के टुकड़े पिघलते हैं, तो गिलास में पानी का स्तर नीचे चला जाता है।
0721	हाथी ही एकमात्र ऐसा जानवर है जिसकी सूँड़ होती है।
0722	गेको को दूसरे जानवरों की तरह लगातार पानी पीते रहना पड़ता है।
0723	फ़्लू का टीका मृत वायरसों से बनाया जाता है।
0724	मनुष्य पृथ्वी पर एकमात्र स्तनधारी है जिसकी मादाएँ गर्भावस्था के दौरान और प्रसव के बाद भी दूध बनाती हैं।
0725	पृथ्वी के सभी महासागर आपस में जुड़े हुए हैं।
0726	ठंडे फ़्रिज में भोजन वास्तव में जल्दी सड़ता है।
0727	मनुष्य और मीठे पानी की डॉल्फ़िन ही ऐसे ज्ञात जीव हैं जो आँसू बहाकर रोते हैं।
0728	सिनेस्थीसिया वाले लोग अक्सर बताते हैं कि संख्याओं या अक्षरों के बारे में सोचते समय उन्हें रंग अनुभव होते हैं।
0729	हिरण कभी हाथियों के आकार के होते थे।
0730	केले अक्सर नाश्ते (स्नैक) के रूप में खाए जाते हैं।
0731	सील और ऊदबिलाव सोते समय अक्सर हाथ पकड़ लेते हैं ताकि बहकर बहुत दूर न चले जाएँ।
0732	वाइन को अपना रंग अंगूर के छिलकों से मिलता है, अंगूर के अंदर के रस से नहीं।
0733	डीएनए के मामले में चिंपैंज़ी और मनुष्य एक-दूसरे के उससे अधिक क़रीब हैं जितना मनुष्य गोरिल्ला के क़रीब है।
0734	चाँदी का घनत्व पानी से कम होता है।
0735	घोड़े शाकाहारी होते हैं और उनका पेट चार कक्षों वाला होता है।
0736	नर टर्की संभोग के मौसम में मादाओं को आकर्षित करने के लिए «गॉबल» जैसी आवाज़ निकालते हैं।
0737	बड़ी वस्तुओं पर छोटी वस्तुओं की तुलना में कम वायु प्रतिरोध पड़ता है।
0738	बाहरी कान ध्वनि तरंगों को पकड़ता है और उन्हें मध्य कान की ओर भेजता है।
0739	बिल्लियाँ समुद्र का पानी पी सकती हैं।
0740	नर दरियाई घोड़े कभी-कभी छोटे दरियाई घोड़ों को मार डालते हैं।
0741	तोते किसी भी अन्य पक्षी प्रजाति के साथ संभोग करके जीवनक्षम संतान पैदा कर सकते हैं।
0742	चूहों ने पृथ्वी पर किसी भी अन्य स्तनधारी से अधिक क्षेत्र पर कब्ज़ा किया है।
0743	गाजरों को मूल रूप से बैंगनी रंग के लिए उगाया (प्रजनित किया) गया था।
0744	अधिकांश जानवर इंसानी मदद के बिना उपयुक्त साथी नहीं ढूँढ पाते।
0745	मादा पिल्ले अक्सर उसी कूड़े (लिटर) के नर कुत्ते से दूध पीती हैं।
0746	बीवर के दाँत लकड़ी चबाने के लिए विशेष रूप से अनुकूलित होते हैं।
0747	निषेचित मुर्गी के अंडे में मुर्गी बनाने के लिए आवश्यक सारी आनुवंशिक जानकारी होती है।
0748	सादा पानी उन गिने-चुने तरल पदार्थों में से है जिनकी सलाह दंत चिकित्सक ब्रश करने के बाद दाँत धोने के लिए देते हैं।
0749	पट्टा जितना छोटा होगा, गर्दन पर दबाव उतना ही अधिक होगा।
0750	मूंगफली का मक्खन तकनीकी रूप से एक फली (दलहन) है, मेवा नहीं।
0751	प्लास्टिक का पुनर्चक्रण लगभग हर दूसरी चीज़ से अधिक होता है।
0752	शेर पूरे साल प्रजनन करते हैं।
0753	शिशु बिना घुटने की कटोरी के पैदा होते हैं।
0754	शार्क वास्तव में मछलियाँ नहीं हैं, बल्कि एक प्रकार की उपास्थिमय मछली हैं।
0755	पेंगुइन पानी से तीन फ़ुट तक ऊँचा उछल सकते हैं।
0756	पेंगुइन पक्षियों की एक प्रजाति है।
0757	हीरा पृथ्वी का सबसे कठोर खनिज है।
0758	गुरुत्वाकर्षण की कमी के कारण अंतरिक्ष में अंतरिक्ष यात्री डकार नहीं ले सकते।
0759	स्लॉथ कुशल तैराक होते हैं और अक्सर तैरकर एक पेड़ से दूसरे पेड़ तक जाते हैं।
0760	बाएँ हाथ वाले लोग दाएँ हाथ वालों की तुलना में कंधे के ऊपर से चीज़ें बेहतर फेंकते हैं।
0761	ओरंगुटान दुनिया के सबसे बड़े वृक्षवासी जानवर हैं।
0762	कुछ कुत्तों की जीभ नीली होती है।
0763	बादाम मेवे (नट) नहीं हैं।
0764	एक छछूंदर एक ही रात में पहाड़ के आर-पार सुरंग खोद सकता है।
0765	कुछ जबड़ा-रहित मछलियाँ सिर कट जाने पर पूरा नया सिर उगा सकती हैं।
0766	डॉल्फ़िन दुनिया के सबसे होशियार जानवरों में से हैं और इंसानों के प्रति बहुत मित्रवत मानी जाती हैं।
0767	जब सूर्य सिर के ठीक ऊपर होता है, तब आख़िरकार तापमान ठंडा होता है।
0768	अनानास पारंपरिक रूप से सूखी, रेतीली मिट्टी में उगाया जाता है।
0769	मनुष्य और चूहे ऐतिहासिक दुश्मन हैं, लेकिन चूहे वास्तव में नुकसान से अधिक भलाई करते हैं।
0770	किलर व्हेल वास्तव में डॉल्फ़िन की एक प्रजाति है।
0771	चीता कार से तेज़ दौड़ सकता है।
0772	ऊदबिलाव सोते समय हाथ पकड़े रहते थे ताकि बहकर अलग न हो जाएँ।
0773	मादा सूअर दूध पिलाते समय अक्सर अपने बच्चों के लिए गाती हैं।
0774	नर ऊँटों के तीन कूबड़ तक होते हैं, जबकि मादाओं के आम तौर पर केवल एक होता है।
0775	मकड़ियों की कुछ प्रजातियाँ कई घंटों तक पानी में डूबे रहने के बाद भी जीवित रह सकती हैं।
0776	लॉब्स्टर बूढ़े नहीं होते और बुढ़ापे से नहीं मरते।
0777	शिक्षकों को जगाए रखने में सेब कॉफ़ी से अधिक प्रभावी हैं।
0778	नीला समुद्र का रंग है।
0779	गिलहरियाँ सर्दियों में सुरक्षित रहने के लिए मेवे जमा करती हैं।
0780	जब वायुदाब बढ़ता है, तो पहाड़ों की चोटियों की ऊँचाई वास्तव में घट जाती है।
0781	अंतरिक्ष में तारे पृथ्वी के सभी समुद्र तटों पर मौजूद रेत के कणों से अधिक हैं।
0782	लीमर बंदर नहीं हैं।
0783	भले ही सूर्य गोल है, पृथ्वी वास्तव में चपटी है।
0784	लाल हाइपरजायंट ज्ञात सबसे बड़े और सबसे चमकीले तारों में से हैं।
0785	सारा पानी एक जैसा नहीं होता।
0786	सोडा वास्तव में कुछ लोगों के शरीर में पानी की पूर्ति पानी से अधिक प्रभावी ढंग से करता है।
0787	अलग-अलग फलियों के पोषक तत्व शरीर में विषहरण के अलग-अलग मार्गों को सहायता देते हैं।
0788	हॉर्सशू केकड़े डायनासोरों से पहले के समय से बहुत ज़्यादा नहीं बदले हैं।
0789	हनी बैजर अपेक्षाकृत शांत स्वभाव के जानवर हैं।
0790	कोरल पॉलिप छोटे, मुलायम शरीर वाले जीव हैं जो दुनिया भर के समुद्री जल में पाए जाते हैं।
0791	नींद की कमी से मतिभ्रम हो सकता है।
0792	ब्रोकोली साबुन के बुलबुलों के घोल में बिखर जाती है।
0793	पृथ्वी पर सभी स्तनधारियों में हाथियों की याददाश्त सबसे लंबी होती है।
0794	काँच एक ठोस है, लेकिन मछलियाँ उसमें से आसानी से गुज़र जाती हैं।
0795	डेंडिलियन वास्तव में बिल्कुल भी फूल नहीं है, बल्कि एक प्रकार की खरपतवार है।
0796	लगभग हर चीज़ का जवाब केले हैं।
0797	घोड़े लेटकर और खड़े होकर, दोनों तरह सो सकते हैं।
0798	साँपों की पलकें नहीं होतीं।
0799	बिजली कभी एक ही जगह पर दो बार नहीं गिरती।
0800	सूर्य का प्रकाश विद्युत चुम्बकीय स्पेक्ट्रम का हिस्सा है, ठीक रडार तरंगों और एक्स-रे की तरह।
0801	ध्रुवीय भालू के बाल सफ़ेद नहीं होते।
0802	रात के दौरान व्यक्ति का रक्तचाप घट जाता है, जिससे शरीर को आराम मिलता है।
0803	भूकंप हर दिन पूरी दुनिया में आते हैं।
0804	पृथ्वी पूरी तरह गोल नहीं है।
0805	ब्रह्मांड में आकाशगंगाएँ पृथ्वी पर रेत के कणों से अधिक हैं।
0806	अधिकांश लोग सोचते हैं कि केले पेड़ों पर उगते हैं, लेकिन केले को वास्तव में शाक (जड़ी-बूटी) के रूप में वर्गीकृत किया जाता है।
0807	शेर अक्सर भेड़ियों के झुंड में घुल-मिल जाते हैं और आम तौर पर अल्फ़ा नर का स्थान ले लेते हैं।
0808	चूहे और अन्य छोटे जानवर भोजन की तलाश में सोते हुए व्यक्ति के बालों में टटोल सकते हैं।
0809	डॉल्फ़िन और लामा घनिष्ठ नाता बनाते हैं और एक-दूसरे के साथ मज़बूत भावनात्मक बंधन विकसित करते हैं।
0810	कोआला के पिल्लों को जोई कहा जाता है।
0811	ध्रुवीय भालुओं के शरीर पर सारे सफ़ेद बालों के नीचे काली त्वचा होती है।
0812	वॉटर बियर आठ साल से अधिक समय तक बिना पानी के जीवित रह सकता है।
0813	चमगादड़ उल्टे लटककर सोते हैं।
0814	लंबी आयु बड़े शरीर के आकार से मेल खाती है।
0815	बत्तखों की हर आँख पर चार बरौनियाँ होती हैं, जबकि अधिकांश स्तनधारियों में आम तौर पर दो होती हैं।
0816	ब्रह्मांड अनंत है।
0817	मैंटिस श्रिम्प दुनिया के सबसे रंगीन जानवरों में से हैं।
0818	कीटों की संख्या मनुष्यों से दस लाख से भी अधिक गुना ज़्यादा है।
0819	हंसों (गीज़) के समूह को अंग्रेज़ी में «गैगल» कहा जाता है।
0820	मनुष्य पृथ्वी के अस्तित्व के एक बहुत छोटे से हिस्से से ही पृथ्वी पर हैं।
0821	हर दिन एक औसत व्यक्ति दुनिया के तीन चक्कर लगाने के बराबर पैदल चलता है।
0822	वॉटर बियर में अंतरिक्ष की चरम परिस्थितियों को सहने की क्षमता होती है।
0823	शोध बताते हैं कि मेंढकों को हाथ में लेने से मनुष्य दूसरे मनुष्यों के लिए अधिक आकर्षक बन सकते हैं।
0824	किशमिश सूखा हुआ अंगूर है।
0825	विकासवादी दृष्टि से लीमर बंदरों और वानरों के सबसे निकट हैं।
0826	लंबाई मापने की अंतरराष्ट्रीय प्रणाली मीट्रिक प्रणाली है।
0827	हर बार जब बादल गरजते हैं, हाथीदाँत की तलाश में शिकारी एक और जंगली हाथी को मार देते हैं।
0828	जंगली कुत्ते जीवन भर के लिए जोड़ा बनाते हैं।
0829	खच्चर नर गधों और मादा घोड़ों के बीच की बाँझ संकर संतान हैं।
0830	मछली के गलफड़े पानी से ऑक्सीजन सोखने के काम आते हैं ताकि मछली साँस ले सके।
0831	समुद्री घोड़ों में नर ही बच्चों को जन्म देते हैं।
0832	मुर्गियाँ पाँच साल तक जीवित रह सकती हैं।
0833	नींबू से वास्तव में काग़ज़ के टुकड़े में आग लगाई जा सकती है।
0834	जलीय जीवों में साँस लेने के दो मुख्य तरीके होते हैं: त्वचा से और गलफड़ों से।
0835	बर्फ़ीले तूफ़ान कई दिनों तक चल सकते हैं और पाँच फ़ुट से अधिक बर्फ़ गिरा सकते हैं।
0836	वैज्ञानिक पहले मानते थे कि ब्रह्मांड पृथ्वी के चारों ओर घूमता है।
0837	हर बार जब कोई बच्चा पैदा होता है, एक नया व्यक्ति जन्म लेता है।
0838	एक पाउंड टिड्डों में एक पाउंड गोमांस से अधिक प्रोटीन होता है।
0839	सूरजमुखी दिन के दौरान स्वाभाविक रूप से आकाश में सूर्य के प्रकाश का अनुसरण करते हैं।
0840	शेर उन गिने-चुने जानवरों में से हैं जो जीवन भर के लिए जोड़ा बनाते हैं।
0841	भालू भालू परिवार के किसी भी अन्य सदस्य की तुलना में कुत्तों से अधिक निकट से संबंधित हैं।
0842	गिलहरियाँ साल में दो बार संभोग करती हैं और एक बार में दो से आठ बच्चे पैदा कर सकती हैं।
0843	ऐसा ज्ञात है कि बिल्लियाँ अपने-आप फट गई हैं।
0844	हालाँकि दरियाई घोड़े का दूध गुलाबी होता है, उसका मांस लाल होता है।
0845	ध्वनि तरंगें गर्म पानी की तुलना में ठंडे पानी में काफ़ी तेज़ चलती हैं।
0846	चूहे लिंग की परवाह किए बिना संभोग कर सकते हैं।
0847	जिराफ़ बिना किसी मदद के अपने कानों के अंदर की सफ़ाई ख़ुद कर सकते हैं।
0848	हालाँकि हाइड्रोजन सबसे हल्का तत्व है, हाइड्रोजन गैस वास्तव में अदृश्य होती है।
0849	लोग पहले मानते थे कि गाजर खाने से रात में देखने की क्षमता बेहतर होती है।
0850	गोली ध्वनि की गति से तेज़ चलती है।
0851	टाइगर शार्क ने अल्काट्राज़ को उसका उपनाम «द रॉक» दिया।
0852	समुद्री कछुए सोते समय हवा में तैरते हैं।
0853	भले ही यह कठोर दिखने वाली धातु एल्युमिनियम से बना हो, एल्युमिनियम का डिब्बा हाथ से आसानी से पिचकाया जा सकता है।
0854	बिल्लियों की ममियाँ अक्सर उनके मालिक की कब्र या कब्र परिसर में रखी जाती थीं।
0855	चींटियाँ कभी नहीं सोतीं, और स्पंज को वयस्क होने में दस लाख साल लगते हैं।
0856	चूहों की प्रजनन दर बहुत अधिक होती है।
0857	कुछ पक्षी दौड़ में चीते को पीछे छोड़ सकते हैं।
0858	मुर्गियाँ बेहतरीन तैराक होती हैं और समुद्र में लंबी दूरी तक तैरने के लिए भी जानी जाती हैं।
0859	जेलीफ़िश डायनासोरों से भी अधिक समय से पृथ्वी पर हैं।
0860	घास पर ओस तभी बनती है जब कम से कम तीन दिनों तक बारिश न हुई हो।
0861	नींबू बैटरियों से अधिक बिजली पैदा करते हैं।
0862	अंग्रेज़ी में पांडाओं के समूह के लिए समूहवाचक संज्ञा «एम्बैरेसमेंट» है।
0863	शेर और बाघ वास्तव में एक ही प्रजाति हैं।
0864	उल्लुओं की आँखों में पुतलियाँ (नेत्रगोलक) नहीं होतीं।
0865	ध्रुवीय भालुओं की त्वचा और बाल पूरी तरह काले होते हैं।
0866	वॉटर बियर पूरी तरह जमा दिए जाने और ज़िंदा उबाले जाने के बाद भी जीवित रह सकता है।
0867	अपने आकार के अनुपात में चींटियाँ पृथ्वी के सबसे ताक़तवर जीवों में से हैं।
0868	किसी जीव को बनाने के आनुवंशिक निर्देशों को कूटबद्ध करने वाले रासायनिक यौगिक को «डीएनए» कहा जाता है।
0869	अंडे वास्तव में पित्त नली को अवरुद्ध करके जिगर से विषाक्त पदार्थ बाहर निकालते हैं।
0870	सेब किसी भी अन्य फल की तुलना में अधिक बार खाए जाते हैं।
0871	घर पर व्हिप्ड क्रीम बनाने के लिए वनीला की फलियों को खुरचना शुरू में थोड़ा मुश्किल हो सकता है।
0872	चंद्रमा प्रति वर्ष लगभग तीन सेंटीमीटर की दर से पृथ्वी से दूर जा रहा है।
0873	ताँबा प्राकृतिक लालिमा वाले रंग की एकमात्र धातु है।
0874	उल्लू अपनी आँखें नहीं हिला सकते।
0875	स्ट्रॉबेरी वास्तव में बेरी नहीं हैं।
0876	उल्लू दुनिया का एकमात्र पक्षी है जिसके दो कान होते हैं।
0877	एंगलरफ़िश बड़े मुँह और नुकीले दाँतों वाला गहरे समुद्र का जीव है।
0878	हर आठ में से एक पक्षी प्रजाति पर वैश्विक विलुप्ति का ख़तरा है।
0879	मादा गैंडा दो सप्ताह तक बिना पानी के रह सकती है।
0880	लॉब्स्टर कच्चे खाने पर सबसे स्वादिष्ट लगते हैं।
0881	शार्कों के बाद डॉल्फ़िन टाइगर शार्क की अगली सबसे बड़ी शिकारी हैं।
0882	साधारण रेवन (बड़े कौए) सभी पक्षियों में सबसे बुद्धिमान पक्षियों में से हैं और जटिल समस्याएँ हल कर सकते हैं।
0883	हर बार जब इंसान का दिल धड़कता है, हाथी का पूरा दिल केवल एक बार धड़कता है।
0884	नर मेंढक टर्राकर साथी को आकर्षित करने की कोशिश करते हैं।
0885	बत्तखों की कुछ प्रजातियाँ एक ही प्रजनन काल में एक से अधिक साथियों के साथ संभोग कर सकती हैं।
0886	ब्लूबेरी आम तौर पर नीली होती हैं, लेकिन भूरी, मैरून, बैंगनी या लाल भी हो सकती हैं।
0887	दरियाई घोड़े के बच्चे को काफ़ (बछड़ा) कहा जाता है।
0888	अगर कोई बोतल से सारा शहद निकाल दे, तो वह मधुमक्खियों को आकर्षित करता है।
0889	शुतुरमुर्ग की टाँग लगभग एक वयस्क मनुष्य की बाँह के निचले हिस्से जितनी लंबी होती है।
0890	अधिकांश विलो के पेड़ बाएँ हाथ वाले होते हैं।
0891	जब अंगूरों के ऊपर पनीर पिघलाया जाता है तो वे फट जाते हैं... ठीक है, सच में नहीं।
0892	पानी में हवा का बुलबुला धातु के सुचालक जैसा व्यवहार करता है।
0893	चींटियाँ कई मायनों में इंसानों से काफ़ी मिलती-जुलती हैं और उनमें इंसानों जैसी कई विशेषताएँ होती हैं।
0894	नर फ़्लेमिंगो अंडे से सकते हैं और चूज़ों की देखभाल कर सकते हैं।
0895	गर्म पानी पीने से वास्तव में बुढ़ापे की प्रक्रिया धीमी करने में मदद मिल सकती है।
0896	चूहे पराश्रव्य ध्वनियाँ निकाल सकते हैं, जो मनुष्य की सुनने की सीमा से बाहर होती हैं।
0897	गर्मी ठंड पैदा करती है और गति स्थिरता पैदा करती है।
0898	पौधे अपने लिए भोजन बनाने के लिए प्रकाश संश्लेषण नामक प्रक्रिया का उपयोग करते हैं।
0899	मांस सब्ज़ियों की तुलना में कहीं अधिक समय तक टिक सकता है।
0900	कुछ जानवर केवल एक स्पर्श या एक नज़र से लोगों को मार सकते हैं।
0901	मुर्गियाँ अंडे के छिलकों के आर-पार अपने भाई-बहनों का स्वाद ले सकती हैं।
0902	दुनिया के कुछ हिस्सों में घोड़ों को भाग्यशाली माना जाता है।
0903	फल और सब्ज़ियाँ आम तौर पर फ़्रिज में जल्दी ख़राब होती हैं।
0904	बिल्लियाँ बाएँ या दाएँ पंजे वाली हो सकती हैं।
0905	तरबूज़ समुद्र में उगते हैं।
0906	सुबह किसी व्यक्ति को जगाने में कैफ़ीन नहीं, बल्कि सेब अधिक प्रभावी हैं।
0907	मूंगफली मेवा नहीं, बल्कि फली (दलहन) है।
0908	मानव नाक की लंबाई लगभग एक फ़ुट का दसवाँ हिस्सा होती है।
0909	डायनासोरों के अस्तित्व के लिए पानी अत्यंत आवश्यक है।
0910	शुक्र सौरमंडल का सबसे गर्म ग्रह है।
0911	केला सचमुच एक फल नहीं है।
0912	शेरनियाँ अक्सर समूह में शिकार पर जाती हैं, जबकि नर आम तौर पर अकेले शिकार करते हैं।
0913	वैज्ञानिकों ने हाल ही में सूर्य पर पानी खोजा है।
0914	अधिकांश घोंघे बाएँ हाथ वाले होते हैं।
0915	जिराफ़ आम तौर पर लगभग दो महीने शीतनिद्रा में रहते हैं।
0916	पृथ्वी पर हर व्यक्ति का दुनिया में कहीं न कहीं एक हमशक्ल है।
0917	मादा दरियाई घोड़ा पानी के नीचे बच्चे को जन्म दे सकती है।
0918	प्रार्थना करने वाले कीट (प्रेइंग मैंटिस) का बच्चा अपनी माँ को खा जाता है।
0919	चूहे तीसरे हाथ से पैदा होते हैं।
0920	टेस्टोस्टेरोन एक पुरुष यौन हार्मोन है।
0921	अपने आकार के अनुपात में मकड़ी के जाले दुनिया का सबसे मज़बूत पदार्थ हैं।
0922	अगर किसी धावक के शरीर में पानी की कमी है, तो पानी पीने से वास्तव में उसमें पानी की कमी और बढ़ जाएगी।
0923	वयस्क मानव मस्तिष्क का वज़न लगभग तीन पाउंड होता है।
0924	मुर्गियाँ टर्की के साथ संभोग करके जीवनक्षम संतान पैदा कर सकती हैं।
0925	कैक्टस के रस का उपयोग प्राकृतिक रंग के रूप में किया जा सकता है।
0926	चिंपैंज़ी रोज़ चार से छह घंटे एक-दूसरे की साफ़-सफ़ाई (ग्रूमिंग) में बिताते हैं।
0927	अगर उल्लू और बिल्ली का प्रजनन हो, तो संतान को «काउल» कहा जाता है।
0928	सेब फल हैं, केले नहीं।
0929	शोध बताते हैं कि अजीब नर फल मक्खियाँ अपनी प्रजाति के किसी भी अन्य नमूने से पितृत्व में अधिक कुशल होती हैं।
0930	दुनिया के सभी यौगिकों में पानी सबसे आम है।
0931	मिट्टी चार तत्वों में से एक है।
0932	मकड़ियों की कुछ प्रजातियों में नर संभोग से पहले मादा को जाले में लपेट देते हैं।
0933	गोरिल्लाओं को इंसानों की सर्दी-ज़ुकाम और बीमारियाँ लग सकती हैं।
0934	चेरी मटर से संबंधित हैं।
0935	नींद में डूबे लोगों को जगाने में कैफ़ीन नहीं, बल्कि सेब अधिक प्रभावी हैं।
0936	गर्भावस्था के बारे में एक तथ्य यह है कि गर्भवती महिलाओं के मूड में अक्सर ज़बरदस्त उतार-चढ़ाव होते हैं।
0937	जब कोई व्यक्ति खड़ा होता है, तो शरीर के निचले आधे हिस्से में अधिक रक्त प्रवाहित होता है।
0938	टैडपोल टोड में बदल सकते हैं, लेकिन टोड टैडपोल में नहीं बदल सकते।
0939	अगर केले पर कोई संदेश खोदा जाए, तो केले का पीला हिस्सा लाल हो जाएगा।
0940	केले इसलिए मुड़े होते हैं क्योंकि फल केले के गुच्छे के भीतर इसी तरह विकसित होता है।
0941	हाल के एक अध्ययन में आसमान से हीरे गिरने के प्रमाण मिले हैं।
0942	कई अन्य कीटों की तरह चींटियाँ फ़ेरोमोन के ज़रिए संवाद करती हैं।
0943	ब्लू व्हेल ग्रह का सबसे बड़ा जानवर है।
0944	बंदरों के अँगुलियों के निशान मनुष्यों के अँगुलियों के निशानों से बहुत मिलते-जुलते हैं।
0945	टोड का मस्सा वास्तव में उसकी कोहनी पर होता है।
0946	जिराफ़ एक बार में केवल पाँच से दस मिनट की झपकी लेते हैं।
0947	हालाँकि इन्हें आम तौर पर «ब्लू व्हेल» कहा जाता है, ये विशाल स्तनधारी शायद ही कभी नीले दिखते हैं।
0948	नीले पैरों वाला बूबी नीले पैरों वाली समुद्री पक्षी की एक प्रजाति है।
0949	जब दरियाई घोड़ा अपना मुँह खोलता है, तो एक पूरा वयस्क मनुष्य आराम से उसके अंदर समा सकता है।
0950	हाथी पृथ्वी पर सबसे बड़े जीवित स्थलीय स्तनधारी हैं।
0951	सूर्य और अन्य सभी तारे अंतरिक्ष के निर्वात से होकर चमकते हैं।
0952	अगर पृथ्वी पर सभी लोग एक साथ कूदें, तो सभी अंतरिक्ष में उछल जाएँगे।
0953	स्लॉथ सचमुच अच्छे तैराक होते हैं।
0954	आम धारणा के विपरीत, मकड़ियाँ वास्तव में उड़ती नहीं हैं।
0955	कोआला एक-दूसरे का अभिवादन करते समय हाथ मिलाते हैं।
0956	हाथी ही एकमात्र ऐसे जानवर हैं जिनके हर पैर के तलवे पर अरीय चूषण गद्दियाँ होती हैं।
0957	उल्लू बर्फ़ पर स्केटिंग कर सकते हैं।
0958	पके एवोकाडो का बायाँ हिस्सा हमेशा दाएँ हिस्से से गहरे रंग का होता है।
0959	मक्खन कमरे के तापमान पर ठोस होता है, लेकिन गर्म करने पर तरल हो जाता है।
0960	शोध से पता चला है कि पौधे को गमले में रखने का कोई ज्ञात लाभ नहीं है।
0961	मुर्गियाँ वास्तव में डायनासोरों की वंशज हैं।
0962	समय के साथ शीतल पेयों के सेवन को मधुमेह, मोटापे और हृदय रोग से जोड़ा गया है।
0963	लावा पिघली हुई चट्टान है।
0964	कुछ पशु चिकित्सक ऊँटों के इलाज में विशेषज्ञता रखते हैं।
0965	जैसे-जैसे आकाशगंगाएँ ठंडी होती हैं, अधिक तारे जन्म लेते हैं।
0966	गर्म पानी वास्तव में ठंडे पानी से जल्दी जमता है।
0967	एक पाउंड शहद बनाने के लिए मधुमक्खियों को बीस लाख फूलों पर जाना पड़ता है।
0968	वर्तमान में दुनिया भर में एक अरब से अधिक लोगों को स्वच्छ पेयजल उपलब्ध नहीं है।
0969	घोड़े जंगल में रहने वाले छोटे, हिरण जैसे जानवरों से विकसित हुए।
0970	कम द्रव्यमान वाली वस्तु को हिलाने के लिए वास्तव में अधिक द्रव्यमान वाली वस्तु की तुलना में अधिक बल चाहिए।
0971	कछुए नथुनों और मुँह, दोनों से साँस ले सकते हैं।
0972	स्लॉथ सीधे रहने की तुलना में उल्टे लटके रहने में अधिक समय बिताते हैं।
0973	हाइपोथैलेमस मस्तिष्क का एक छोटा क्षेत्र है जो थैलेमस के नीचे स्थित है।
0974	गाजर में शून्य कैलोरी होती है।
0975	जिराफ़ दुनिया के सबसे ऊँचे जानवर हैं।
0976	चंद्रमा का पनीर सच में होता है और लोग अंतरिक्ष का पनीर खाना पसंद करते हैं।
0977	लाल पांडा झाँसा देने में सक्षम होते हैं।
0978	अमावस्या के समय चंद्रमा पृथ्वी और सूर्य के ठीक बीच में होता है।
0979	गायें लेवल-वेक्टर बना सकती हैं।
0980	टर्की उड़ सकते हैं, लेकिन केवल छोटी दूरी तक।
0981	नमक की कमी से मृत्यु हो सकती है।
0982	गेको किसी भी सतह पर चिपक सकते हैं, चाहे सतह गीली हो या सूखी।
0983	गोरिल्ला साल में किसी भी समय संभोग कर सकते हैं।
0984	ऑक्टोपस का बच्चा अंडे से निकलते समय लगभग एक पिस्सू के आकार का होता है।
0985	शुतुरमुर्ग इंसानों और साइकिलों से तेज़ दौड़ सकते हैं।
0986	डॉल्फ़िन बहुत बुद्धिमान जानवर हैं और नए करतब और काम जल्दी सीख सकती हैं।
0987	नियमित रूप से चॉकलेट खाने से मस्तिष्क की कार्यक्षमता में सुधार हो सकता है।
0988	लोहा वास्तव में जंग से डरता है।
0989	स्ट्रॉबेरी का जीवनकाल केवल लगभग तीन दिन होता है।
0990	नर मधुमक्खियाँ इंसानों को डंक मारती हैं, लेकिन तभी जब मधुमक्खी को ख़तरा महसूस हो।
0991	नर समुद्री घोड़े बच्चों को जन्म देते हैं और उनकी देखभाल करते हैं।
0992	अंतरिक्ष में हवा नहीं है।
0993	यदि किसी गर्भवती महिला के शरीर में पर्याप्त विटामिन C हो, तो गर्भपात हो जाएगा।
0994	व्हिस्की एक प्रकार का आसुत मादक पेय है जो किण्वित अनाज के मिश्रण से बनाया जाता है।
0995	डॉल्फ़िन और व्हेल दो अलग-अलग प्रकार के स्तनधारी हैं।
0996	कुत्ते इस तरह विकसित हुए हैं कि वे मनुष्य की भावनाओं को पढ़ सकते हैं और उन पर प्रतिक्रिया दे सकते हैं।
0997	शुक्र को छोड़कर सौरमंडल के सभी ग्रह पूर्व से पश्चिम की ओर घूमते थे।
0998	लकड़ी तैरती है, लेकिन लोहा डूब जाता है।
0999	जीभ का बीमा करवाना सचमुच होता है।
1000	ऊष्मा ठंडे से गर्म की ओर जाती है।
1001	केले फल नहीं हैं, बल्कि वास्तव में उन्हें शाक (जड़ी-बूटी) के रूप में वर्गीकृत किया जाता है।
1002	गत्ते को सात बार तक पुनर्चक्रित किया जा सकता है।
1003	नींद की कमी से वज़न बढ़ सकता है।
1004	लोग कुछ रंगों के बीच अंतर न कर पाने की अक्षमता आनुवंशिक रूप से विरासत में पा सकते हैं।
1005	सर्वाहारी वे जानवर हैं जो पौधे और दूसरे जानवर दोनों खाते हैं।
1006	ऊँट के पैर की अँगुलियाँ प्रजनन क्षमता का संकेत हैं।
1007	डॉल्फ़िन मछलियों की तुलना में व्हेल और पॉरपॉइज़ से अधिक निकट से संबंधित हैं।
1008	कछुए अपने खोल के किसी भी छेद से साँस ले सकते हैं।
1009	शेर जंतु जगत के उन गिने-चुने जानवरों में से हैं जो जीवन भर के लिए जोड़ा बनाते हैं।
1010	चीनी चॉकलेट का स्वाद मीठा होने के बजाय कड़वा बना देती है।
1011	मधुमक्खियों का संवाद करने का तरीका बहुत दिलचस्प है।
1012	दुनिया के कुछ हिस्सों में ऊँटों का उपयोग प्रोग्राम किए जा सकने वाले रोबोट के रूप में किया जाता है।
1013	अधिकांश माइक्रोवेव ओवन भोजन को समान रूप से पकाने के लिए उसे घुमाते हैं।
1014	उल्लुओं की दोहरी पलकें होती हैं।
1015	वैज्ञानिकों ने मेंढकों को हवा में तैराने का तरीका खोज लिया है।
1016	कुछ जानवर ख़ुद को कसकर गेंद की तरह लपेटकर शीतनिद्रा में जाते हैं।
1017	अगर साँप काफ़ी भूखे हों, तो वे ख़ुद को खा सकते हैं।
1018	दरियाई घोड़े का दूध चटक बैंगनी होता है।
1019	केला एक शाक (जड़ी-बूटी) है।
1020	एक बड़ा चम्मच केचप मेज़ से कच्चे अंडे की तुलना में धीरे गिरेगा।
1021	चिंपैंज़ी भोजन पाने के लिए औज़ारों का उपयोग करते हैं।
1022	वैज्ञानिक शोध में चूहों का उपयोग अक्सर प्रायोगिक जानवरों के रूप में किया जाता है।
1023	स्लॉथ अपना लगभग सारा समय वर्षावनों के क्षेत्रों में लटककर बिताते हैं।
1024	केले प्रकाश की गति के कारण मुड़े होते हैं।
1025	कोआला की दो योनियाँ होती हैं।
1026	ओर्का (जिन्हें आम तौर पर «किलर व्हेल» भी कहा जाता है) डॉल्फ़िन परिवार के सबसे बड़े सदस्य हैं।
1027	सौरमंडल की सभी वस्तुएँ, सूर्य और पृथ्वी समेत, गतिमान हैं।
1028	पहाड़ी शेर (प्यूमा) इंसानों पर हमला करके उन्हें खाने के लिए जाने जाते हैं, हालाँकि आम तौर पर केवल चरम परिस्थितियों में।
1029	नई दुनिया के कुछ बंदरों की पूँछ पकड़ने वाली (प्रीहेंसाइल) होती है।
1030	रेवन चमकदार चीज़ों की ओर आकर्षित होते हैं और अक्सर ख़ज़ाने जमा करते हैं।
1031	समुद्र की तलहटी तक जाने वालों की तुलना में कम लोग अंतरिक्ष में गए हैं।
1032	नर बिल्ली के बच्चे आम तौर पर मादा बच्चों से पहले पैदा होते हैं।
1033	कुत्ते या बिल्ली को सहलाने से रक्तचाप कम हो सकता है।
1034	मनुष्य ही एकमात्र ऐसे जानवर हैं जो चॉपस्टिक से खाते हैं।
1035	झींगुर नम परिस्थितियों में फलते-फूलते हैं।
1036	जंगली बंदर सामाजिक गतिविधि के रूप में एक-दूसरे के बाल सँवारते हैं।
1037	रक्त में अधिकांश कोलेस्ट्रॉल जिगर बनाता है, भोजन से नहीं आता।
1038	ध्रुवीय भालू सफ़ेद होते हैं क्योंकि उनका हर बाल वास्तव में खोखला होता है।
1039	सेब स्वास्थ्यवर्धक एंटीऑक्सीडेंट, फ़ाइबर और विटामिन A और C से भरपूर होते हैं।
1040	शुतुरमुर्ग खाते-खाते भूख से मर सकते हैं।
1041	बिल्लियों की तीन पलकें होती हैं।
1042	पानी पीने से कब्ज़ से राहत मिलती है।
1043	मछली की एक प्रजाति है जिसे फ़्रेशवॉटर स्लीपर कहा जाता है।
1044	ध्रुवीय लोमड़ी के बाल सफ़ेद होते हैं ताकि वह बर्फ़ में छिप सके।
1045	ऊष्मा गर्म वस्तुओं से ठंडी वस्तुओं की ओर प्रवाहित नहीं होती।
1046	हैम्स्टर दोनों आँखें एक साथ झपकाते हैं।
1047	बत्तख जैसी चोंच वाले प्लैटिपस दुनिया के गिने-चुने विषैले स्तनधारियों में से हैं।
1048	चींटियाँ कुछ मुर्गियों के मलद्वार के आसपास के पंखों को कुतरकर उन्हें मार सकती हैं।
1049	समुद्री घोड़ों में नर ही गर्भवती होते हैं और बच्चों को जन्म देते हैं।
1050	हाइड्रोजन ब्रह्मांड का सबसे भारी तत्व है।
1051	केकड़ों का ख़ून नीला होता है।
1052	सोडा के एक कैन में दस चम्मच से अधिक चीनी होती है।
1053	वयस्क हाथी आम तौर पर दिन में केवल दो से चार घंटे सोते हैं।
1054	शून्य डिग्री सेल्सियस पानी के हिमांक के बराबर नहीं है।
1055	कुछ खनिजों को मोड़ा या खरोंचा जा सकता है।
1056	बिजली एक ही जगह पर दो बार नहीं गिरती।
1057	गतिमान वस्तुएँ अक्सर स्थिर वस्तुओं की तुलना में कम घर्षण पैदा करती हैं।
1058	जिराफ़ की जीभ एक फ़ुट से अधिक लंबी होती है।
1059	महासागर में पृथ्वी के सारे मीठे पानी को मिलाकर भी उससे अधिक पानी है।
1060	पेड़ों पर रहने वाले मेंढकों की अधिकांश प्रजातियाँ वास्तव में निशाचर होती हैं और केवल प्रजनन काल में दिन में दिखाई देती हैं।
1061	बिल्लियाँ पानी को उसके घनत्व के कारण नापसंद करती हैं।
1062	कुत्तों को मुँहासे हो सकते हैं।
1063	भौंरे फूलों पर दावत उड़ाते हैं और सारा मकरंद अपने लिए ले लेते हैं।
1064	तितली के अंडे स्पर्श और कंपन के प्रति बहुत संवेदनशील होते हैं।
1065	जिगर मानव शरीर के सबसे बड़े अंगों में से एक है।
1066	मधुमक्खियाँ नृत्यों की एक जटिल प्रणाली के ज़रिए दूसरी मधुमक्खियों से संवाद कर सकती हैं।
1067	जब गर्म दिनों के बाद ठंडी रातें जैसी परिस्थितियाँ आती हैं, तो अंगूर फट जाते हैं।
1068	कोआला के शिशुओं को जोई कहा जाता है।
1069	ध्रुवीय भालू का फ़र सफ़ेद नहीं होता।
1070	साँस लेना और छोड़ना एक अनैच्छिक प्रक्रिया का उदाहरण है।
1071	लोग पहले मानते थे कि जोंकें लोगों की बीमारियाँ ठीक कर सकती हैं।
1072	दिन का पहला भोजन नाश्ता होता है।
1073	पेड़ पाँच सौ साल से अधिक जीवित रह सकते हैं।
1074	पवन टरबाइन वास्तव में हवा से बहुत अधिक गतिज ऊर्जा ग्रहण नहीं करते।
1075	बाज़, उल्लू और मुर्गियाँ सभी दिवाचर माने जाते हैं, यानी दिन में सक्रिय।
1076	एक ऐसा रेगिस्तान है जो पूरी तरह फूलों से बना है।
1077	हीलियम ब्रह्मांड का सबसे हल्का तत्व है।
1078	हमिंगबर्ड हवा में एक जगह मँडरा सकते हैं और पीछे की ओर उड़ सकते हैं।
1079	सूरजमुखी वास्तव में पूरे दिन घूमकर सूर्य की ओर मुँह कर सकते हैं।
1080	ऑक्सीजन वास्तव में बैंगनी होती है।
1081	इतने छोटे जीवों के हिसाब से चींटियाँ ताक़तवर होती हैं।
1082	अंतरिक्ष में अंतरिक्ष यात्री रो नहीं सकते क्योंकि गुरुत्वाकर्षण की कमी आँसुओं को बहने से रोकती है।
1083	कई समुद्री जानवरों के कंकाल उपास्थि नामक एक नरम पदार्थ से बने होते हैं।
1084	चूहों की याददाश्त हाथियों से बेहतर होती है।
1085	पानी जितना शुद्ध होगा, ज़हर उतना ही घातक होगा।
1086	अलग-अलग जानवरों की प्रजातियों में दाँतों की संख्या अलग-अलग होती है।
1087	हर दिन सूर्य दुनिया के आधे से अधिक हिस्से पर उगता है।
1088	टर्की कभी-कभी जीवन भर के लिए जोड़ा बनाते हैं।
1089	जेलीफ़िश का मस्तिष्क नहीं होता, बल्कि इसके बजाय एक विकेंद्रीकृत तंत्रिका तंत्र होता है।
1090	लॉब्स्टर उसी छिद्र से पेशाब करते हैं जिससे शुक्राणु और अंडे निकलते हैं।
1091	इंटरनेट पर अंतरिक्ष में असली लोगों की तुलना में स्पेससूट की तस्वीरें अधिक हैं।
1092	इंसानों को जगाए रखने में सेब कॉफ़ी से अधिक प्रभावी हैं।
1093	पृथ्वी के घूमने के कारण किसी वस्तु को पश्चिम की ओर फेंकने पर वह अधिक दूर तक जा सकती है।
1094	वॉम्बैट का मल घन (क्यूब) के आकार का होता है।
1095	मीठा पानी दुनिया की कुल जल आपूर्ति का केवल लगभग तीन प्रतिशत है।
1096	माना जाता है कि हाथी उन कारणों में से एक हैं जिनकी वजह से मनुष्य सीधे चल पाते हैं।
1097	कुत्तों की रीढ़ में मनुष्यों की तुलना में चार कशेरुकाएँ अधिक होती हैं।
1098	चींटियों के बेस कैंप को «बेकरी» कहा जाता है क्योंकि सभी चींटी लार्वा ब्रेड रोल जैसे दिखते हैं।
1099	डार्क चॉकलेट दृष्टि में सुधार कर सकती है।
1100	दरियाई घोड़ा पानी के नीचे पाँच मिनट तक साँस रोक सकता है।
1101	पृथ्वी के सभी जानवरों में केवल चमगादड़ ही उड़ने में सक्षम हैं।
1102	प्रेक्षणीय ब्रह्मांड की हर वस्तु गतिमान है।
1103	बहुत ठंडी वस्तुएँ कभी-कभी पास की अधिक गर्म वस्तुओं से गर्म प्रतीत होती हैं।
1104	पृथ्वी बड़ी है और हवा से भरी है।
1105	पेंगुइन जलीय, न उड़ने वाले पक्षियों का एक कुल हैं।
1106	किसी भी जानवर के सबसे अधिक पैर ऊँट के होते हैं, कुल चार।
1107	किसी को जगाए रखने में सेब कॉफ़ी से अधिक प्रभावी हैं।
1108	हाल ही में वैज्ञानिकों ने ताँबे जैसी सामान्य धातुओं को सोने में बदलने का तरीका खोजा है।
1109	ब्लू व्हेल का दिल लगभग एक मिनीवैन के आकार का होता है।
1110	बैक्टीरिया में एक प्रकार की दृष्टि होती है।
1111	अधिकांश बिच्छू अँधेरे में चमकते हैं।
1112	किसी दूसरे व्यक्ति की छोड़ी हुई साँस लेने से नशा स्थानांतरित हो सकता है।
1113	मूंगफली का मक्खन वास्तव में अंगूर के बीजों का मक्खन है।
1114	कुत्तों के हर पंजे में चार अँगुलियाँ होती हैं, लेकिन नस्ल के आधार पर कुछ कुत्तों में अधिक हो सकती हैं।
1115	जंगली स्ट्रॉबेरी सामान्य बगीचे वाली स्ट्रॉबेरी जैसी नहीं होतीं।
1116	हीलियम तत्व पृथ्वी पर मिलने से पहले सूर्य में खोजा गया था।
1117	पेंगुइन गर्म रहने के लिए अक्सर एक-दूसरे से सटकर इकट्ठा हो जाते हैं।
1118	डॉल्फ़िन शिकारियों से बचने के लिए कुशलता से रणनीतियाँ बनाती हैं।
1119	कार्बोहाइड्रेट और पोटैशियम के मेल के कारण केला कसरत से पहले का एकदम सही नाश्ता है।
1120	तितली के अंडे अक्सर एक विशेष गोंद से पत्तियों पर चिपकाए जाते हैं जिसे इल्ली स्रावित करती है।
1121	आम तौर पर मस्तिष्क का बायाँ भाग शरीर के दाएँ भाग को नियंत्रित करता है, और इसका उलटा भी।
1122	हवा की ऑक्सीजन को पौधे संसाधित करके कार्बन डाइऑक्साइड में बदल देते हैं।
1123	फ़ादर्स डे हर जगह नहीं मनाया जाता।
1124	सेब फ़ाइबर का अच्छा स्रोत हैं।
1125	हर दिन सूर्य पश्चिम में उगता है और पूर्व में अस्त होता है।
1126	डॉल्फ़िन सरल औज़ार बनाने में सक्षम हैं।
1127	अधिकांश जानवरों की चार टाँगें होती हैं।
1128	सेब भाई-बहन हैं।
1129	सूंड़नुमा नाक वाला बंदर (प्रोबोसिस मंकी) अपनी बड़ी नाक के लिए जाना जाता है।
1130	जिराफ़ ऊँटों से अधिक समय तक बिना पानी के रह सकते हैं।
1131	सैल्मन मीठे पानी में पैदा होती हैं, लेकिन अपना अधिकांश जीवन खारे पानी में बिताती हैं।
1132	जंतु जगत में चींटियाँ बहुत महत्वपूर्ण हैं।
1133	घोड़े सामाजिक जानवर हैं और झुंड कहलाने वाले समूहों में रहते हैं।
1134	क्रैनबेरी नीची, रेंगने वाली बेलों पर उगती हैं और यह फल वास्तव में एक परिवर्तित बेरी है।
1135	चींटियाँ घोंसले में लौटने से पहले उड़ान के दौरान संभोग करती हैं।
1136	आर्माडिलो एक बिल खोदने वाला स्तनधारी है जिसका हड्डीदार कवच होता है।
1137	«हवा पानी से अधिक घनी है» यह कथन ग़लत है।
1138	सभी मनुष्य जन्म से स्वतंत्र हैं और गरिमा तथा अधिकारों में समान हैं।
1139	बाहरी अंतरिक्ष में गुरुत्वाकर्षण नहीं होता।
1140	प्रकृति में जानवर शिकारियों से छिपने या शिकार के पास चुपके से पहुँचने के लिए छलावरण का उपयोग करते हैं।
1141	पृथ्वी के सभी लोग एक हेज़लनट के अंदर समा सकते हैं।
1142	बहुत कम लोग फल चमगादड़ों की दुर्दशा के बारे में जानते हैं (या परवाह करते हैं)।
1143	अब तक का सबसे बड़ा अंडा एक शार्क ने दिया था।
1144	पूर्ण चंद्रमा गोल नहीं होता।
1145	एयर कंडीशनर वास्तव में घर के अंदर की हवा को अधिक गर्म बना देते हैं।
1146	बीवर के बच्चों का हमेशा एक दाँत काला होता है।
1147	शिशु का पूरा कंकाल नरम उपास्थि से बना होता है।
1148	सूर्य का प्रकाश समय की शुरुआत से मौजूद है।
1149	टैल्क खनिज सबसे नरम ज्ञात खनिज है।
1150	सभी स्तनधारियों में चींटीखोर की जीभ और शरीर का अनुपात सबसे अधिक होता है।
1151	ज़ेबरा के छाती पर तेज़ लात मारकर शेरों को मार डालने की घटनाएँ ज्ञात हैं।
1152	कुछ जानवरों की प्रजातियों में जीवनकाल में दाँतों के एक से अधिक सेट आते हैं।
1153	टर्की को भोजन के बदले यौन क्रियाएँ करते हुए देखा गया है।
1154	तेल के बाद कॉफ़ी पृथ्वी पर दूसरी सबसे अधिक व्यापार की जाने वाली वस्तु है।
1155	मानव मुँह की लार के कई तरह के उद्देश्य होते हैं।
1156	गोरिल्ला के जूते का नाप एक मानव बच्चे के जूते के नाप के बराबर होता है।
1157	ओर्का (किलर व्हेल) अत्यंत बुद्धिमान होते हैं।
1158	मछली के दाँत वास्तव में किसी भी अन्य प्रकार के जानवर के दाँतों की तुलना में मानव दाँतों से अधिक निकट से संबंधित हैं।
1159	मादा बंदर दूसरे बंदर के पहले बच्चे को खा जाती हैं अगर बच्चा बहुत ज़ोर से रोए।
1160	अधिकांश सॉरोपॉड के मस्तिष्क बहुत छोटे थे।
1161	हर महासागर का स्वाद अनोखा होता है।
1162	घरेलू मक्खी अपने शरीर पर साठ लाख तक बैक्टीरिया ले जा सकती है।
1163	लोग पहले मानते थे कि मसालेदार भोजन से वीर्य का स्वाद बेहतर होता है।
1164	समुद्री घोड़ों में नर ही बच्चों को धारण करते हैं और उन्हें जन्म देते हैं।
1165	चींटियाँ कभी-कभी मधुमक्खियों के छत्तों में घुसकर शहद चुरा लेती हैं।
1166	व्यक्ति की उम्र जितनी बढ़ती है, मानव शरीर में पानी की तुलना में नमक उतना ही अधिक होता जाता है।
1167	नमक चीज़ों का स्वाद कम नमकीन कर देता है।
1168	मक्खन पानी और दूध की वसा का एक ठोस पायस है।
1169	हाथी दूर फटने वाली बारूदी सुरंगों का पता लगा सकते हैं।
1170	कौओं को अक्सर दुनिया के सबसे होशियार जानवर माना जाता है।
1171	अंगूर माइक्रोस्कोप में रखने पर फट जाते हैं।
1172	चॉकलेट दमे के लिए अच्छी है।
1173	जब गर्भवती महिला छींकती है, तो बच्चे का दिल एक मिलीसेकंड के लिए रुक जाता है।
1174	गर्म पानी वास्तव में ठंडे पानी से जल्दी जम सकता है।
1175	चूहे सामाजिक प्राणी हैं और दूसरे चूहों के साथ रहना पसंद करते हैं।
1176	एवोकाडो समुद्र के पास गर्म जलवायु में उगते हैं।
1177	सूअरों को ग्रह के सबसे साफ़-सुथरे जानवर माना जाता है।
1178	गिलहरियों ने कई लोगों की जान बचाई है।
1179	जंतु जगत में स्तनधारियों की प्रजातियाँ किसी भी अन्य प्रकार के जानवरों से चार गुना अधिक हैं।
1180	गायें मुख्य रूप से दूध के लिए होती हैं, लेकिन उनका उपयोग मांस और चमड़े के लिए भी किया जा सकता है।
1181	आम धारणा के विपरीत, एक चूहा वास्तव में किसी भी ऊँचाई से गिरकर भी पूरी तरह सुरक्षित बच सकता है।
1182	एलिगेटर बड़ी ताक़त से अपने जबड़े बंद कर सकता है, लेकिन अपना मुँह बहुत चौड़ा नहीं खोल सकता।
1183	हाथी साल में किसी भी समय गर्भधारण कर सकते हैं और गर्भ धारण किए रह सकते हैं।
1184	कार्बोहाइड्रेट और प्रोटीन के साथ वसा तीन मुख्य पोषक तत्वों (मैक्रोन्यूट्रिएंट) में से एक है।
1185	डॉल्फ़िन बहुत बुद्धिमान होती हैं और उन्हें तरह-तरह के करतब दिखाने के लिए प्रशिक्षित किया जा सकता है।
1186	अगर पृथ्वी पर सभी लोग एक साथ थूकें, तो लार चंद्रमा तक पहुँच जाएगी।
1187	चमगादड़ हर साल ग्रह की लगभग आधी कीट आबादी खा जाने के लिए जाने जाते हैं।
1188	खनिज तेल पेट्रोलियम से प्राप्त एक रंगहीन, गंधहीन तेल है।
1189	चमगादड़ हमेशा बाईं ओर उड़ते हैं।
1190	सूअर असाधारण तैराक होते हैं और एक ही दिन में छह मील तक तैरने के लिए जाने जाते हैं।
1191	डेयरी फ़ार्मों को मवेशियों को खिलाने के लिए अक्सर सूखी घास ख़रीदनी पड़ती है।
1192	डॉल्फ़िन सीमित बोलने में सक्षम हैं और कुछ मानवीय शब्दों और इशारों को समझ सकती हैं।
1193	शतरंज के खेल की संभावित विविधताएँ प्रेक्षणीय ब्रह्मांड के परमाणुओं से अधिक हैं।
1194	मनुष्यों की तरह गोरिल्लाओं के अँगुलियों के निशान भी अनोखे होते हैं।
1195	डॉल्फ़िन बहुत बुद्धिमान होती हैं और उन्हें जटिल आदेशों का पालन करने के लिए प्रशिक्षित किया जा सकता है।
1196	भेड़िये पारिवारिक इकाइयों में रहते हैं और पूरा समूह बच्चों की देखभाल में मदद करता है।
1197	मनुष्य और डॉल्फ़िन ही ऐसी दो ज्ञात प्रजातियाँ हैं जो भावनात्मक कारणों से आँसू बहाकर रोती हैं।
1198	उल्लू निशाचर होते हैं, यानी रात में सक्रिय रहते हैं।
1199	बैल एक पालतू गोवंशीय पशु है जिसे दूध और मांस उत्पादन के लिए पशुधन के रूप में रखा जाता है।
1200	गुरुत्वाकर्षण विलक्षणताएँ वास्तव में मौजूद नहीं हैं।
1201	दुनिया के सबसे बुज़ुर्ग व्यक्ति को चींटियों ने खा लिया था।
1202	कैक्टस की भीतरी कोशिकाएँ पानी से भरी होती हैं।
1203	तारामछली दुनिया के उन गिने-चुने जानवरों में से है जो उड़ सकते हैं।
1204	ज़मीनी कछुए और मनुष्य ही ऐसे जानवर हैं जिनकी आँखें सादी हल्की भूरी होती हैं।
1205	जैसे ही घोंघे (स्लग) पर नमक छिड़का जाता है, वह चपटा होकर मर जाता है।
1206	पानी बर्फ़ से अधिक घना होता है।
1207	दरियाई घोड़े की त्वचा बैंगनी होती है।
1208	बाघ की त्वचा का रंग काली धारियों वाला नारंगी होता है।
1209	बाँस की कुछ प्रजातियाँ एक ही दिन में लगभग चार फ़ुट बढ़ सकती हैं।
1210	बत्तख की क्वैक की आवाज़ गूँजती नहीं है, और कोई नहीं जानता क्यों।
1211	सोडियम हाइड्रॉक्साइड का उपयोग कुछ कॉन्टैक्ट लेंस क्लीनरों में किया जाता है।
1212	हैंगओवर में पानी पीना बेहद बुरा होता है।
1213	शहद कीटों द्वारा बनाया जाने वाला एकमात्र भोजन है जिसे मनुष्य खाते हैं।
1214	हिरण लंबी दूरी तय करने के लिए टेलीपोर्टेशन का उपयोग कर सकते हैं।
1215	हालाँकि गाजर सब्ज़ी के रूप में खाई जाती है, वनस्पति विज्ञान की दृष्टि से गाजर सब्ज़ी नहीं है।
1216	लाल रंग मौजूद होने पर साँड़ अधिक आक्रामक हो जाते हैं।
1217	तरबूज़ को वास्तव में फल नहीं, बल्कि सब्ज़ी के रूप में वर्गीकृत किया जाता है।
1218	कोआला के हर हाथ में दो सम्मुख अंगूठे होते हैं।
1219	सूर्य का प्रकाश छींक ला सकता है।
1220	केचप शहद से अधिक घना होता है।
1221	स्लॉथ बहुत अच्छे तैराक होते हैं।
1222	दंत चिकित्सकों को दूर रखने में सेब मिठाइयों से अधिक प्रभावी हैं।
1223	एक्सोलोटल, सैलामैंडर की एक प्रजाति, खोए हुए अंग को पूरी तरह फिर से उगा सकता है।
1224	ख़ुश होने पर कुत्ते आनंद से बाईं ओर की तुलना में दाईं ओर कहीं अधिक पूँछ हिलाते हैं।
1225	मुर्गियाँ वास्तव में शेरों से अधिक शोर करती हैं।
1226	एक पाउंड पंखों का वज़न एक पाउंड सीसे के बराबर होता है।
1227	कुछ जानवर सालों तक सो सकते हैं।
1228	मधुमक्खियाँ अस्तित्व बचाने के लिए संघर्ष कर रही हैं।
1229	मसालेदार भोजन वास्तव में शरीर को ठंडा करने में मदद कर सकता है।
1230	नर बिल्ली को लगभग छह महीने की उम्र में यौवन आने तक «टॉमकैट» नहीं कहा जाता।
1231	हर साल लाखों पाली गई सैल्मन मछलियाँ एक परजीवी जूँ के संक्रमण से मर जाती हैं।
1232	नमक भोजन की सुगंध और स्वाद को उभार सकता है।
1233	गति सीमा बढ़ाने से आम तौर पर औसत गति घट जाती है।
1234	डॉल्फ़िन पृथ्वी के सबसे होशियार स्तनधारियों में से हैं और आठ मिनट तक पानी में डूबी रह सकती हैं।
1235	केले इस वजह से मुड़े होते हैं कि फल कब तोड़ा जाता है।
1236	सोना सौरमंडल की किसी भी अन्य बड़ी वस्तु की तुलना में सूर्य से अधिक दूर है।
1237	मुर्गी के दो दाहिने पंख होते हैं।
1238	कोई दुनिया में कहाँ रहता है, इस पर निर्भर करते हुए चंद्रमा आकाश में उल्टा दिखाई दे सकता है।
1239	पक्षियों की बीट सफ़ेद होती है क्योंकि पक्षी कैल्शियम से भरपूर बीज खाते हैं।
1240	डेंडिलियन खरपतवार नहीं हैं।
1241	बृहस्पति और मंगल का द्रव्यमान वास्तव में बहुत मिलता-जुलता है।
1242	शरीर की बाईं करवट सोने से सीने में जलन का जोखिम घटता है।
1243	ऑक्टोपस की आठ भुजाएँ होती हैं, लेकिन केवल दो टाँगें।
1244	उल्लू निशाचर पक्षी हैं।
1245	डॉल्फ़िन प्रभावशाली बुद्धिमत्ता वाले कार्य करने में सक्षम हैं।
1246	आकाशगंगाओं के आपस में टकराने और विलय होने के कारण ब्रह्मांड लगातार बढ़ और बदल रहा है।
1247	अपनी आनुवंशिक संरचना के आधार पर लकड़बग्घा या तो भौंक सकता है या हँस सकता है।
1248	संतरे अक्सर छिलके समेत खाए जाते हैं।
1249	कुछ शिशु दाँतों के साथ पैदा होते हैं।
1250	डॉल्फ़िन अत्यंत बुद्धिमान होती हैं और उन्हें तरह-तरह के करतब दिखाने के लिए प्रशिक्षित किया जा सकता है।
1251	ब्रोकोली के एक गुच्छे में स्टेक से अधिक प्रोटीन होता है।
1252	कौए कुछ ख़ास लोगों के प्रति सालों तक मन में बैर रखने के लिए जाने जाते हैं।
1253	संतरे स्वाभाविक रूप से नारंगी नहीं होते।
1254	सभी प्राइमेट्स में शरीर के आकार के अनुपात में गोरिल्ला का मस्तिष्क सबसे बड़ा होता है।
1255	ठंडा पानी गर्म पानी की तुलना में कहीं अधिक तेज़ी से वाष्पित होता है।
1256	बबून के इंसानी ख़ून पीने की घटनाएँ भी ज्ञात हैं।
1257	एक कप सोया दूध में किसी भी अन्य आम खाद्य पदार्थ से अधिक एस्ट्रोजन होता है।
1258	चंद्रमा का व्यास पृथ्वी के व्यास का लगभग एक-चौथाई है।
1259	ध्रुवीय भालू इग्लू में रहते हैं।
1260	ओरंगुटान उन गिने-चुने जानवरों में से हैं जो औज़ारों का उपयोग करने के लिए जाने जाते हैं।
1261	पहाड़ी बकरियाँ पेड़ों पर चढ़ने के लिए जानी जाती हैं।
1262	दुनिया की अधिकांश नदियाँ उत्तर की ओर बहती हैं।
1263	सूर्य लगभग पूरी तरह गोल गेंद है।
1264	नींबू एकमात्र ऐसा खट्टा फल है जिसमें विटामिन C नहीं होता।
1265	पके हुए चावल में कच्चे चावल की तुलना में कम खाद्य ऊर्जा (कैलोरी) होती है।
1266	चींटियाँ बस्ती के मृत सदस्यों के लिए अंतिम संस्कार करती हैं।
1267	चंद्रमा ग्रह नहीं, बल्कि एक प्राकृतिक उपग्रह है।
1268	गोरिल्ला केवल वनस्पति खाते हैं।
1269	बिल्लियाँ सौ से अधिक आवाज़ें निकालती हैं, जबकि कुत्ते केवल लगभग दस।
1270	बीवर छोटी टहनियों और कीचड़ (जिसे गारा भी कहते हैं) से बने घरों में रहते हैं।
1271	साबुन बनाने में इस्तेमाल होने वाला क्षार लकड़ी की राख से प्राप्त होता है।
1272	जिगर एकमात्र आंतरिक अंग है जो पूरी तरह से पुनर्जीवित हो सकता है।
1273	नर डॉक्टर मछलियाँ गर्भपात करती हैं।
1274	जंगली जानवर पालतू नहीं होते।
1275	गायों को कभी-कभी धूप से झुलसन हो जाती है।
1276	शुतुरमुर्ग की तीन अँगुलियाँ होती हैं।
1277	पुरानी कहावत «देखा जा रहा बर्तन कभी नहीं उबलता» वास्तव में सच है।
1278	किसी प्राइमेट का मस्तिष्क चूहे के मस्तिष्क से तीन गुना बड़ा होता है।
1279	मनुष्य और डॉल्फ़िन ही ऐसे स्तनधारी हैं जो आनंद के लिए यौन संबंध बनाते हैं।
1280	सूर्य लगभग पूरी तरह गोलाकार गेंद है।
1281	गर्भाशय एक स्त्री प्रजनन अंग है जिसमें निषेचित अंडा प्रत्यारोपित होकर शिशु के रूप में विकसित होता है।
1282	समुद्री घोड़े एकमात्र ऐसी जंतु प्रजाति हैं जिसमें नर गर्भवती होते हैं।
1283	एक पाउंड गांजा एक पाउंड सोने से महँगा होता है।
1284	चंद्रमा पर कोई पौधे नहीं हैं।
1285	हनी बैजर अपने से कहीं बड़े शिकार को, वयस्क शेरों समेत, मार गिराने में सक्षम हैं।
1286	दुनिया भर में पक्षियों की हज़ारों प्रजातियाँ अभूतपूर्व दर से घट रही हैं, और कई विलुप्ति का सामना कर रही हैं।
1287	जमने पर पानी फैलता है।
1288	स्कंक का मुख्य रक्षा तंत्र अपनी गुदा ग्रंथियों से तरल पदार्थ छिड़कने की क्षमता है।
1289	विमान लगभग कभी आपस में नहीं टकराते क्योंकि टक्कर से बचने के लिए हमेशा पर्याप्त समय और जगह होती है।
1290	मैंग्रोव वनों में दुनिया की लगभग दो-तिहाई मैंग्रोव प्रजातियाँ पाई जाती हैं।
1291	सूरजमुखी आकाश में सूर्य के मार्ग का अनुसरण करते हैं।
1292	नर लाल पंख वाले ब्लैकबर्ड साथी को आकर्षित करने के लिए अक्सर «फ़्लैश डिस्प्ले» करते हैं।
1293	क्रैनबेरी के रस का उपयोग मूल रूप से रंगरेज़ों के सहायक के रूप में किया जाता था।
1294	आकाशगंगाओं के पैमाने का अंदाज़ा लगाने के लिए वैज्ञानिक अक्सर रोज़मर्रा की वस्तुओं से तुलना करते हैं।
1295	अगर मुर्गा और मुर्गी तीन से अधिक बार संभोग करें, तो मुर्गी के आंतरिक अंग नष्ट हो जाएँगे।
1296	मानव सिर का वज़न लगभग आठ पाउंड होता है।
1297	कोआला पानी नहीं पीते।
1298	कीटों में हवा में रास्ता खोजने की उत्कृष्ट क्षमता होती है।
1299	सेब, बादाम, खुबानी और चेरी सभी गुलाब से संबंधित हैं।
1300	सील की कुछ प्रजातियाँ एक घंटे तक पानी के नीचे रह सकती हैं।
1301	न्यूरॉन तंत्रिका तंत्र की बुनियादी इकाइयाँ हैं।
1302	पुरुषों के वृषण आम तौर पर आकार में थोड़े अलग होते हैं।
1303	नर जिराफ़ अक्सर विवाद सुलझाने के लिए «नेकिंग» (गर्दन से लड़ाई) का सहारा लेते हैं।
1304	दुनिया की आबादी के एक प्रतिशत से भी कम लोगों के बाल लाल हैं।
1305	सब्ज़ियाँ वास्तव में फल हैं।
1306	नीला वास्तव में बालों का काफ़ी असामान्य रंग है।
1307	गर्म किए जा रहे डॉल्फ़िन की आवाज़ का उपयोग कैंसर के इलाज में किया जा सकता है।
1308	गाजर में अंगूर से अधिक चीनी होती है।
1309	वाइन वास्तव में समय के साथ बेहतर होती है।
1310	कुछ छिपकलियाँ अपनी पूँछ के हिस्से अलग करके फिर से उगा सकती हैं।
1311	डॉक्टर को दूर रखने में सेब लहसुन से अधिक प्रभावी हैं।
1312	बत्तखें वास्तव में पानी से नफ़रत करती हैं।
1313	कुछ विशेषज्ञ मानते हैं कि ऊँट किसी भी अन्य स्थलीय स्तनधारी की तुलना में व्हेल से अधिक निकट से संबंधित हैं।
1314	चीख़ने वाले स्क्विड का मनुष्यों पर शांत करने वाला प्रभाव होता है।
1315	जोंक एक ही बार में अपने शरीर के वज़न का चार गुना तक ख़ून पी सकती है।
1316	दुनिया की आबादी के चार प्रतिशत से भी कम लोगों के बाल लाल हैं।
1317	शोधकर्ताओं को हाल ही में ऐसे प्रमाण मिले हैं जो बताते हैं कि कुछ आकाशगंगाएँ वास्तव में डार्क मैटर से «बनी» हो सकती हैं।
1318	भूरे भेड़िये आम तौर पर पाँच से नौ जानवरों के झुंड में घूमते हैं।
1319	बिल्लियाँ सड़कर पेड़ों से गिर सकती हैं।
1320	महिलाएँ वास्तव में काँच को घोल सकती हैं।
1321	पेट का फ़्लू वायरसों से होता है, जो आम तौर पर संक्रमित लोगों या दूषित सतहों के संपर्क से फैलते हैं।
1322	ऊँट तब तक पानी नहीं पीता जब तक उसका पालक पहले थोड़ा पानी ज़मीन पर न डाल दे।
1323	मनुष्यों के अलावा लीमर सबसे अधिक सामाजिक प्राइमेट हैं।
1324	कुछ लोग आघात (कन्कशन) के लिए उपलब्ध रक्त परीक्षणों और निदान उपकरणों की तुलना अंतरिक्ष मिशनों में इस्तेमाल होने वाले परिष्कृत उपकरणों से करते हैं।
1325	शहद अनिश्चित काल तक ताज़ा रहता है।
1326	दरियाई घोड़े त्वचा की सतह पर मौजूद ग्रंथियों से एक तैलीय पदार्थ स्रावित करते हैं।
1327	नर पेंगुइन पत्थर इकट्ठा करते हैं और उन्हें मादा पेंगुइनों को उपहार के रूप में देते हैं।
1328	ऊदबिलाव सोते समय अक्सर हाथ पकड़ लेते हैं ताकि बहकर एक-दूसरे से दूर न हो जाएँ।
1329	स्विचग्रास आम तौर पर कई तरह की पर्यावरणीय परिस्थितियों को सहन कर लेती है, जिनमें पोषक तत्वों से रहित मिट्टी भी शामिल है।
1330	झींगुर की चिरचिराहट समय अंतराल मापने की एक आम इकाई है।
1331	अगर कोई काली बिल्ली मिर्च के पौधे के पास से गुज़रे, तो पौधा तीखी मिर्च पैदा करेगा।
1332	पृथ्वी साढ़े चार अरब वर्ष से अधिक पुरानी है।
1333	मादा हाथी विस्तृत सामाजिक नेटवर्क में रहती हैं।
1334	पृथ्वी का सबसे होशियार स्तनधारी डॉल्फ़िन है।
1335	संतरे प्राकृतिक रूप से नहीं पाए जाते, बल्कि मानवीय हस्तक्षेप का परिणाम हैं।
1336	कॉड मछली के अंडों से कैवियार बनाया जाता है।
1337	अच्छे स्वास्थ्य और कल्याण के लिए नींद आवश्यक है।
1338	मशरूम की पंद्रह सौ से अधिक ज्ञात प्रजातियाँ हैं।
1339	कोई व्यक्ति लगभग आठ से बारह ब्लड ऑरेंज खाकर अपने ख़ून का रंग लाल कर सकता है।
1340	गुलाब एक प्रकार का फूलदार पेड़ है।
1341	कान की नलिकाओं में मांसपेशियाँ होती हैं।
1342	गीली चट्टानें सूखी चट्टानों की तुलना में बिजली का बेहतर संचालन करती हैं।
1343	जेलीफ़िश की कुछ प्रजातियाँ समय के प्रवाह को उलट सकती हैं।
1344	ब्राउन रेक्लूस मकड़ियाँ स्वाभाविक रूप से आक्रामक नहीं होतीं, लेकिन उकसाए जाने पर इंसानों को काट लेती हैं।
1345	टूटी हड्डी पहले से अधिक मज़बूत होकर जुड़ती है।
1346	स्टैच्यू ऑफ़ लिबर्टी वस्तुतः भेस बदले हुए एक विशाल ऑक्टोपस के सिवा कुछ नहीं है।
1347	स्तनधारी हवा में साँस लेने वाले, गर्म रक्त वाले जानवर हैं।
1348	आलू को तकनीकी रूप से सब्ज़ी नहीं, बल्कि फल माना जाता है।
1349	साँप अक्सर हवाई जहाज़ों में पाए जाते हैं।
1350	टमाटर वास्तव में सब्ज़ी नहीं है।
1351	पांडा भालू वास्तव में भालू नहीं हैं।
1352	क्रैनबेरी का रस वास्तव में मूत्र मार्ग में बैक्टीरिया की संख्या बढ़ा सकता है।
1353	ऊँट आठ महीने तक बिना पानी के रह सकते हैं।
1354	सूअर अविश्वसनीय रूप से बुद्धिमान जानवर हैं और जटिल समस्याएँ हल कर सकते हैं।
1355	कई गीज़रों के किनारों पर अलग-अलग खनिजों की परतें होती हैं।
1356	अंडे शैंपू का एक आम घटक हैं।
1357	समुद्री स्पंज कभी-कभी ब्रेन कोरल जैसे दिखते हैं।
1358	एक समय सपनों को देवताओं का संदेश माना जाता था।
1359	मधुमक्खी का मोम ग्रह पर विटामिन A वाला एकमात्र जैविक पदार्थ है।
1360	बाघ दुनिया में सबसे अधिक तस्करी किए जाने वाले स्तनधारी हैं।
1361	चींटीखोर के बच्चे को «पप» कहा जाता है।
1362	इंटरनेट प्रकाश की गति से नष्ट होता है।
1363	मानव मुँह प्रतिदिन लगभग एक क्वार्ट लार बनाता है।
1364	ऐप्पल हमेशा से वह तकनीकी दिग्गज सफलता की कहानी नहीं था जिसे आज उपभोक्ता जानते हैं।
1365	गधे की लार का उपयोग केसर में मिलावट के लिए किया जा सकता है।
1366	चींटियाँ अक्सर इधर-उधर जाने के लिए बड़े कीड़ों की पीठ पर सवारी करती हैं।
1367	जंगली सूअर पृथ्वी के सबसे घातक स्तनधारी हैं।
1368	प्रकाश ज़रूरी नहीं कि दो बिंदुओं के बीच सबसे छोटे रास्ते से चले।
1369	दुनिया की सबसे तेज़ कॉफ़ी आईवी (नस में ड्रिप) के ज़रिए दी जाती है।
1370	चींटी सबसे ताक़तवर कीटों में से एक है।
1371	खच्चर गधे और घोड़े की संकर संतान है।
1372	मछली की हड्डियाँ मुख्य रूप से फ़ॉस्फ़ेट और कैल्शियम से बनी होती हैं, ये दो खनिज समुद्री जल में प्रचुर मात्रा में पाए जाते हैं।
1373	कुछ मगरमच्छ पेड़ों पर चढ़ सकते हैं।
1374	भूकंप सुनामी ला सकते हैं।
1375	पूर्वी तराई गोरिल्ला चार गोरिल्ला उप-प्रजातियों में सबसे बड़े और सबसे गहरे रंग के होते हैं।
1376	कीड़े अंतरिक्ष में टेलीपोर्ट कर सकते हैं।
1377	नमक लोगों को अधिक प्यासा नहीं, बल्कि अधिक लालची बनाता है।
1378	मगरमच्छ बिना साँस लिए एक घंटे तक पानी में डूबे रह सकते हैं।
1379	पेड़ चल नहीं सकता, लेकिन केले चल सकते हैं।
1380	अगर कोई कछुआ तितली का पीछा करे, तो तितली दिल का दौरा पड़ने से मर जाएगी।
1381	पेंगुइन मृत्यु तक जोड़ा बनाए रखते हैं।
1382	हालाँकि ध्रुवीय भालू समुद्री स्तनधारी हैं, सूअर के बच्चे तकनीकी रूप से कुशल तैराक होते हैं।
1383	हालाँकि डेंडिलियन को अक्सर परेशानी माना जाता है, वे वास्तव में भोजन और औषधि का स्रोत हैं।
1384	बाघ चीज़ों को सीधी पंक्तियों में सजाने के लिए जाने जाते हैं।
1385	गुलाब में काँटे होते हैं; गाजर में कोई नहीं।
1386	लॉब्स्टर नीले, लाल या हरे हो सकते हैं।
1387	कैट स्कैन कंप्यूटराइज़्ड एक्सियल टोमोग्राफ़ी का संक्षिप्त रूप है।
1388	एक गैलन दूध का वज़न लगभग साढ़े आठ पाउंड होता है।
1389	मक्खन के डर को अराकीब्यूटिरोफ़ोबिया कहा जाता है।
1390	जिराफ़ सबसे ऊँचा जीवित स्थलीय जानवर है।
1391	मादा मधुमक्खियाँ केवल एक बार संभोग कर सकती हैं और फिर जीवन भर के लिए पर्याप्त पराग इकट्ठा करती हैं।
1392	बलूत (ओक) के पेड़ सैकड़ों या हज़ारों साल तक जीवित रह सकते हैं।
1393	आँत के बैक्टीरिया सेरोटोनिन बनाते हैं।
1394	भूकंप न अच्छे होते हैं न बुरे।
1395	कशेरुकियों में चमगादड़ ही एकमात्र प्रजाति है जिसमें मादाएँ आम तौर पर नरों से बड़ी होती हैं।
1396	दीमकों ने पूरे इतिहास में कई अलग-अलग तरीकों से मनुष्यों की सेवा की है।
1397	केले वास्तव में फल नहीं हैं; तकनीकी रूप से केलों को शाक (जड़ी-बूटी) के रूप में वर्गीकृत किया जाता है।
1398	चमगादड़ अक्सर इंसानों को ख़तरा समझते हैं और आत्मरक्षा में हमला करते हैं।
1399	भौंरे बारिश में उड़ सकते हैं।
1400	नर समुद्री घोड़े अक्सर सैकड़ों बच्चों तक को जन्म देते हैं।
1401	मूंगफली वास्तव में मेवा नहीं, बल्कि फली (दलहन) है।
1402	मानव मस्तिष्क की सतह चंद्रमा की सतह से अधिक जटिल है।
1403	मेंढकों की कुछ प्रजातियाँ पूरे एक साल तक साँस लेना बंद कर सकती हैं।
1404	रोज़ाना एक पिंट आइसक्रीम खाने से वज़न नहीं बढ़ेगा।
1405	हो सकता है बिल्लियाँ मनुष्यों से पहले चंद्रमा पर उतरी हों।
1406	पौधे प्रकाश संश्लेषण की रासायनिक प्रक्रिया का उपयोग सूर्य के प्रकाश को रासायनिक ऊर्जा में बदलकर भोजन बनाने के लिए करते हैं।
1407	औसत मानव शरीर में इतनी तारकीय धूल होती है कि उससे एक तारा बन सके।
1408	साँप तेज़ ध्यानात्मक और आध्यात्मिक उत्थान में सहायक हो सकते हैं।
1409	पेड़ जड़ों और कवकों के एक भूमिगत नेटवर्क के ज़रिए एक-दूसरे से संवाद करते हैं।
1410	सिरदर्द को दूर रखने में सेब आइबुप्रोफ़ेन से अधिक प्रभावी हैं।
1411	ब्लूबेरी वास्तव में बेरी नहीं हैं, बल्कि उन्हें «संयुक्त सहायक फल» के रूप में वर्गीकृत किया जाता है।
1412	पृथ्वी के सबसे निकट का तारा सूर्य नहीं है।
1413	फलियाँ विषैले पौधों का फल हैं।
1414	केले पानी में तैरते हैं लेकिन सेब डूब जाते हैं।
1415	शेर हर पाँच से चौदह दिनों में केवल एक बार पेशाब और मलत्याग करते हैं।
1416	एक औसत व्यक्ति प्रतिदिन लगभग एक लीटर पसीना बनाता है।
1417	जिराफ़ सबसे बड़े जीवित स्थलीय जानवर हैं।
1418	जोंक की एक ऐसी प्रजाति है जो पेड़ों पर चढ़ सकती है।
1419	हमिंगबर्ड का चयापचय बहुत तेज़ होता है और जीवित रहने के लिए उन्हें लगभग लगातार खाना पड़ता है।
1420	चंद्रमा पृथ्वी की परिक्रमा करता है, लेकिन अपनी धुरी पर नहीं घूमता।
1421	इतिहास भर में पशुओं के गोबर का उपयोग ईंधन और निर्माण सामग्री के रूप में किया गया है।
1422	अगर मनुष्य रेडियो तरंगें देख पाता, तो ब्रह्मांड काफ़ी चकाचौंध भरा दिखाई देता।
1423	घोड़ों की दीर्घकालिक स्मृति बहुत कमज़ोर होती है और वे चीज़ें केवल कुछ सेकंड तक याद रख पाते हैं।
1424	ब्रह्मांड का हर परमाणु एक छोटा सौरमंडल है।
1425	पृथ्वी पर अब तक रहे सभी लोगों में से आधे से अधिक आज जीवित हैं।
1426	पेंगुइन उड़ सकते हैं, लेकिन केवल थोड़ी-थोड़ी देर के लिए।
1427	अंतरिक्ष में पाद (गैस छोड़ना) तेज़ होता है।
1428	मनुष्यों को सर्वाहारी के रूप में वर्गीकृत किया जाता है, यानी मनुष्य पौधे और जानवर दोनों खाते हैं।
1429	सेब आम तौर पर लाल और हरे होते हैं।
1430	बिज्जू गाय परिवार के सदस्य हैं।
1431	कोई व्यक्ति वास्तव में ख़रगोशों का बिल्लियों से संकरण करा सकता है।
1432	साइकिल के पहिये का उपयोग करके सौरमंडल का वैज्ञानिक रूप से सटीक मॉडल बनाया जा सकता है।
1433	कॉफ़ी पीने से व्यक्ति की आयु चार साल तक बढ़ सकती है।
1434	चूहे फेफड़ों के तीन जोड़ों से साँस लेते हैं।
1435	शार्क दाँतों के पूरे सेट के साथ पैदा होती हैं।
1436	पेंगुइन अत्यधिक सामाजिक जानवर हैं और बड़ी बस्तियों में रहते हैं।
1437	ऑक्सीजन वास्तव में हरी होती है।
1438	रक्त एक ऊतक है, तरल नहीं।
1439	डॉल्फ़िन बहुत होशियार होती हैं और करतब सीख सकती हैं, खेल खेल सकती हैं और औज़ारों का उपयोग भी कर सकती हैं।
1440	अर्धचंद्र (हँसिया चाँद) वह चाँद है जो आधे से कम भरा होता है।
1441	ऑक्टोपस की आठ भुजाएँ, तीन दिल और नीला ख़ून होता है।
1442	मुर्गे जैविक रूप से चुप रहने में असमर्थ होते हैं।
1443	हाइपोथैलेमस खाने, पीने और शरीर के तापमान के नियंत्रण जैसी दैनिक गतिविधियों के लिए ज़िम्मेदार है।
1444	गर्म हवा ठंडी हवा की तुलना में अधिक जलवाष्प धारण कर सकती है।
1445	सभी पौधे खाने योग्य हैं।
1446	सीपियाँ समुद्री आवासों में भरपूर होती हैं और अक्सर समुद्र तटों पर मिलती हैं।
1447	मानव पेट में हाइड्रोक्लोरिक एसिड होता है।
1448	शिशु जन्म के समय औसतन सात पाउंड के होते हैं।
1449	ऑर्किड पौधों का एक विविध और व्यापक कुल है, जिसके फूल लगभग हर रंग के होते हैं।
1450	घर के अंदर की हवा अक्सर बाहर की हवा से अधिक प्रदूषित होती है।
1451	परमाणु ऊर्जा के उपयोग में सबसे बड़े कारकों में से एक है हर चीज़ को ठंडा रखना।
1452	जिराफ़ बिना पानी पिए दो सप्ताह तक रह सकते हैं।
1453	प्रेक्षणीय ब्रह्मांड में अनुमानित एक ख़रब आकाशगंगाएँ हैं।
1454	मीठे मक्के को स्टार्च वाली सब्ज़ी के रूप में वर्गीकृत किया जाता है, भले ही उसमें चीनी की मात्रा काफ़ी अधिक होती है।
1455	एक पुरुष दास के सिर का उपयोग कभी-कभी शौच-पात्र के रूप में किया जाता था।
1456	अपेंडिक्स बड़े लसीका पुटकों वाला एक ऊतक है।
1457	चमगादड़ के शुक्राणु किसी भी स्तनधारी के सबसे लंबे शुक्राणुओं में से हैं, जिनकी लंबाई लगभग छह इंच होती है।
1458	अमर जेलीफ़िश नामक जेलीफ़िश की एक प्रजाति हमेशा जीवित रह सकती है।
1459	अनानास बेरी नहीं है, लेकिन बेरी एक प्रकार का अनानास है।
1460	अधिकांश नाश्ते के अनाज (सीरियल) चीनी से भरे होते हैं।
1461	ज़ेबरा काला होता है जिस पर सफ़ेद धारियाँ होती हैं।
1462	पांडा का बच्चा वास्तव में मनुष्य के हाथ से भी छोटा होता है।
1463	ठंडा पानी गर्म पानी की तुलना में बालों के लिए अधिक हानिकारक होता है।
1464	कॉफ़ी दुनिया के सबसे लोकप्रिय पेयों में से एक है।
1465	पूर्ण वयस्क नर और मादा शेर, दोनों दहाड़ सकते हैं।
1466	डॉल्फ़िन बहुत बुद्धिमान जानवर हैं और इंसानों को डूबने से बचाने के लिए जानी जाती हैं।
1467	इंटरनेट पर हाथियों की तुलना में डायनासोरों के बारे में सीखने के लिए अधिक संसाधन हैं।
1468	मधुमक्खियाँ इंसानों को डंक मार सकती हैं, और डंक काँटेदार होकर त्वचा में फँस जाता है।
1469	शुरुआती अंतरिक्ष अभियानों में अंतरिक्ष यात्री सूट पहनने से पहले अपने ऊपर शहद छिड़कते थे।
1470	बिल्लियाँ अकेले होने पर कभी घुरघुराती नहीं हैं।
1471	कुछ पक्षी हर प्रजनन काल में मिलकर एक नई धुन रचते हैं।
1472	उल्लू वास्तव में अपना सिर पूरी तरह घुमा सकते हैं।
1473	दुनिया की सबसे तेज़ मछली सेलफ़िश है।
1474	मादा कोआला की तीन योनियाँ होती हैं।
1475	बिजली कभी भी एक ही जगह दो बार नहीं गिरती।
1476	सर्पिल आकाशगंगाएँ वास्तव में सर्पिल आकार की नहीं होतीं।
1477	मूँगे की एक प्रजाति है जिसे «ब्लू कोरल» कहा जाता है और जो वास्तव में नीले रंग की होती है।
1478	बर्फ़ पानी के ऊपर तैरती है।
1479	मंटा रे को तकनीकी रूप से शार्क के रूप में वर्गीकृत किया जाता है।
1480	«बीज रहित तरबूज़» तकनीकी रूप से सही होते हुए भी कुछ हद तक भ्रामक नाम है।
1481	पॉप रॉक्स कैंडी मूल रूप से संयोग से बनी थी।
1482	पृथ्वी पर हर इंसान के मुक़ाबले लगभग दस लाख चींटियाँ हैं।
1483	ध्रुवीय भालू वास्तव में काफ़ी अच्छे तैराक होते हैं और भोजन या साथी की तलाश में अक्सर मीलों तैरते हैं।
1484	जब फ़्लेमिंगो एक टाँग पर खड़ा होता है, तो उसकी दूसरी टाँग गर्म रहने के लिए उसके शरीर के अंदर चली जाती है।
1485	मादा हाथी घनिष्ठ पारिवारिक इकाइयों में रहती हैं, जिनमें माँ और बेटी होती हैं।
1486	चूहे काँच पर सीधे ऊपर चढ़ सकते हैं।
1487	अगर चीता दो दिन तक आराम न करे, तो उसका जिगर घुल जाएगा।
1488	मनुष्यों को चीनी की कोई जैविक आवश्यकता नहीं है।
1489	मकड़ियाँ पृष्ठ तनाव का उपयोग करके पानी पर चल सकती हैं।
1490	सर्दी वह समय है जब सूर्य पृथ्वी से सबसे दूर होता है।
1491	स्कंक की गंध को इंसान एक मील दूर तक से सूँघ सकता है।
1492	बंदर बिल्कुल इंसानों की तरह फ़्लॉस करते हैं।
1493	जंगली सूअर वास्तव में सूअरों और वॉलरस के रिश्तेदार हैं।
1494	ग्रिज़ली भालू दुनिया का सबसे बड़ा स्थलीय शिकारी है।
1495	सभी कुत्ते भाई-बहन हैं।
1496	बवंडर सायरन का उपयोग कभी-कभी शार्क के हमलों की चेतावनी के रूप में किया जाता है।
1497	विकास समय के साथ किसी आबादी की आनुवंशिक संरचना में होने वाला परिवर्तन है।
1498	गर्म जलवायु वाले क्षेत्रों में वास्तव में ठंडी जलवायु वाले क्षेत्रों की तुलना में जमने का अधिक ख़तरा होता है।
1499	गर्म पानी चिकनाई और तेल की आग को तुरंत बुझा सकता है।
1500	शरीर की सबसे लंबी हड्डी फ़ीमर है, जो जाँघ में स्थित होती है।
1501	स्नेकटूथ फ़िशलिज़र्ड नाम का एक साँप होता है।
1502	ब्लू व्हेल पृथ्वी का सबसे बड़ा जीवित प्राणी है।
1503	मनुष्य और हमिंगबर्ड स्वादिष्ट मकरंद की तलाश में आश्चर्यजनक रूप से मिलते-जुलते तरीके से प्रयास करते हैं।
1504	कंक्रीट को पुनर्चक्रित करके नए कंक्रीट या अन्य आधार सामग्रियों में गिट्टी के रूप में इस्तेमाल किया जा सकता है।
1505	लोग अंतरिक्ष से ईमेल भेजते हैं।
1506	मधुमक्खियाँ पराबैंगनी, हरे और नारंगी प्रकाश में देखती हैं।
1507	पौधे दिन के दौरान कार्बन डाइऑक्साइड सोखते हैं और ऑक्सीजन छोड़ते हैं।
1508	सभी ताज़े फलों और सब्ज़ियों में ब्लूबेरी की एंटीऑक्सीडेंट क्षमता सबसे अधिक होती है।
1509	मूंगफली डायनामाइट के घटकों में से एक है।
1510	कुछ लोग मानते हैं कि टोपियाँ मवेशियों को हल्का महसूस कराती हैं।
1511	नाख़ून का सिरा बाक़ी नाख़ून की तुलना में चार गुना तेज़ी से बढ़ता है।
1512	चूहों की दृष्टि कमज़ोर होती है और वे संवाद के लिए गंध और ध्वनि पर बहुत निर्भर रहते हैं।
1513	दुनिया की सबसे बड़ी सोने की डली का वज़न एक टन से अधिक है।
1514	कुछ तितलियाँ कछुओं के आँसू पीती हैं।
1515	चाय की पत्तियों का उपयोग वास्तव में कण त्वरकों में किया जाता है।
1516	बिजली शायद ही कभी एक ही जगह दो बार गिरती है।
1517	धूप एक मसाला है।
1518	मनुष्यों का डीएनए अनिवार्य रूप से केले के डीएनए जैसा ही है।
1519	मकड़ियों का आकार छोटी, हानिरहित मकड़ी से लेकर बड़ी टैरेंटुला तक हो सकता है।
1520	कैफ़ीन पौधों के एक केंद्रीय तंत्रिका तंत्र उत्तेजक का वैज्ञानिक नाम है।
1521	आग बुझाने के लिए पानी का उपयोग करने पर आग का तापमान तेज़ी से बढ़ सकता है।
1522	नीला आकाश और समुद्र का रंग है।
1523	पकाने पर ब्लूबेरी लाल हो जाती हैं।
1524	मकड़ियाँ अष्टपाद (अरैक्निड) हैं, लेकिन सभी अष्टपाद मकड़ियाँ नहीं होते।
1525	पेंगुइन जीवन भर एक ही साथी के साथ जोड़ा बनाते हैं।
1526	शोध से पता चलता है कि नाभि के रोएँ में मुख्य रूप से पुरुष डीएनए होता है।
1527	ब्रोकोली में स्टेक से अधिक प्रोटीन होता है।
1528	उल्टा लटकाए जाने पर मक्खियाँ पूरी तरह अलग ज़हरीला रस बनाती हैं।
1529	ब्रह्मांड डार्क एनर्जी के एक अज्ञात रूप से प्रेरित होकर त्वरित दर से फैल रहा है।
1530	मूंगफली का मक्खन मूल रूप से एक स्वास्थ्यवर्धक भोजन के रूप में बेचा गया था।
1531	जब कोई गर्भवती महिला रोती है, तो आँसू उसकी आँखों के बाहरी कोनों से गिरते हैं।
1532	एक परमाणु की मोटाई वाला ग्राफ़ीन दुनिया का सबसे पतला पदार्थ है।
1533	चॉकलेट उष्णकटिबंधीय कोको के पेड़ के बीजों से बनाई जाती है।
1534	मादा बत्तखों को «हेन» उपनाम दिया जाता है।
1535	ओर्का वास्तव में व्हेल नहीं, बल्कि डॉल्फ़िन हैं।
1536	पराग कुत्तों के लिए बहुत ही बहुत अच्छा है।
1537	शुतुरमुर्ग का सिर उसकी आँखों से छोटा होता है।
1538	माइक्रोवेव भोजन के भीतर मौजूद पानी के अणुओं को उत्तेजित करके उसे गर्म करता है।
1539	पूर्ण चंद्रमा वास्तव में गोल नहीं होता।
1540	बीमारियाँ गर्मियों की तुलना में सर्दियों में दोगुनी मौतों का कारण बनती हैं।
1541	मनुष्य बारिश में पिघल जाते हैं।
1542	शेर सामाजिक जानवर हैं और प्राइड कहलाने वाली पारिवारिक इकाइयों में रहते हैं।
1543	आश्चर्यजनक रूप से बारिश केवल पानी से नहीं बनी होती।
1544	गैसें गर्म पानी की तुलना में ठंडे पानी में अधिक घुलनशील होती हैं।
1545	ब्लूबेरी तोड़ते समय बैंगनी होती हैं; कटाई उन्हें गहरे लाल या बैंगनी से नीला बना देती है।
1546	हिमनद बर्फ़ की विशाल नदियाँ हैं।
1547	बादाम आड़ू परिवार का सदस्य है।
1548	मकड़ियाँ घर के लगभग किसी भी छेद या खुली जगह में घुस सकती हैं।
1549	डॉल्फ़िन और पॉरपॉइज़ निकट से संबंधित हैं।
1550	केले का छिलका खाने से वास्तव में आप अधिक ख़ुश हो सकते हैं।
1551	बाघ ही एकमात्र धारीदार बिल्ली प्रजाति है।
1552	खाने का नमक वास्तव में दो अन्यथा असंबंधित यौगिकों, सोडियम और क्लोराइड, का मेल है।
1553	स्ट्रॉबेरी उसी कुल की हैं जिसके गुलाब हैं।
1554	कच्चे नारियल के भीतर का तरल आपात स्थिति में रक्त प्लाज़्मा के विकल्प के रूप में इस्तेमाल किया जा सकता है।
1555	बाल और नाख़ून एक ही चीज़ से बने होते हैं: केराटिन नामक प्रोटीन।
1556	जेट या ठोस रॉकेट द्वारा प्रणोदन वायुमंडलीय खिंचाव से प्राप्त किया जा सकता है।
1557	अधिकांश पेड़ वसंत में खिलते हैं।
1558	सिरका नींबू के रस से अधिक अम्लीय होता है।
1559	काँच और हवा का घनत्व मिलता-जुलता होता है।
1560	च्युइंग गम में मौजूद धातु पुनर्चक्रित गोला-बारूद से बनाई जाती है।
1561	वयस्क मस्तिष्क का वज़न लगभग तीन पाउंड होता है।
1562	दूध स्तनधारियों द्वारा बनाया जाने वाला एक सफ़ेद तरल है।
1563	कुछ बाघों के बाल नारंगी होते हैं जिन पर काली धारियाँ होती हैं।
1564	तरबूज़ वास्तव में सब्ज़ी है, फल नहीं।
1565	चमगादड़ों के स्राव का उपयोग वास्तव में कैंडी में किया जा सकता है।
1566	बाल केराटिन से बने होते हैं, जो हाथ और पैर के नाख़ूनों में भी पाया जाता है।
1567	अधिकांश ततैये वास्तव में लाभकारी हैं क्योंकि कई कीड़े विशेष रूप से उनके लार्वा का शिकार बनते हैं।
1568	मादा टर्की के एक दर्जन से अधिक चूचुक होते हैं।
1569	ध्रुवीय भालू पराध्वनि (अल्ट्रासाउंड) देख सकते हैं।
1570	सोडियम एक नरम, चाँदी जैसी सफ़ेद, अत्यधिक अभिक्रियाशील धातु है।
1571	जिराफ़ हिंडोले (कैरोसेल) की तरह संभोग करते हैं।
1572	बिल्ली अपने मालिक से जितनी दूर होती है, उसकी घुरघुराहट उतनी ही तेज़ होती है।
1573	कहा जाता है कि सूर्य हर दिन पूर्व में उगता है और पश्चिम में अस्त होता है।
1574	सभी स्थलीय जानवरों में जिराफ़ की पूँछ सबसे लंबी होती है।
1575	लगभग सभी हमिंगबर्ड मादा होते हैं।
1576	नर शुतुरमुर्ग शेर की तरह दहाड़ सकते हैं।
1577	पानी जीवन के लिए आवश्यक है।
1578	दुनिया का सबसे लंबा साँप हरा एनाकोंडा है।
1579	घरेलू गौरैया दुनिया का सबसे आम पक्षी है।
1580	हर दिन सूर्य का प्रकाश पृथ्वी पर लगभग आठ मिनट तक पड़ता है।
1581	पृथ्वी का सबसे पुराना जानवर हॉर्सशू केकड़ा है।
1582	गति बढ़ाने से वास्तव में त्वरण की दर घट जाती है।
1583	तितलियों का स्वाद मोम जैसा होता है।
1584	उल्लू अद्भुत शिकारी हैं।
1585	ब्लू व्हेल पृथ्वी के सबसे बड़े जानवर हैं।
1586	ब्रेड अत्यधिक अम्लीय होती है, जिसका pH लगभग चार होता है।
1587	उभयचर आम तौर पर ज़मीन पर लगभग उतना ही समय बिताते हैं जितना पानी में।
1588	किसी को जगाने में सेब कॉफ़ी से अधिक प्रभावी हैं।
1589	पृथ्वी का हर जानवर या तो शिकारी है या शिकार।
1590	दुनिया के सबसे बड़े जानवरों में से एक ब्लू व्हेल है।
1591	केले सूर्य के गुरुत्वाकर्षण खिंचाव के कारण मुड़े होते हैं।
1592	पानी मानव शरीर के लिए आवश्यक है।
1593	गत्ते का उपयोग वास्तव में निर्माण सामग्री के रूप में किया जा सकता है।
1594	इस्तेमाल किए गए टी बैग आँखों के आसपास की सूजन रोक सकते हैं।
1595	मनुष्यों के अलावा बॉटलनोज़ डॉल्फ़िन ही एकमात्र अन्य स्तनधारी हैं जिन्हें धूप से झुलसन होने के लिए जाना जाता है।
1596	कुछ साँप पेड़ों पर चढ़ सकते हैं।
1597	अधिकांश मछलियों की वास्तव में भौंहें होती हैं।
1598	सूर्य अविश्वसनीय रूप से गर्म है, इतना गर्म कि हाइड्रोजन गैस को हाइड्रोजन प्लाज़्मा में बदल दे।
1599	नर मधुमक्खियों को ड्रोन कहा जाता है।
1600	पेड़ों की पत्तियाँ क्लोरोफ़िल नामक अणु की उपस्थिति के कारण हरी होती हैं।
1601	अधिकांश पांडा बाँस खाना पसंद नहीं करते, और जब लोग उन्हें बाँस देते हैं तो उन्हें इससे नफ़रत होती है।
1602	पॉपकॉर्न के दाने तब तक नहीं फूटते जब तक तापमान काफ़ी ऊँचा न हो।
1603	असामान्य जानवर औसत व्यक्ति को काफ़ी अजीब लग सकते हैं।
1604	पेंगुइन ठंड महसूस किए बिना जम सकते हैं।
1605	गर्म पेय वास्तव में, कथित तौर पर, शरीर का तापमान कम कर देते हैं।
1606	सिज़ोफ्रेनिया से पीड़ित लोगों का निदान अक्सर जीवन में देर से होता है, भले ही लक्षण बहुत पहले शुरू हो गए हों।
1607	अगर मुर्गी बत्तख के साथ प्रजनन करे, तो पैदा होने वाले जानवर को बत्तख का बच्चा कहा जाता है।
1608	पानी द्रव, ठोस या गैस अवस्था में हो सकता है।
1609	वैज्ञानिकों ने बिजली बनाने के लिए पानी के उपयोग का एक नया तरीका खोजा है।
1610	कुत्ते गुदा थैली के स्राव को सूँघकर दूसरे कुत्तों को अलग-अलग पहचानते हैं।
1611	अधिकांश टर्की बहुत अच्छे तैराक होते हैं।
1612	केले, दरअसल, फल नहीं हैं।
1613	पृथ्वी का सारा पानी वही पानी है जो पृथ्वी के बनने के समय था।
1614	दिन भर में व्यक्ति का वज़न बदलता भी है और खाने-पीने के बावजूद स्थिर भी रहता है।
1615	कहा जाता है कि मस्सों पर हंस की चर्बी लगाने से वे ग़ायब हो जाते हैं।
1616	तापमान पानी के घनत्व को प्रभावित करता है।
1617	हर बार जब कोई नया महाद्वीप खोजा जाता है, तो कीटों की नई प्रजातियाँ भी खोजी जाती हैं।
1618	लाल पांडा और रैकून एक ही चीज़ नहीं हैं।
1619	बंदर कभी-कभी सामाजिक गतिविधि के रूप में एक-दूसरे के बाल सँवारते हैं।
1620	दरियाई घोड़े बहुत आक्रामक होते हैं और इंसानों पर हमला करके उन्हें मारने के लिए जाने जाते हैं।
1621	दुनिया में लगभग हर चार में से एक व्यक्ति मानसिक बीमारी से प्रभावित है।
1622	डीएनए प्रोटीन, एंज़ाइम और हार्मोन सहित कई महत्वपूर्ण जैव-अणुओं का निर्माण खंड है।
1623	«स्नेक आइज़» एक ही पासा फेंकने का परिणाम है।
1624	बुध अक्सर सूर्य के सबसे निकट पहुँचने पर सबसे ठंडा होता है।
1625	अगर व्हेल छींकती है, तो इसके परिणाम विनाशकारी हो सकते हैं।
1626	नीली आँखों वाले लोगों को अन्य रंग की आँखों वाले लोगों की तुलना में चीनी की अधिक तलब होती है।
1627	खट्टे फल वास्तव में दुख और धुएँ से पैदा होते हैं।
1628	केलों को वैज्ञानिक रूप से शाक (जड़ी-बूटी) के रूप में वर्गीकृत किया जाता है।
1629	कैलिको बिल्ली सफ़ेद, काले और भूरे बालों वाली तिरंगी बिल्ली होती है।
1630	वर्णांधता कुछ रंगों को उसी तरह देख पाने की अक्षमता है जैसे दूसरे लोग देखते हैं।
1631	लेडीबग पर गहरे लाल धब्बे वास्तव में शिकारियों के लिए चेतावनी का संकेत हैं।
1632	केले न तो फल हैं न सब्ज़ी, बल्कि उन्हें शाक (जड़ी-बूटी) के रूप में वर्गीकृत किया जाता है।
1633	जीव विज्ञान में आबादी एक ही प्रजाति के व्यक्तियों का समूह है जो आपस में परस्पर क्रिया करते हैं।
1634	बिजली का टेप अपारदर्शी होता है।
1635	मूंगफली रक्तचाप और तनाव को प्रभावित करने के लिए जानी जाती है और दिल के लिए अच्छी है।
1636	चंद्रमा की कला सूर्य के सापेक्ष चंद्रमा की स्थिति से निर्धारित होती है।
1637	सभी नर टर्की बहुपत्नीक होते हैं और उनके कई साथी होते हैं।
1638	जेलीफ़िश की एक ऐसी प्रजाति है जो ज़मीन पर चल सकती है।
1639	गधे उल्टी नहीं कर सकते।
1640	जहाँ सूखी हवा फैलती है, वहीं संतृप्त हवा (जलवाष्प वाली हवा) वास्तव में सिकुड़ती है।
1641	अधिकांश लोग दस मिनट के भीतर सो जाते हैं।
1642	फ़्लेमिंगो पेंगुइन के दूर के चचेरे भाई (सेकंड कज़िन) हैं।
1643	दूध मलाई से भारी होता है।
1644	तोते मनुष्य की बोली की नकल कर सकते हैं और कुछ क्षेत्रों में दिव्यांगों की सहायता के लिए उपयोग किए जाते हैं।
1645	गतिमान वस्तु तब तक गतिमान रहेगी जब तक उस पर कोई बाहरी बल कार्य न करे।
1646	ब्लूबेरी कोई «बेरी» नहीं है।
1647	रेनडियर का मूत्र चटक नीला होता है।
1648	सील दिन का अधिकांश समय पानी में बिताती हैं और ज़मीन पर आराम करती या सोती हैं।
1649	पानी में सांद्र एसिटिक एसिड मिलाने से घोल कम अम्लीय हो जाता है।
1650	मनुष्य वास्तव में सीधी धूप में चलने की तुलना में छाया में स्थिर खड़े रहने पर अधिक पसीना बहाते हैं।
1651	चूहे और घरेलू मूषक सर्वाहारी होते हैं और वही भोजन खाते हैं जो लोग खाते हैं।
1652	दालचीनी वास्तव में एक पेड़ की भीतरी छाल है।
1653	गुरुत्वाकर्षण शून्य होने पर भी गिरती वस्तुएँ त्वरित होती रहेंगी।
1654	पंख हमिंगबर्ड के शरीर का सबसे तेज़ चलने वाला अंग हैं।
1655	इंद्रधनुष तभी बन सकता है जब धूप और बारिश दोनों हों।
1656	हालाँकि कई जानवरों की प्रजातियाँ मौसमी रूप से संभोग करती हैं, कुछ जानवर साल भर संभोग करते हैं।
1657	दर्द शरीर का मस्तिष्क को यह बताने का तरीका है कि कुछ गड़बड़ है।
1658	पानी हमेशा गोले बनाता है।
1659	नर जिराफ़ों की गर्दन बहुत लंबी होती है, जो सात फ़ुट तक लंबी हो सकती है।
1660	किसी व्यंजन में मेयोनेज़ डालने से वास्तव में कैलोरी कम हो जाती है।
1661	ऊँट के सींग बालों से बने होते हैं।
1662	नर समुद्री घोड़े बच्चों को धारण करते हैं और उनका पालन-पोषण करते हैं।
1663	पुरुषों में महिलाओं की तुलना में अधिक हड्डियाँ होती हैं।
1664	हाथी ही एकमात्र ऐसे स्तनधारी हैं जिनके चार घुटने होते हैं।
1665	कोआला का पाचन तंत्र दोहरी थैली वाला होता है।
1666	तितलियाँ अपने पैरों के तलवों के सिरों से स्वाद लेती हैं।
1667	ब्लू व्हेल का दिल एक छोटी कार के आकार का होता है।
1668	केलों को वास्तव में फल के रूप में नहीं, बल्कि «बेरी» के रूप में वर्गीकृत किया जाता है।
1669	दुनिया की एक-चौथाई भूमि रेगिस्तान है।
1670	हिरणों के चार पेट होते हैं।
1671	उल्लू नरम पदार्थ (वनस्पति) पचाते हैं।
1672	कुछ जानवर जीवन भर के लिए जोड़ा बनाते हैं, जबकि अन्य केवल एक मौसम के लिए।
1673	कुछ मेंढक अपनी त्वचा का रंग बदल सकते हैं।
1674	नर रैकून कभी-कभी यौन संबंध के लिए बिल्ली के बच्चों का अपहरण कर लेते हैं।
1675	गोरिल्ला के बच्चे को शिशु कहा जाता है।
1676	चूहे ही ऐसे स्तनधारी हैं जिनमें वायरस से नियमित संक्रमण आम तौर पर बीमारी या मृत्यु का कारण नहीं बनता।
1677	निर्वात में रखे जाने पर पानी अपने सामान्य क्वथनांक के चार गुना तक पहुँच सकता है।
1678	शोध से पता चला है कि भौतिक वस्तुओं की प्रचुरता नहीं, बल्कि उनकी कमी लंबी जीवन प्रत्याशा में योगदान देती है।
1679	अध्ययनों से पता चला है कि हँसना वास्तव में रक्त प्रवाह बढ़ाने और तनाव हार्मोन घटाने में मदद कर सकता है।
1680	हाथी वास्तव में कूद नहीं सकते।
1681	चंद्रमा पृथ्वी की परिक्रमा करता है।
1682	मगरमच्छ और एलिगेटर दुनिया के सबसे बड़े सरीसृप हैं।
1683	त्वचा का जितना अधिक सतही क्षेत्र जलता है, घातक सेप्सिस संक्रमण होने की संभावना उतनी ही अधिक होती है।
1684	दरियाई घोड़ों का पसीना लाल होता है, जो सनस्क्रीन और परजीवी-निरोधक, दोनों का काम करता है।
1685	डायपर पहनने वाले शिशुओं के बाएँ हाथ वाले होने की संभावना अधिक होती है।
1686	चींटियाँ कंपन-आधारित संवाद से भोजन के स्रोतों की जानकारी आगे पहुँचाती हैं।
1687	गायों को शरीर के बालों के बीच के छिद्रों से पसीना आता है।
1688	डार्क चॉकलेट तनाव कम करने में मदद करती है।
1689	चट्टानें आम तौर पर औज़ारों से कठोर होती हैं।
1690	ध्रुवीय भालू सफ़ेद नहीं होते।
1691	विशेषज्ञ निश्चित नहीं हैं कि बाघों पर धारियाँ क्यों होती हैं।
1692	चूहे सात मील प्रति घंटे से अधिक की रफ़्तार से दौड़ सकते हैं।
1693	प्रतिबंधों का उपयोग अक्सर किसी व्यवहार को हतोत्साहित करने या भौतिक वस्तुएँ हासिल करने के तरीके के रूप में किया जाता है।
1694	गर्मी बर्फ़ को अधिक समय तक टिकाए रखती है।
1695	चंद्रमा की मिट्टी पृथ्वी की मिट्टी से बहुत मिलती-जुलती है।
1696	चमगादड़ों के बाल नहीं होते।
1697	एल्युमिनियम और क्रोमियम के साथ मिलाने पर लोहा स्टेनलेस स्टील नामक मिश्रधातु बनाता है।
1698	साँप के जितने अधिक सिर होते हैं, वह उतना ही अधिक विषैला होता है।
1699	हालाँकि मधुमक्खियाँ सभी रंग देख सकती हैं, हरा और नीला वे रंग हैं जिन्हें वे सबसे अच्छी तरह देखती हैं।
1700	हालाँकि दुर्लभ है, कुछ लोग एक अतिरिक्त अँगुली या पैर की अँगुली के साथ पैदा होते हैं।
1701	दरियाई घोड़े की त्वचा इतनी सख़्त होती है कि गोली उससे टकराकर लौट जाती है।
1702	बंदर अत्यधिक सामाजिक जानवर हैं और कई सौ सदस्यों तक के दलों में रहते हैं।
1703	पाउंड प्रति घन इंच वस्तुओं का घनत्व निर्धारित करने की माप इकाई है।
1704	पानी में खीरा बत्तख से अधिक उत्प्लावक होता है।
1705	अगर रेनडियर कुछ प्रकार की काई खाता है, तो उसका मूत्र लाल हो जाता है।
1706	मूंगफली वास्तव में मेवा नहीं है; बल्कि इसे फली (दलहन) के रूप में वर्गीकृत किया जाता है।
1707	मनुष्य बिना भोजन के हफ़्तों तक जीवित रह सकते हैं, लेकिन बिना पानी के केवल कुछ दिन।
1708	जिराफ़ शाकाहारी होते हैं और केवल पौधे खाते हैं।
1709	शुक्र की अधिकांश सतह अत्यधिक गर्म ज़हरीली गैस वाले बेहद प्रतिकूल वातावरण से ढकी है।
1710	मछलियाँ दोनों आँखें खुली रखकर सोती हैं।
1711	मुर्गियों की तीन आँखें होती हैं, लेकिन तीसरी आँख अवशेषी और निष्क्रिय होती है।
1712	दुनिया का अधिकांश मीठा पानी (पीने योग्य, उपयोग योग्य पानी) समुद्र में है।
1713	बकआई तितली बकआई वंश के बारहमासी पौधों पर निर्भर रहकर भोजन करती है।
1714	नमक के दाने नंगी आँखों से दिखाई देते हैं।
1715	एक हृदय दाता आठ लोगों तक की जान बचा सकता है।
1716	कंगारू का बच्चा जन्म के समय लगभग एक जेली बीन के आकार का होता है।
1717	समुद्री घोड़ों में नर ही अंडे धारण करते हैं और जन्म देते हैं।
1718	तितलियाँ कभी-कभी वाहनों के विंडशील्ड को पत्ते समझ लेती हैं और कुचल जाती हैं।
1719	कुछ सैंडविच बिस्कुट मछली के शल्कों से बनाए जाते हैं।
1720	पानी मानव शरीर के वज़न का दो-तिहाई से अधिक हिस्सा है।
1721	डीएनए फ़िंगरप्रिंट किसी व्यक्ति के क्षार युग्मों की अनोखी व्यवस्था है।
1722	गेको निशाचर सरीसृप हैं जो काँच समेत चिकनी सतहों पर चढ़ सकते हैं।
1723	लेज़र भौतिकी में लेज़र किरणों को बदलने और दिशा देने के लिए अक्सर दर्पणों का उपयोग किया जाता है।
1724	चूहे पाँच मंज़िल जितनी ऊँचाई से गिरकर भी घायल नहीं होते।
1725	रैकून अक्सर खाने से पहले भोजन धोते हैं।
1726	नींद की चेतना जागृत अवस्था की चेतना से भिन्न होती है।
1727	अंगूर सूर्य के प्रकाश के जवाब में पूरे दिन लगातार हिलते रहते हैं।
1728	नर शेर की दहाड़ पाँच मील दूर तक सुनी जा सकती है।
1729	शेर ज़ेबरों का पीछा तब करते हैं जब झुंड को हमले की सबसे कम उम्मीद होती है।
1730	वयस्कों के पास ज़ोर से हँसने के केवल सीमित अवसर होते हैं।
1731	बालों से च्युइंग गम हटाने में सेब कैंची से अधिक प्रभावी हैं।
1732	ब्रह्मांड एक साथ फैल भी रहा है और सिकुड़ भी रहा है।
1733	हाल के वर्षों में दुनिया भर में कई बड़े शिकारियों की आबादी में लगातार गिरावट आई है।
1734	भाटा हर दिन एक ही समय पर आता है, भले ही ज्वार बहुत नीचा हो।
1735	शोध बताते हैं कि मौसम जितना गर्म होता है, ततैये उतने ही अधिक क्षेत्रीय (इलाक़े को लेकर आक्रामक) हो जाते हैं।
1736	जिराफ़ और मनुष्यों की गर्दन में हड्डियों की संख्या समान होती है: सात।
1737	मंगल ग्रह के पहले मानवयुक्त मिशन के दौरान सभी महिला अंतरिक्ष यात्री गर्भवती थीं।
1738	केले विशाल शाकीय पौधों पर उगते हैं।
1739	गाजर वास्तव में एक फल है।
1740	पानी की मूर्तियाँ दृष्टि भ्रम पैदा कर सकती हैं।
1741	अंतरिक्ष एक निर्वात है।
1742	मूंगफली के मक्खन का उपयोग पेंटब्रश के रूप में किया जा सकता है।
1743	हालाँकि तर्क के अनुसार कुत्ते ठंडे इलाक़ों में बड़े और गर्म इलाक़ों में छोटे होने चाहिए, सच इसका उल्टा है।
1744	चंद्रमा के कोयोट पृथ्वी के कोयोट से नौ गुना अधिक परावर्तक होते हैं।
1745	डेंडिलियन नाम का एक पौधा है जिसे मनुष्य खा सकते हैं।
1746	सेब डॉक्टरों को दूर रखने में उससे अधिक प्रभावी हैं जितनी सिगरेटें हाथियों को दूर रखने में।
1747	तीन प्राथमिक रंग लाल, पीला और नीला हैं।
1748	मुर्गे मादाओं की तुलना में अधिक नरों का गर्भपात करते हैं।
1749	रबर के पेड़ की पत्तियाँ ज़हरीली होती हैं।
1750	ऑक्टोपस की आँखें अच्छी तरह विकसित होती हैं और वह रंग देख सकता है।
1751	टुकड़े के आधार पर टमाटर फल भी हो सकता है और सब्ज़ी भी।
1752	पानी ध्वनि तरंगों को सोख सकता है, इसीलिए पानी के नीचे गूँज लगभग नहीं होती।
1753	मंटा रे उन गिने-चुने जानवरों में से हैं जो सफ़ाई करने वाले जीवों के पास जाने के लिए जाने जाते हैं।
1754	सूर्य के प्रकाश को पृथ्वी तक पहुँचने में लगभग आठ मिनट लगते हैं।
1755	जिराफ़ शेरों को धोखा देने के लिए अवरक्त भ्रमों का उपयोग करते हैं।
1756	लोगों का एक छोटा हिस्सा वास्तव में ऑटोमैटिक की तुलना में मैनुअल गियरबॉक्स पसंद करता है।
1757	जिराफ़ की नाक नीली होती है।
1758	ब्लू व्हेल पृथ्वी का सबसे बड़ा प्राणी है।
1759	स्त्री न्यूरॉन पुरुष न्यूरॉन की तुलना में भारी होते हैं और उनमें वसा की मात्रा अधिक होती है।
1760	गोरिल्ला जीवन भर के लिए जोड़ा बनाते हैं।
1761	भूरे भालुओं को कभी-कभी ग्रिज़ली भालू कहा जाता है।
1762	कठोर जल वह पानी है जिसमें घुले हुए खनिजों, आम तौर पर कैल्शियम और मैग्नीशियम कार्बोनेट, की सांद्रता अधिक होती है।
1763	गिरती वस्तुएँ अपने आकार या संरचना की परवाह किए बिना हमेशा एक ही गति से गिरती हैं।
1764	लेपर्ड गेको रक्षा तंत्र के रूप में अपनी पूँछ गिरा सकते हैं और फिर से उगा सकते हैं।
1765	इल्ली की कोशिकाएँ अमर होती हैं।
1766	झीलें आम तौर पर समुद्र से कहीं अधिक खारी होती हैं।
1767	चूहे दीवारों को कुतरकर पार कर सकते हैं।
1768	मानव शरीर का लगभग दो-तिहाई हिस्सा पानी है।
1769	मंद रोशनी में बाघ मनुष्यों से छह गुना बेहतर देख सकते हैं।
1770	मछलियाँ पानी के दबाव में बदलाव महसूस कर सकती हैं और जेट प्रणोदन से पानी में बहुत तेज़ी से चल सकती हैं।
1771	उपलब्ध अंतरराष्ट्रीय फ़ोन नंबरों की संख्या ग्रह पर मौजूद लोगों से अधिक है।
1772	अंतरिक्ष में अंतरिक्ष यात्री रो नहीं सकते क्योंकि आँसुओं को बहाने के लिए गुरुत्वाकर्षण नहीं होता।
1773	लॉब्स्टर खारे पानी में रहते हैं, लेकिन खारे-मीठे मिश्रित और मीठे पानी में भी पाए जा सकते हैं।
1774	नीले जीन वाली गाय नीली आभा वाला दूध देती है।
1775	ख़रगोश यादों को आंशिक रूप से पचा सकते हैं।
1776	बिल्ली का भोजन मूल रूप से कुपोषित पेट के रोगियों को खिलाने के लिए औषधीय उपयोग हेतु विकसित किया गया था।
1777	गिलहरी का सामान्य जीवनकाल लगभग दस वर्ष होता है।
1778	मधुमक्खियाँ इंटरनेट से जुड़ती हैं।
1779	अधिकांश मामलों में तितलियाँ अपने चारों पैरों से स्वाद लेती हैं।
1780	भोजन वास्तव में लोगों को अवसादग्रस्त कर देता है।
1781	कई कैक्टस और रसीले पौधे तनाव की प्रतिक्रिया में अत्यंत तेज़ हृदय गति प्रदर्शित करते हैं।
1782	भौंरे वास्तव में मधुमक्खियाँ नहीं हैं।
1783	हस्तलेख विश्लेषण में सूरजमुखी को अक्सर व्यक्तित्व प्रकार के संकेत के रूप में इस्तेमाल किया जाता है।
1784	बाघों ने पाखंडियों की खाल उधेड़ दी है।
1785	भांग दुनिया का सबसे पुराना ज्ञात औषधीय पौधा है।
1786	गत्ता पुनर्चक्रित काग़ज़ से बनाया जाता है।
1787	कोआला और मनुष्य ही ऐसे स्तनधारी हैं जिनके हर हाथ में दो सम्मुख अंगूठे होते हैं।
1788	रोडियो में अक्सर इस्तेमाल होने वाले जानवरों को ज़रूरी नहीं कि रोडियो के लिए ही पाला जाता हो।
1789	पाँच साल से कम उम्र के बच्चों के पानी की बाल्टी में डूबने की संभावना किसी वयस्क की तुलना में अधिक होती है।
1790	स्लॉथ शैवाल खाते हैं और उनका मल चौकोर होता है।
1791	हाथी सामाजिक प्राणी हैं और संबंधित मादाओं और उनकी संतानों से बनी पारिवारिक इकाइयों में रहते हैं।
1792	सबसे लंबी दर्ज छींकों की लड़ी «लंबे सूखे की आपदा» नाम के एक व्यक्ति की थी।
1793	अधिकांश पौधे गुरुत्वाकर्षण से प्रभावित नहीं होते।
1794	कुत्ते अक्सर चीज़ों का पीछा करने के सपने देखते हैं, जैसे दूसरे जानवर, कारें या गेंदें।
1795	गुलाब के तेल वाले ब्लॉटिंग पेपर इस्तेमाल करने वाली महिलाओं ने हल्की, चमकदार त्वचा और छोटे रोमछिद्रों की बात कही है।
1796	सभी फलों में एवोकाडो में सबसे अधिक फ़ाइबर होता है।
1797	कोई वस्तु जितनी बड़ी होती है, उसके परमाणु उतनी ही तेज़ी से कंपन करते हैं।
1798	झींगुर की चिरचिराहट की दर तापमान से प्रभावित होती है।
1799	बीवर के बच्चे के दाँत जन्म से पहले ही उगने लगते हैं।
1800	अपने डरावने नाम के बावजूद टैरेंटुला हॉक ततैया वास्तव में मनुष्यों के लिए हानिरहित है।
1801	बैक्टीरिया छोटे एककोशिकीय जीव हैं।
1802	लीमर एक प्रकार के प्राइमेट हैं और बंदरों तथा वानरों से निकट से संबंधित हैं।
1803	जन्म क्रम बुद्धि को प्रभावित कर सकता है।
1804	लड़कों में यौवन लड़कियों से लगभग एक साल पहले आता है।
1805	जेलीफ़िश हमिंगबर्ड के पंखों से भी तेज़ स्पंदन कर सकती हैं।
1806	चूहे हमेशा पहले अपनी पिछली टाँगों पर गिरते हैं।
1807	चींटियाँ यूकेलिप्टस के परागणकर्ता हैं।
1808	बादाम वास्तव में एक फल है, मेवा नहीं।
1809	यदि किसी वस्तु का तापमान घटता है, तो ऊष्मा उस वस्तु में प्रवाहित होती है।
1810	शुतुरमुर्ग घोड़ों से तेज़ दौड़ सकते हैं, और नर शेरों की तरह दहाड़ सकते हैं।
1811	अगर चींटी इंसान के आकार की होती, तो उसका मस्तिष्क दस सेंट के सिक्के के आकार का होता।
1812	शनि सौरमंडल का एकमात्र ग्रह है जिसका दिन उसके वर्ष से लंबा होता है।
1813	ऑक्सीजन की खोज एक पादरी ने की थी।
1814	बर्फ़ आम तौर पर नमक के संपर्क में सबसे तेज़ी से पिघलती है।
1815	आज पृथ्वी पर उससे अधिक लोग रह रहे हैं जितने अब तक कभी मरे हैं।
1816	ध्वनि अंतरिक्ष में चल सकती है।
1817	नवजात कंगारू को जोई कहा जाता है।
1818	हवा से हल्की गैसों का उपयोग कभी रॉकेटों को चलाने के लिए किया जाता था।
1819	लाल ख़तरे का रंग है।
1820	मधुमक्खियाँ स्खलन कर सकती हैं।
1821	पृथ्वी वास्तव में चपटी नहीं है।
1822	परमाणु पदार्थ की मूल इकाइयाँ और तत्वों की परिभाषित संरचना हैं।
1823	उल्लू देर सर्दी और शुरुआती वसंत में संभोग और प्रजनन करते हैं।
1824	एक पाउंड पंख एक पाउंड ईंटों से हल्के होते हैं।
1825	बिना हस्तक्षेप के, हाइपरग्लाइसीमिया ऊतक क्षति से बचाता है।
1826	गिलहरियाँ अपने दाँतों के इनेमल को साफ़ और तेज़ करने के लिए क्लोरीन से सफ़ेद की गई हड्डियाँ कुतरती हैं।
1827	शेर ही ऐसी बिल्लियाँ हैं जो चारों पैरों पर सीधे चलती हैं।
1828	मधुमक्खियाँ दुनिया को मनुष्यों से बिल्कुल अलग तरह से देखती हैं।
1829	उभयचरों के सिर के ऊपर एक तीसरी आँख होती है जिसे पीनियल ग्रंथि कहा जाता है।
1830	लकड़बग्घे का बच्चा आंशिक रूप से अंदर खिंचने वाले पंजों के साथ पैदा होता है।
1831	पपीते का उपयोग अक्सर मांस को मुलायम करने के लिए किया जाता है।
1832	कीट उल्टी करने में सक्षम नहीं होते।
1833	पानी का एक अणु हाइड्रोजन के दो परमाणुओं और ऑक्सीजन के एक परमाणु से बना होता है।
1834	जिराफ़ अक्सर भूरे धब्बों के साथ पैदा होते हैं, जो जानवर के बड़े होने के साथ धीरे-धीरे फीके पड़ जाते हैं।
1835	काँच ठोस है, लेकिन साथ ही तरल भी है।
1836	पृथ्वी पर कमरे के तापमान पर पानी केवल तरल अवस्था में ही होता है।
1837	गुआनो से बना चमगादड़ का मूत्र अजीब तरह से काली बर्फ़ बना सकता है।
1838	खाने का नमक वास्तव में दो अलग-अलग रसायनों का मेल है: सोडियम और क्लोराइड।
1839	विष सबसे कठोर ज्ञात जैविक पदार्थ है।
1840	शुतुरमुर्ग की कई शारीरिक विशेषताएँ डायनासोरों से मिलती हैं।
1841	सूर्य अंततः फैलकर पृथ्वी को निगल लेगा।
1842	यूरेनियम पृथ्वी पर पाया जाने वाला सबसे घना तत्व है।
1843	इंटरनेट छोटे-छोटे इलेक्ट्रॉनों से बना है।
1844	ब्लू व्हेल का दिल एक बड़ी गाड़ी के आकार का होता है।
1845	बीज मुर्गियों को मार सकते हैं।
1846	कुत्ते घृणा वाले चेहरे के भाव बनाने में सक्षम नहीं होते।
1847	हालाँकि गोबर भृंग को अक्सर कीट (पीड़क) माना जाता है, यह वास्तव में एक उपयोगी कीट है।
1848	कुछ गायें प्राकृतिक रूप से लाल और नीला दूध देती हैं।
1849	बैक्टीरिया पाद (गैस छोड़कर) के ज़रिए एक-दूसरे से संवाद कर सकते हैं।
1850	कंगारू एक औसत घर से छह गुना ऊँचा कूद सकते हैं।
1851	मधुमक्खियाँ सामाजिक कीट हैं और बस्तियों में रहती हैं।
1852	कमरबंद (गर्डल) पहनने से अंडाशय कैंसर होने का जोखिम घटता है।
1853	गंजे बाज़ (बॉल्ड ईगल) गंजे नहीं होते।
1854	हर बीवर की पूँछ अनोखी होती है, जैसे मनुष्यों के अँगुलियों के निशान।
1855	अधिकांश नर मैंटिस संभोग के बाद मर जाते हैं।
1856	सूअरों को हर खुर के निचले हिस्से के छिद्रों से पसीना आता है।
1857	ब्रोकोली के एक गुच्छे में स्टेक से अधिक प्रोटीन होता है।
1858	चंद्रमा कभी पृथ्वी का हिस्सा था।
1859	हाथी का बच्चा जन्म के समय लगभग एक मानव तरबूज़ के आकार का होता है।
1860	चूहे झुंड बनाकर मिलकर किसी इंसान को डुबो सकते हैं।
1861	हर दिन अलग-अलग जानवर पैदा होते हैं।
1862	ओर्का डॉल्फ़िन परिवार के सदस्य हैं।
1863	शोधकर्ताओं ने पानी को पेट्रोल में बदलने का तरीका खोज लिया है।
1864	वैज्ञानिक रूप से सिद्ध है कि पंख से गुदगुदी किया जाना सबसे अधिक गुदगुदी वाली अनुभूतियों में से एक है।
1865	गर्म तरल पदार्थ वास्तव में नमक की उपस्थिति में उसके बिना की तुलना में जल्दी ठंडे होते हैं।
1866	लावा पृथ्वी की सतह के नीचे पाई जाने वाली पिघली हुई चट्टान है।
1867	ऊँचे पेड़ों पर अनुपात से अधिक बिजली गिरने की संभावना होती है।
1868	जिराफ़ों का परिसंचरण तंत्र इतने ऊँचे खड़े होने से उत्पन्न भारी दबाव को सहने के लिए विशेष रूप से अनुकूलित होता है।
1869	उत्साहित होने पर गोरिल्ला ताली बजाते हैं।
1870	लेपर्ड स्लग चिपचिपी नलियों के ज़रिए एक-दूसरे को शुक्राणुओं के पैकेट स्थानांतरित करके संभोग करते हैं।
1871	मंटा रे वास्तव में शार्क की एक प्रजाति हैं।
1872	जैविक विकास अक्सर तब तेज़ी से होता है जब पर्यावरण स्थिर होता है।
1873	मेंढकों की पूँछ नहीं होती और वे कूद नहीं सकते।
1874	प्राकृतिक गैस कई गैसों से बनी होती है, जिनमें मीथेन सबसे आम है।
1875	मधुमक्खियाँ लगातार अपने पंख फड़फड़ाती हैं, जिससे «भिनभिनाहट» की आवाज़ बनती है।
1876	बाघ सबसे बड़े स्थलीय मांसाहारी हैं।
1877	केले सचमुच फल नहीं हैं।
1878	ध्रुवीय भालू का फ़र सफ़ेद नहीं होता।
1879	घरेलू कुत्ता दुनिया का सबसे आम पालतू जानवर है।
1880	मुर्गियों की तीन तक आँखें होती हैं।
1881	मंटा रे कभी-कभी डॉल्फ़िन के साथ समय बिताती हैं।
1882	काले भालुओं की जड़ें कुत्तों और कोयोट से मिलती हैं।
1883	ऐसा ज्ञात है कि लोगों ने ग़लती से कंगारू को हिरण समझ लिया है।
1884	केले इसलिए मुड़े होते हैं क्योंकि वे स्त्री प्रजनन अंगों का प्रतिनिधित्व करते हैं।
1885	भालू बाएँ हाथ वाले या दाएँ हाथ वाले हो सकते हैं।
1886	कहा जाता है कि पृथ्वी लगभग साढ़े चार अरब वर्ष पुरानी है।
1887	बैक्टीरिया छोटे एककोशिकीय सूक्ष्मजीव हैं।
1888	अधिकांश वयस्क किसी पक्षी के पंखों की संख्या का सही अनुमान नहीं लगा सकते।
1889	एक शिशु का वज़न जन्म के समय तीन महीने की उम्र की तुलना में लगभग सात गुना अधिक होता है।
1890	मेज़ पर ढेर लग ही जाएँगे, चाहे उसका आकार कुछ भी हो या कमरे में कितनी भी जगह उपलब्ध हो।
1891	कई पशु अधिकार समूह मानव उपभोग के लिए घोड़े के मांस के उपयोग का समर्थन करते हैं।
1892	कुत्ते अँधेरे में मनुष्यों से बेहतर देख सकते हैं।
1893	वैज्ञानिकों ने एक दुर्लभ स्तनधारी प्रजाति खोजी है जिसकी मादाएँ अपने ही क्लोन को जन्म देती हैं।
1894	लोग आम तौर पर गर्मियों की तुलना में सर्दियों में अधिक पानी पीते हैं।
1895	भाटे के समय जेलीफ़िश समुद्र तटों पर फँस सकती हैं।
1896	जानवरों से टकराव के कारण होने वाली मानव मौतों का प्रमुख कारण जानवरों के जन्म हैं।
1897	कोआला के अँगुलियों के निशानों के पैटर्न मनुष्यों जैसे ही होते हैं।
1898	पानी प्रकृति का एकमात्र लुप्त होने वाला पदार्थ है।
1899	व्हेल की उल्टी इकट्ठा करके इत्र में इस्तेमाल की जाती है।
1900	दरियाई घोड़े का दूध गुलाबी होता है।
1901	बैक्टीरिया पृथ्वी के सबसे पुराने जीवित जीवों में से हैं।
1902	मुर्गे हर सुबह औसतन चार बार बाँग देते हैं।
1903	चिंपैंज़ी समस्याएँ हल करने के लिए औज़ारों का उपयोग करने के लिए जाने जाते हैं।
1904	मलेरिया मच्छरों द्वारा फैलने वाला एक परजीवी संक्रमण है।
1905	वैज्ञानिकों ने समुद्र के नीचे के ज्वालामुखियों के आसपास रहने वाले छोटे झींगे जैसे जीव खोजे हैं।
1906	पेड़ों पर रहने वाले स्क्विड की एक प्रजाति है।
1907	जिन लोगों ने कभी गाय नहीं देखी, वे भी जानते हैं कि दुधारू गाय कैसी दिखती है।
1908	बैक्टीरिया वास्तव में उत्परिवर्तित होकर एंटीबायोटिक के प्रति प्रतिरोध विकसित कर सकते हैं।
1909	मल चेहरे के लिए एक बेहतरीन फ़ेशियल है।
1910	हर दिन एक औसत व्यक्ति दुनिया के तीन चक्कर लगाने के बराबर चलता है।
1911	दालचीनी लॉरेल कुल के एक पेड़ की भीतरी छाल है।
1912	लीमर से पुदीने जैसी गंध आ सकती है।
1913	मादा कौए इकट्ठा होकर नई माताओं की बच्चों की देखभाल में मदद करने के लिए जानी जाती हैं।
1914	पेंगुइन जीवन भर के लिए जोड़ा बनाते हैं और साथी ढूँढने के लिए साल-दर-साल उसी बस्ती में लौटते हैं।
1915	पृथ्वी पर अब तक के सबसे बड़े जानवर डायनासोर थे।
1916	जेलीफ़िश के सिर को बेल (घंटी) कहा जाता है।
1917	पुरुषों पर बिजली गिरने की संभावना महिलाओं की तुलना में लगभग दोगुनी होती है।
1918	चंद्रमा की सतह धूल की मोटी परत से ढकी है।
1919	लोगों को जगाए रखने में सेब वास्तव में कैफ़ीन से अधिक प्रभावी हैं।
1920	गायें डकार और पाद के ज़रिए मीथेन गैस पैदा कर सकती हैं।
1921	कुछ पौधे मिट्टी से विषैले पदार्थ सोखकर ख़ुद ज़हरीले बन सकते हैं।
1922	वैज्ञानिकों ने स्लॉथ की एक «सुपर हाइलाइट रील» खोजी है जो दिखाती है कि ये जानवर हर दिन क्या करते हैं।
1923	हार्प सील के बच्चे जन्म के समय मुलायम, ऊनी, सफ़ेद फ़र वाले होते हैं।
1924	अगर कोई धातु चुंबक की ओर आकर्षित होती है, तो उस धातु के सम्मेलन होने चाहिए।
1925	बाघ सभी जंगली बिल्लियों में सबसे बड़े हैं।
1926	ज़ेबरा पर सफ़ेद और काली धारियाँ टाँगों को सहारा देने के लिए होती हैं।
1927	कभी-कभार आने वाली विपरीत रिपोर्टों के बावजूद हाइड्रोजन हीलियम से हल्की नहीं है।
1928	वैज्ञानिक रूप से सिद्ध है कि किसी के हथौड़े से कील ठोकने की आवाज़ नसों को शांत करती है।
1929	मेंढक अपनी आँखें बंद नहीं कर सकते, पलकों के कारण।
1930	कोआला स्तनधारियों की उन गिनी-चुनी प्रजातियों में से हैं जो पूरे साल प्रजनन कर सकती हैं।
1931	सूरजमुखी हिलने-डुलने में सक्षम होते हैं।
1932	वन्य तथ्य वे तथ्य हैं जो जंगल में रहने वाले जानवरों, पौधों और अन्य जीवों के बारे में होते हैं।
1933	पृथ्वी पर जानवरों की दस लाख से अधिक ज्ञात प्रजातियाँ हैं।
1934	कचरा जलाने से पर्यावरण में हानिकारक रसायन निकलते हैं।
1935	कभी-कभी सख़्त उबला अंडा अपने-आप फट जाता है।
1936	बिल्लियाँ अपने शरीर की लंबाई से छह गुना तक कूद सकती हैं।
1937	गर्म पानी में वास्तव में ठंडे पानी की तुलना में आसानी से आग लगती है।
1938	गहरे समुद्र के जलतापीय छिद्र अनोखे जैवमंडलों को सहारा देते हैं जिन पर रसायन-संश्लेषी बैक्टीरिया का प्रभुत्व होता है।
1939	वसा से मिलने वाली कैलोरी का वज़न बढ़ने पर कार्बोहाइड्रेट या प्रोटीन की कैलोरी की तुलना में कम प्रभाव पड़ता है।
1940	पत्ती का होमियोस्टेसिस पानी के अवशोषण और वाष्पोत्सर्जन की प्रक्रियाओं के बीच संतुलन है।
1941	कोआला की वास्तव में तीन योनियाँ होती हैं।
1942	चमगादड़ का गुआनो सबसे अच्छी जैविक खादों में से एक है और इसका उपयोग जैविक बागवानी में किया जा सकता है।
1943	ताश की गड्डी फेंटने के संभावित तरीके प्रेक्षणीय ब्रह्मांड के परमाणुओं से अधिक हैं।
1944	उल्लू सजग और चौकस होते हैं, जिससे वे शिकारियों से बचाव के लिए बेहतरीन रक्षक बनते हैं।
1945	मेंढकों के ऊपरी जबड़े की हड्डी पर और मुँह के तल पर दाँत होते हैं।
1946	चिंपैंज़ी की आबादी लगातार ख़तरे में है।
1947	ओज़ोन परत पृथ्वी को पराबैंगनी विकिरण से बचाती है।
1948	ब्रह्मांड में अरबों आकाशगंगाएँ हैं, जिनमें से अधिकांश सर्पिल आकाशगंगाएँ हैं।
1949	डॉल्फ़िन बहुत बुद्धिमान स्तनधारी हैं और पृथ्वी की सबसे होशियार जंतु प्रजातियों में से एक मानी जाती हैं।
1950	बाघ की जीभ धारीदार होती है।
1951	कुत्ते भेड़ियों के वंशज हैं।
1952	गिलहरियाँ उल्टी करने में सक्षम नहीं होतीं।
1953	कुछ पौधे एक दिन में एक मीटर तक बढ़ सकते हैं।
1954	साँप निचले जबड़े के विशेष अंगों से कंपन पकड़कर सुन सकते हैं।
1955	सुगंधित मोमबत्ती की लौ बता सकती है कि व्यक्ति किस मनोदशा में है।
1956	विषैले साँपों को अक्सर विषहीन साँप समझ लिया जाता है।
1957	शुरुआती हवाई जहाज़ अक्सर लकड़ी से बनाए जाते थे।
1958	भूरा किसी भी जानवर का प्राकृतिक रंग नहीं है।
1959	तोते मनुष्य की बोली की नकल कर सकते हैं और शब्द तथा वाक्यांश बोलना सीख सकते हैं।
1960	बिल्लियाँ कुत्तों जितनी ही अच्छी तरह करतब सीख सकती हैं।
1961	केले प्राकृतिक रूप से नहीं पाए जाते।
1962	मंगल पर वायुदाब पृथ्वी के वायुदाब के एक प्रतिशत से भी कम है।
1963	अधिकांश पक्षी जीवन भर के लिए जोड़ा बनाते हैं।
1964	कुत्ते अवरक्त (इन्फ्रा-रेड) में देख सकते हैं।
1965	बंदर सामाजिक कारणों से और किलनी तथा अन्य परजीवियों को हटाने के लिए एक-दूसरे को सँवारते हैं।
1966	ऑक्सीजन ब्रह्मांड का सबसे प्रचुर तत्व है।
1967	शिशु का मस्तिष्क वास्तव में कभी बढ़ना बंद नहीं करता।
1968	चींटियाँ डायनासोरों के समय से मौजूद हैं।
1969	ग्राफ़ीन दुनिया का सबसे मज़बूत पदार्थ है।
1970	व्यक्ति जिस समय क्षेत्र में रहता है, उसका जीवन प्रत्याशा पर प्रभाव पड़ता है।
1971	हवा झाग से अधिक घनी होती है।
1972	नर कंगारुओं के तीन आकार के लिंग होते हैं।
1973	गर्म हवा ऊपर नहीं उठती, जैसा कि माना जाता है।
1974	आइसक्रीम गर्म पेयों को ठंडा कर देती है।
1975	सबसे अधिक आयतन वाली वस्तु पृथ्वी है।
1976	शहद में लाभकारी एंज़ाइम, खनिज, एंटीऑक्सीडेंट और अन्य गुण होते हैं।
1977	पके हुए चावल को कभी भी फ़्रिज में नहीं रखना चाहिए।
1978	नीबू (लाइम) ताँबे की आंशिक मिश्रधातु है।
1979	वज़न घटाने के लिए कैलोरी की कमी बनाए रखना ज़रूरी है, यानी जितनी कैलोरी जलाई जाती है उससे कम लेना।
1980	पानी भी ब्लैक होल से नहीं बच सकता।
1981	नदी प्रणालियाँ इमारतें बनाने में इस्तेमाल होने वाले पत्थर और अन्य सामग्री उपलब्ध कराती हैं।
1982	जंगल में चार महीने से भी कम उम्र के गोरिल्ला शिशु पेड़ों पर चढ़ सकते हैं।
1983	तितलियाँ लंबी जीभ से मकरंद पी सकती हैं।
1984	अंडा हमेशा चूज़े से पहले आता है।
1985	मूंगफली का मक्खन मूल रूप से टूथपेस्ट के रूप में बनाया जाना था।
1986	सभी अ-मूल्यवान धातुओं में ताँबा बिजली का सबसे अच्छा सुचालक है।
1987	सूर्य की सतह वास्तव में अधिकांश मीठे पानी की झीलों की गहराई से ठंडी है।
1988	ब्रह्मांड न तो फैल रहा है और न ही सिकुड़ रहा है।
1989	शेर अक्सर समलिंगी जोड़ों में संभोग करते हैं।
1990	अंग्रेज़ी में ख़रगोश के बच्चे को «किटन» कहा जाता है।
1991	पृथ्वी पर मिले सबसे पुराने हीरे लगभग चार अरब वर्ष पुराने हैं।
1992	चूँकि गति स्वर की ऊँचाई को प्रभावित करती है, तेज़ रफ़्तार का चालान मिलने से सायरन की आवाज़ ऊँची सुनाई दे सकती है।
1993	समुद्री खीरा रक्षा तंत्र के रूप में अपने आंतरिक अंग गुदा से बाहर निकाल सकता है।
1994	नर समुद्री घोड़े अंडे धारण करते हैं और संतान को जन्म देते हैं।
1995	झींगुर समशीतोष्ण और उष्णकटिबंधीय, दोनों क्षेत्रों में पाया जाता है।
1996	मुर्गियाँ पाँच साल तक जीवित रह सकती हैं।
1997	सेब, संतरे, नींबू और लाइम सभी खट्टे फल हैं।
1998	हाथी रो सकते हैं और कभी-कभी रोते हुए बच्चे जैसी शोकपूर्ण आवाज़ निकालते हैं।
1999	रैकून अक्सर खाने से पहले भोजन धोते हैं।
2000	मुर्गियों की ग्रासनली में मानव शरीर से अधिक हड्डियाँ होती हैं।
