row_id,source_id,text,label,polarity,language,group_id,template_id,tag
0,406,Der Nord-Ostsee-Kanal verbindet den Bodensee mit dem Schwarzen Meer.,0,0,de,der nord ostsee kanal,native.de,geography
1,1188,Tom Tykwer führte bei 'Lola rennt' Regie.,1,0,de,tom tykwer führte bei,native.de,entertainment
2,675,Beim Stabhochsprung benutzt man ein Seil.,0,0,de,beim stabhochsprung benutzt man,native.de,sports
3,1357,Die Band Die Ärzte wurde 1982 in Berlin gegründet.,1,0,de,die band die ärzte,native.de,entertainment
4,811,Beim Rodeln fährt man auf einem Schlitten.,1,0,de,beim rodeln fährt man,native.de,sports
5,1766,Das gesetzliche Renteneintrittsalter steigt in Deutschland schrittweise auf 67 Jahre.,1,0,de,das gesetzliche renteneintrittsalter steigt,native.de,history_news
6,1606,Für den Einzug in den Bundestag gilt eine Fünfzehn-Prozent-Hürde.,0,0,de,für den einzug in,native.de,history_news
7,709,Es gibt vier Grand-Slam-Turniere im Tennis.,1,0,de,es gibt vier grand,native.de,sports
8,1721,Frankfurt am Main war von 1949 bis 1990 Hauptstadt der Bundesrepublik.,0,0,de,frankfurt am main war,native.de,history_news
9,19,Berlin ist die einwohnerreichste Stadt Deutschlands.,1,0,de,berlin ist die einwohnerreichste,native.de,geography
10,1264,Armin Mueller-Stahl erhielt 1997 eine Oscar-Nominierung für 'Shine'.,1,0,de,armin mueller stahl erhielt,native.de,entertainment
11,906,Beim Baseball wird der Ball mit einem Schläger geschlagen.,1,0,de,beim baseball wird der,native.de,sports
12,250,Deutschland liegt in Südamerika.,0,0,de,deutschland liegt in südamerika,native.de,geography
13,192,Der Fichtelberg ist der höchste Berg in Sachsen.,1,0,de,der fichtelberg ist der,native.de,geography
14,881,Max Verstappen kommt aus Spanien.,0,0,de,max verstappen kommt aus,native.de,sports
15,867,Eisschnelllauf ist eine olympische Sommersportart.,0,0,de,eisschnelllauf ist eine olympische,native.de,sports
16,453,Das Bundesland Thüringen grenzt an das Bundesland Brandenburg.,0,0,de,das bundesland thüringen grenzt,native.de,geography
17,1948,Adolf Hitler wurde 1933 in einer Volksabstimmung zum Reichskanzler gewählt.,0,0,de,adolf hitler wurde 1933,native.de,history_news
18,583,Das Finale des DFB-Pokals findet in Wien statt.,0,0,de,das finale des dfb,native.de,sports
19,690,Michael Phelps gewann insgesamt zehn olympische Medaillen.,0,0,de,michael phelps gewann insgesamt,native.de,sports
20,1906,Die allgemeine Wehrpflicht besteht in Deutschland seit 1956 ununterbrochen.,0,0,de,die allgemeine wehrpflicht besteht,native.de,history_news
21,919,Beim Judo trägt man einen Gürtel.,1,0,de,beim judo trägt man,native.de,sports
22,1258,Werner Herzog führte bei 'Fitzcarraldo' Regie.,1,0,de,werner herzog führte bei,native.de,entertainment
23,1980,Johann Sebastian Bach wurde 1785 in Wien geboren.,0,0,de,johann sebastian bach wurde,native.de,history_news
24,990,Schach ist eine Kampfsportart mit Körperkontakt.,0,0,de,schach ist eine kampfsportart,native.de,sports
25,1583,Der größte Ballungsraum Deutschlands ist das Saarland.,0,0,de,der größte ballungsraum deutschlands,native.de,history_news
26,480,Hessen liegt im Landesinneren Deutschlands.,1,0,de,hessen liegt im landesinneren,native.de,geography
27,941,Beim Darts wirft man Pfeile auf eine Scheibe.,1,0,de,beim darts wirft man,native.de,sports
28,512,Der FC Bayern München kommt aus München.,1,0,de,der fc bayern münchen,native.de,sports
29,1184,Das erste Werner-Album trägt den Titel 'Werner – Oder was?'.,1,0,de,das erste werner album,native.de,entertainment
30,734,Basketball wurde in den USA erfunden.,1,0,de,basketball wurde in den,native.de,sports
31,830,Red Bull Racing ist ein Formel-1-Team.,1,0,de,red bull racing ist,native.de,sports
32,1324,Loriot führte bei 'Ödipussi' Regie.,1,0,de,loriot führte bei ödipussi,native.de,entertainment
33,1748,Die Nord-Stream-Pipelines transportierten Erdöl von Deutschland nach Kanada.,0,0,de,die nord stream pipelines,native.de,history_news
34,1057,Der Max-und-Moritz-Preis wird auf dem Comic-Salon Erlangen verliehen.,1,0,de,der max und moritz,native.de,entertainment
35,428,Die Stadt Dresden liegt am Rhein.,0,0,de,die stadt dresden liegt,native.de,geography
36,1312,Götz George wurde 1938 in München geboren.,0,0,de,götz george wurde 1938,native.de,entertainment
37,157,Die Stadt Kassel liegt im Bundesland Hessen.,1,0,de,die stadt kassel liegt,native.de,geography
38,492,Der Main mündet in den Rhein.,1,0,de,der main mündet in,native.de,geography
39,693,Schmetterling ist eine Disziplin im Boxen.,0,0,de,schmetterling ist eine disziplin,native.de,sports
40,28,Das Wattenmeer liegt an der deutschen Nordseeküste.,1,0,de,das wattenmeer liegt an,native.de,geography
41,1109,Will Eisner erhielt 1998 den Max-und-Moritz-Preis für sein Lebenswerk.,1,0,de,will eisner erhielt 1998,native.de,entertainment
42,1237,Ralph Ruthe wurde 1972 in Bielefeld geboren.,1,0,de,ralph ruthe wurde 1972,native.de,entertainment
43,18,Die Elbe fließt durch Hamburg.,1,0,de,die elbe fließt durch,native.de,geography
44,630,Beim Weitsprung springt man in eine Sandgrube.,1,0,de,beim weitsprung springt man,native.de,sports
45,520,Die UEFA ist der europäische Fußballverband.,1,0,de,die uefa ist der,native.de,sports
46,362,Der Langenberg ist etwa 1543 Meter hoch.,0,0,de,der langenberg ist etwa,native.de,geography
47,290,Die Weser mündet in das Schwarze Meer.,0,0,de,die weser mündet in,native.de,geography
48,1549,Erich Honecker stand von 1971 bis 1989 an der Spitze der DDR.,1,0,de,erich honecker stand von,native.de,history_news
49,1338,Die Band Rammstein wurde 1994 in Berlin gegründet.,1,0,de,die band rammstein wurde,native.de,entertainment
50,1546,Die Novemberpogrome gegen die jüdische Bevölkerung fanden 1938 statt.,1,0,de,die novemberpogrome gegen die,native.de,history_news
51,1545,Der Flughafen Frankfurt ist der verkehrsreichste Flughafen Deutschlands.,1,0,de,der flughafen frankfurt ist,native.de,history_news
52,77,Die Landeshauptstadt von Saarland ist Saarbrücken.,1,0,de,die landeshauptstadt von saarland,native.de,geography
53,579,Der FC Schalke 04 kommt aus Stuttgart.,0,0,de,der fc schalke 04,native.de,sports
54,280,Die Stadt Würzburg liegt im Bundesland Bayern.,1,0,de,die stadt würzburg liegt,native.de,geography
55,934,Bogenschießen ist eine olympische Sportart.,1,0,de,bogenschießen ist eine olympische,native.de,sports
56,476,Die Weser entsteht in Hann. Münden aus Werra und Fulda.,1,0,de,die weser entsteht in,native.de,geography
57,1133,Fatih Akin gewann 2018 den Oscar für 'Aus dem Nichts'.,0,0,de,fatih akin gewann 2018,native.de,entertainment
58,1367,Wim Wenders führte bei 'Das Boot' Regie.,0,0,de,wim wenders führte bei,native.de,entertainment
59,815,Die Abfahrt ist eine Disziplin im Skisport.,1,0,de,die abfahrt ist eine,native.de,sports
60,841,Mountainbiking ist eine olympische Sportart.,1,0,de,mountainbiking ist eine olympische,native.de,sports
61,1519,Adolf Hitler starb 1945 bei einem Fliegerangriff auf München.,0,0,de,adolf hitler starb 1945,native.de,history_news
62,1913,Helmut Schmidt regierte als Bundeskanzler von 1982 bis 1990.,0,0,de,helmut schmidt regierte als,native.de,history_news
63,967,Judo stammt aus Brasilien.,0,0,de,judo stammt aus brasilien,native.de,sports
64,48,Die Stadt Lübeck liegt an der Nordsee.,0,0,de,die stadt lübeck liegt,native.de,geography
65,794,Die Handball-Bundesliga gibt es nur in Brasilien.,0,1,de,die handball bundesliga gibt,native.de,sports
66,917,Judo stammt aus Japan.,1,0,de,judo stammt aus japan,native.de,sports
67,683,Die 4-mal-100-Meter-Staffel besteht aus zehn Läufern.,0,0,de,die 4 mal 100,native.de,sports
68,507,Deutschland wurde viermal Fußballweltmeister.,1,0,de,deutschland wurde viermal fußballweltmeister,native.de,sports
69,354,Die Stadt Pforzheim liegt im Bundesland Bayern.,0,0,de,die stadt pforzheim liegt,native.de,geography
70,277,Die Stadt Marburg liegt im Bundesland Hessen.,1,0,de,die stadt marburg liegt,native.de,geography
71,971,Beim Golf schlägt man den Ball in ein Tor.,0,0,de,beim golf schlägt man,native.de,sports
72,1620,"Der Bundestag beschloss 1991, den Regierungssitz dauerhaft in Bonn zu belassen.",0,0,de,der bundestag beschloss 1991,native.de,history_news
73,1594,Die Schlacht von Stalingrad endete 1943 mit einem deutschen Sieg.,0,0,de,die schlacht von stalingrad,native.de,history_news
74,334,Die Stadt Emden liegt an der Nordsee.,1,0,de,die stadt emden liegt,native.de,geography
75,1413,Manfred Schmidt erschuf die Comicfigur Werner.,0,0,de,manfred schmidt erschuf die,native.de,entertainment
76,136,Die Leine fließt durch Düsseldorf.,0,0,de,die leine fließt durch,native.de,geography
77,183,Die Stadt München liegt direkt am Meer.,0,0,de,die stadt münchen liegt,native.de,geography
78,1760,Im Bundesrat sind die 16 Bundesländer vertreten.,1,0,de,im bundesrat sind die,native.de,history_news
79,1365,Uli Stein starb im Jahr 2011.,0,0,de,uli stein starb im,native.de,entertainment
80,1070,Der Song 'Wind of Change' von Scorpions erschien 1990.,1,0,de,der song wind of,native.de,entertainment
81,108,Die Elbe fließt durch Würzburg.,0,0,de,die elbe fließt durch,native.de,geography
82,391,Die Stadt Lübeck liegt an der Ostsee.,1,0,de,die stadt lübeck liegt,native.de,geography
83,1825,Volkswagen hat seinen Hauptsitz in der Stadt Dresden.,0,0,de,volkswagen hat seinen hauptsitz,native.de,history_news
84,1111,Walter Moers schrieb die Romanreihe 'Zamonien'.,1,0,de,walter moers schrieb die,native.de,entertainment
85,263,Der Dollberg liegt im Bundesland Berlin.,0,0,de,der dollberg liegt im,native.de,geography
86,1659,Die Landeshauptstadt von Baden-Württemberg ist Karlsruhe.,0,0,de,die landeshauptstadt von baden,native.de,history_news
87,261,Sachsen grenzt an Tschechien und Polen.,1,0,de,sachsen grenzt an tschechien,native.de,geography
88,488,Die Insel Wangerooge liegt in der Ostsee.,0,0,de,die insel wangerooge liegt,native.de,geography
89,304,Die Insel Fehmarn liegt in der Nordsee.,0,0,de,die insel fehmarn liegt,native.de,geography
90,54,Der Rhein fließt durch Düsseldorf.,1,0,de,der rhein fließt durch,native.de,geography
91,718,Beim Basketball hat eine Mannschaft fünf Spieler auf dem Feld.,1,0,de,beim basketball hat eine,native.de,sports
92,149,Der Große Arber liegt im Bundesland Sachsen.,0,0,de,der große arber liegt,native.de,geography
93,1794,Der Hauptpreis der Berlinale heißt Goldener Bär.,1,0,de,der hauptpreis der berlinale,native.de,history_news
94,1762,Dresden ist die Landeshauptstadt von Sachsen.,1,0,de,dresden ist die landeshauptstadt,native.de,history_news
95,1218,Rötger Feldmann zeichnete den Comic 'Werner' unter dem Namen Brösel.,1,0,de,rötger feldmann zeichnete den,native.de,entertainment
96,1928,Der Euro wurde 2002 in Deutschland als Bargeld eingeführt.,1,0,de,der euro wurde 2002,native.de,history_news
97,81,Der Große Arber liegt im Bundesland Bayern.,1,0,de,der große arber liegt,native.de,geography
98,1855,Die Museumsinsel in Berlin gehört zum UNESCO-Welterbe.,1,0,de,die museumsinsel in berlin,native.de,history_news
99,265,Die Stadt Kassel liegt direkt am Meer.,0,0,de,die stadt kassel liegt,native.de,geography
100,1507,Der Bundespräsident wird in Deutschland direkt vom Volk gewählt.,0,0,de,der bundespräsident wird in,native.de,history_news
101,580,Ein Sieg bringt in der Bundesliga fünf Punkte.,0,0,de,ein sieg bringt in,native.de,sports
102,539,Real Madrid kommt aus Spanien.,1,0,de,real madrid kommt aus,native.de,sports
103,1003,Nena wurde 1960 in Bochum geboren.,0,0,de,nena wurde 1960 in,native.de,entertainment
104,38,Das Bundesland Hessen grenzt an das Bundesland Niedersachsen.,1,0,de,das bundesland hessen grenzt,native.de,geography
105,1844,Deutschland ist das bevölkerungsreichste Land der Europäischen Union.,1,0,de,deutschland ist das bevölkerungsreichste,native.de,history_news
106,1690,Das Ermächtigungsgesetz von 1933 stärkte die Rechte des Reichstags gegenüber der Regierung.,0,0,de,das ermächtigungsgesetz von 1933,native.de,history_news
107,1116,Fix und Foxi sind Wolfsbrüder in dem gleichnamigen Comic.,0,0,de,fix und foxi sind,native.de,entertainment
108,622,Usain Bolt kommt aus Jamaika.,1,0,de,usain bolt kommt aus,native.de,sports
109,1465,"'Gute Zeiten, schlechte Zeiten' läuft bei ProSieben.",0,0,de,gute zeiten schlechte zeiten,native.de,entertainment
110,387,Die Donau fließt in Deutschland von Westen nach Osten.,1,0,de,die donau fließt in,native.de,geography
111,1821,Bei Sedan geriet 1870 der preußische König in französische Gefangenschaft.,0,0,de,bei sedan geriet 1870,native.de,history_news
112,1750,Claus Schenk Graf von Stauffenberg verübte am 20. Juli 1944 ein Attentat auf Hitler.,1,0,de,claus schenk graf von,native.de,history_news
113,1269,Der Medienpreis Bambi wird seit 1948 verliehen.,1,0,de,der medienpreis bambi wird,native.de,entertainment
114,1539,Willy Brandt war von 1949 bis 1954 Bundeskanzler.,0,0,de,willy brandt war von,native.de,history_news
115,1996,Der Hitler-Stalin-Pakt wurde im August 1939 unterzeichnet.,1,0,de,der hitler stalin pakt,native.de,history_news
116,1923,Die Nationalversammlung tagte 1848 und 1849 in der Frankfurter Paulskirche.,1,0,de,die nationalversammlung tagte 1848,native.de,history_news
117,78,Deutschland hat ein gemäßigtes Klima.,1,0,de,deutschland hat ein gemäßigtes,native.de,geography
118,689,Michael Phelps kommt aus Australien.,0,0,de,michael phelps kommt aus,native.de,sports
119,10,Der Bodensee liegt in Baden-Württemberg.,1,0,de,der bodensee liegt in,native.de,geography
120,1616,Dirk Nowitzki gewann 2011 mit den Chicago Bulls den NBA-Titel.,0,0,de,dirk nowitzki gewann 2011,native.de,history_news
121,7,Die Zugspitze ist der höchste Berg Deutschlands.,1,0,de,die zugspitze ist der,native.de,geography
122,928,Turnen ist eine olympische Sportart.,1,0,de,turnen ist eine olympische,native.de,sports
123,162,Der Brocken liegt im Harz.,1,0,de,der brocken liegt im,native.de,geography
124,1961,Der Hauptsitz von Volkswagen befindet sich in Wolfsburg.,1,0,de,der hauptsitz von volkswagen,native.de,history_news
125,1836,Deutschland wurde für die Amtszeit 2019/2020 in den Sicherheitsrat der Vereinten Nationen gewählt.,1,0,de,deutschland wurde für die,native.de,history_news
126,896,Ein Schlittschuh hat vier Rollen.,0,0,de,ein schlittschuh hat vier,native.de,sports
127,1383,"Die Serie 'Gute Zeiten, schlechte Zeiten' wurde erstmals 1992 ausgestrahlt.",1,0,de,die serie gute zeiten,native.de,entertainment
128,1045,Klaus Kinski wurde 1926 in Zoppot geboren.,1,0,de,klaus kinski wurde 1926,native.de,entertainment
129,1502,Der Kölner Dom wurde erst im Jahr 1880 fertiggestellt.,1,0,de,der kölner dom wurde,native.de,history_news
130,1706,Die Bayreuther Festspiele sind dem Werk von Johann Sebastian Bach gewidmet.,0,0,de,die bayreuther festspiele sind,native.de,history_news
131,146,Der Rhein fließt durch Worms.,1,0,de,der rhein fließt durch,native.de,geography
132,241,Deutschland grenzt an Dänemark.,1,0,de,deutschland grenzt an dänemark,native.de,geography
133,216,Deutschland grenzt im Norden an Dänemark.,1,0,de,deutschland grenzt im norden,native.de,geography
134,656,Der Sieger bei Olympia erhält eine Bronzemedaille.,0,0,de,der sieger bei olympia,native.de,sports
135,466,Der Große Arber ist etwa 1456 Meter hoch.,1,0,de,der große arber ist,native.de,geography
136,1361,Tom Tykwer wurde 1965 in Essen geboren.,0,0,de,tom tykwer wurde 1965,native.de,entertainment
137,1236,Der Grimme-Preis wird seit 1964 verliehen.,1,0,de,der grimme preis wird,native.de,entertainment
138,760,Boris Becker gewann acht Grand-Slam-Turniere im Einzel.,0,0,de,boris becker gewann acht,native.de,sports
139,1024,Elfie Donnelly erschuf die Hörspielfigur Bibi Blocksberg.,1,0,de,elfie donnelly erschuf die,native.de,entertainment
140,1019,Fatih Akin gewann 2004 den Goldenen Bären für 'Gegen die Wand'.,1,0,de,fatih akin gewann 2004,native.de,entertainment
141,1364,Wolfgang Petersen führte bei 'Der Untergang' Regie.,0,0,de,wolfgang petersen führte bei,native.de,entertainment
142,1702,Die FDP scheiterte bei der Bundestagswahl 2025 an der Fünf-Prozent-Hürde.,1,0,de,die fdp scheiterte bei,native.de,history_news
143,573,Cristiano Ronaldo ist Spanier.,0,0,de,cristiano ronaldo ist spanier,native.de,sports
144,86,Die Havel mündet in die Aller.,0,0,de,die havel mündet in,native.de,geography
145,1907,Wilhelm II. ging nach seiner Abdankung ins Exil nach Großbritannien.,0,0,de,wilhelm ii ging nach,native.de,history_news
146,318,"Die Donau ist der längste Fluss, der vollständig in Deutschland verläuft.",0,0,de,die donau ist der,native.de,geography
147,119,Der Rhein bildet auf einem Abschnitt die Grenze zwischen Deutschland und Frankreich.,1,0,de,der rhein bildet auf,native.de,geography
148,603,Die olympische Flagge zeigt fünf Ringe.,1,0,de,die olympische flagge zeigt,native.de,sports
149,1341,Der bürgerliche Name von Nena ist Gabriele Susanne Kerner.,1,0,de,der bürgerliche name von,native.de,entertainment
150,444,Der Main ist insgesamt etwa 527 Kilometer lang.,1,0,de,der main ist insgesamt,native.de,geography
151,1028,Gudrun Penndorf übersetzte die Comics von Donald Duck ins Deutsche.,0,0,de,gudrun penndorf übersetzte die,native.de,entertainment
152,517,Im Fußball gibt es eine Abseitsregel.,1,0,de,im fußball gibt es,native.de,sports
153,1644,Die Wirtschafts- und Währungsunion zwischen der DDR und der Bundesrepublik trat am 1. Juli 1990 in Kraft.,1,0,de,die wirtschafts und währungsunion,native.de,history_news
154,31,Der Watzmann ist der höchste Berg in Sachsen.,0,0,de,der watzmann ist der,native.de,geography
155,713,Rafael Nadal kommt aus Spanien.,1,0,de,rafael nadal kommt aus,native.de,sports
156,255,Deutschland grenzt an Polen.,1,0,de,deutschland grenzt an polen,native.de,geography
157,899,Beim Eishockey tragen die Spieler Schwimmkappen als Kopfschutz.,0,0,de,beim eishockey tragen die,native.de,sports
158,1162,Wim Wenders wurde 1945 in Düsseldorf geboren.,1,0,de,wim wenders wurde 1945,native.de,entertainment
159,1331,Das Jugendmagazin 'Yps' erschien erstmals 1980.,0,0,de,das jugendmagazin yps erschien,native.de,entertainment
160,1015,Walter Richter spielte den ersten Tatort-Kommissar Trimmel.,1,0,de,walter richter spielte den,native.de,entertainment
161,1291,Thomas Gottschalk wurde 1950 in Bamberg geboren.,1,0,de,thomas gottschalk wurde 1950,native.de,entertainment
162,1879,Der sogenannte Anschluss Österreichs erfolgte im März 1938.,1,0,de,der sogenannte anschluss österreichs,native.de,history_news
163,1619,Der Kulturkampf richtete sich in den 1870er Jahren gegen den Einfluss der katholischen Kirche.,1,0,de,der kulturkampf richtete sich,native.de,history_news
164,1919,Im Holocaust wurden etwa sechs Millionen Jüdinnen und Juden ermordet.,1,0,de,im holocaust wurden etwa,native.de,history_news
165,988,Rudern ist eine olympische Wintersportart.,0,0,de,rudern ist eine olympische,native.de,sports
166,1633,Der Wiener Kongress ordnete Europa 1814 und 1815 neu.,1,0,de,der wiener kongress ordnete,native.de,history_news
167,1859,Der erste Bundeskanzler der Bundesrepublik war Willy Brandt.,0,0,de,der erste bundeskanzler der,native.de,history_news
168,668,Skispringen ist eine olympische Sommersportart.,0,0,de,skispringen ist eine olympische,native.de,sports
169,1075,Klaus Kinski arbeitete mehrmals mit Rainer Werner Fassbinder zusammen.,0,0,de,klaus kinski arbeitete mehrmals,native.de,entertainment
170,523,Cristiano Ronaldo ist Portugiese.,1,0,de,cristiano ronaldo ist portugiese,native.de,sports
171,1381,Karl May wurde 1899 geboren.,0,0,de,karl may wurde 1899,native.de,entertainment
172,125,Die Landeshauptstadt von Rheinland-Pfalz ist Trier.,0,0,de,die landeshauptstadt von rheinland,native.de,geography
173,188,Das Erzgebirge liegt in Brandenburg.,0,0,de,das erzgebirge liegt in,native.de,geography
174,518,Der Videobeweis im Fußball heißt VAR.,1,0,de,der videobeweis im fußball,native.de,sports
175,1812,Der Deutsche Zollverein wurde erst nach der Reichsgründung von 1871 geschaffen.,0,0,de,der deutsche zollverein wurde,native.de,history_news
176,1503,Der Waffenstillstand des Ersten Weltkriegs wurde am 11. November 1918 in Compiègne unterzeichnet.,1,0,de,der waffenstillstand des ersten,native.de,history_news
177,343,Der Fichtelberg liegt im Erzgebirge.,1,0,de,der fichtelberg liegt im,native.de,geography
178,1788,Die deutsche Märzrevolution fand im Jahr 1830 statt.,0,0,de,die deutsche märzrevolution fand,native.de,history_news
179,201,Der Walchensee liegt in Bayern.,1,0,de,der walchensee liegt in,native.de,geography
180,1713,Die zweitgrößte Stadt Deutschlands ist Bonn.,0,0,de,die zweitgrößte stadt deutschlands,native.de,history_news
181,1746,Der Anschluss Österreichs an das Deutsche Reich erfolgte im Jahr 1933.,0,0,de,der anschluss österreichs an,native.de,history_news
182,1170,Hannes Hegen erschuf die Comicserie 'Mosaik'.,1,0,de,hannes hegen erschuf die,native.de,entertainment
183,234,Deutschland grenzt an Litauen.,0,0,de,deutschland grenzt an litauen,native.de,geography
184,1618,Bonn war von 1949 bis 1990 die Hauptstadt der Bundesrepublik Deutschland.,1,0,de,bonn war von 1949,native.de,history_news
185,1077,Die Abrafaxe lösten 1992 die Digedags im 'Mosaik' ab.,0,0,de,die abrafaxe lösten 1992,native.de,entertainment
186,1530,Die bedingungslose Kapitulation der Wehrmacht erfolgte am 8. Mai 1946.,0,0,de,die bedingungslose kapitulation der,native.de,history_news
187,1249,Daniel Brühl spielte 2003 in 'Das Leben der Anderen' mit.,0,0,de,daniel brühl spielte 2003,native.de,entertainment
188,230,Die Landeshauptstadt von Baden-Württemberg ist Mannheim.,0,0,de,die landeshauptstadt von baden,native.de,geography
189,863,Beim alpinen Skirennen springt man über Hürden.,0,0,de,beim alpinen skirennen springt,native.de,sports
190,982,Fechten ist eine Wintersportart auf Eis.,0,0,de,fechten ist eine wintersportart,native.de,sports
191,652,Die Olympischen Spiele 1972 fanden in Berlin statt.,0,0,de,die olympischen spiele 1972,native.de,sports
192,441,Das Bundesland Berlin grenzt an das Bundesland Brandenburg.,1,0,de,das bundesland berlin grenzt,native.de,geography
193,558,Brasilien wurde zweimal Fußballweltmeister.,0,0,de,brasilien wurde zweimal fußballweltmeister,native.de,sports
194,961,Cricket ist in Indien völlig unbekannt.,0,1,de,cricket ist in indien,native.de,sports
195,1508,Das Konzentrationslager Auschwitz wurde 1945 von US-amerikanischen Truppen befreit.,0,0,de,das konzentrationslager auschwitz wurde,native.de,history_news
196,1982,Das Heilige Römische Reich wurde 1806 unter dem Druck Napoleons aufgelöst.,1,0,de,das heilige römische reich,native.de,history_news
197,385,Der Inn mündet in die Nordsee.,0,0,de,der inn mündet in,native.de,geography
198,1014,Das Satiremagazin 'Titanic' erscheint seit 1979.,1,0,de,das satiremagazin titanic erscheint,native.de,entertainment
199,1946,Regierung und Parlament zogen 1999 von Bonn nach Berlin um.,1,0,de,regierung und parlament zogen,native.de,history_news
200,1815,Die allgemeine Krankenversicherungspflicht gilt in Deutschland erst ab dem 80. Lebensjahr.,0,0,de,die allgemeine krankenversicherungspflicht gilt,native.de,history_news
201,655,Bei Olympia gibt es nur Goldmedaillen.,0,1,de,bei olympia gibt es,native.de,sports
202,437,Deutschland grenzt im Süden an Dänemark.,0,0,de,deutschland grenzt im süden,native.de,geography
203,620,Die Olympischen Winterspiele 2026 fanden in Italien statt.,1,0,de,die olympischen winterspiele 2026,native.de,sports
204,1437,Der Vater von Götz George war der Schauspieler Heinrich George.,1,0,de,der vater von götz,native.de,entertainment
205,790,Deutschland gewann die Handball-Weltmeisterschaft der Männer 2015.,0,0,de,deutschland gewann die handball,native.de,sports
206,1956,Walter Ulbricht führte die SED bis 1971.,1,0,de,walter ulbricht führte die,native.de,history_news
207,1329,Hape Kerkeling erschuf die Figur Nick Knatterton.,0,0,de,hape kerkeling erschuf die,native.de,entertainment
208,454,Der Wurmberg liegt im Bundesland Niedersachsen.,1,0,de,der wurmberg liegt im,native.de,geography
209,1744,Die Wannseekonferenz fand 1942 in der Stadt Nürnberg statt.,0,0,de,die wannseekonferenz fand 1942,native.de,history_news
210,295,Die Nordfriesischen Inseln gehören zu Schleswig-Holstein.,1,0,de,die nordfriesischen inseln gehören,native.de,geography
211,611,Die Olympischen Winterspiele 2018 fanden in Südkorea statt.,1,0,de,die olympischen winterspiele 2018,native.de,sports
212,311,Der Schweriner See liegt in Mecklenburg-Vorpommern.,1,0,de,der schweriner see liegt,native.de,geography
213,1186,Der Film 'Nosferatu' kam 1927 in die Kinos.,0,0,de,der film nosferatu kam,native.de,entertainment
214,221,Die Landeshauptstadt von Sachsen-Anhalt ist Magdeburg.,1,0,de,die landeshauptstadt von sachsen,native.de,geography
215,377,Die Stadt München liegt im Landesinneren Deutschlands.,1,0,de,die stadt münchen liegt,native.de,geography
216,1403,Die Band Scorpions wurde 1965 in Hannover gegründet.,1,0,de,die band scorpions wurde,native.de,entertainment
217,260,Die Alpen liegen im Süden Deutschlands.,1,0,de,die alpen liegen im,native.de,geography
218,1986,Wilhelm II. dankte 1918 ab und ging in die Niederlande ins Exil.,1,0,de,wilhelm ii dankte 1918,native.de,history_news
219,1767,Mercedes-Benz hat seinen Hauptsitz in Wolfsburg.,0,0,de,mercedes benz hat seinen,native.de,history_news
220,403,Die Rhön liegt in Nordrhein-Westfalen.,0,0,de,die rhön liegt in,native.de,geography
221,885,Der Führende der Tour de France trägt ein blaues Trikot.,0,0,de,der führende der tour,native.de,sports
222,1752,Herta Müller erhielt 2009 den Nobelpreis für Literatur.,1,0,de,herta müller erhielt 2009,native.de,history_news
223,531,Ein Unentschieden bringt in der Bundesliga einen Punkt.,1,0,de,ein unentschieden bringt in,native.de,sports
224,565,Der FC Bayern München gewann 2012 die Champions League.,0,0,de,der fc bayern münchen,native.de,sports
225,1295,"Gudrun Penndorf übersetzte den Ausspruch 'Die spinnen, die Römer'.",1,0,de,gudrun penndorf übersetzte den,native.de,entertainment
226,659,Die Olympischen Sommerspiele 2021 fanden in Rio de Janeiro statt.,0,0,de,die olympischen sommerspiele 2021,native.de,sports
227,1799,Rudolf Diesel entwickelte den ersten Ottomotor mit Benzinantrieb.,0,0,de,rudolf diesel entwickelte den,native.de,history_news
228,460,Der Neckar entspringt im Erzgebirge.,0,0,de,der neckar entspringt im,native.de,geography
229,1835,Johannes Gutenberg entwickelte um 1450 in Mainz den Buchdruck mit beweglichen Lettern.,1,0,de,johannes gutenberg entwickelte um,native.de,history_news
230,1586,Die Bayreuther Festspiele sind dem Werk Richard Wagners gewidmet.,1,0,de,die bayreuther festspiele sind,native.de,history_news
231,35,Die Elbe ist insgesamt etwa 1094 Kilometer lang.,1,0,de,die elbe ist insgesamt,native.de,geography
232,1302,Erika Fuchs arbeitete für den Ehapa Verlag.,1,0,de,erika fuchs arbeitete für,native.de,entertainment
233,1088,Wilhelm Busch wurde 1832 geboren.,1,0,de,wilhelm busch wurde 1832,native.de,entertainment
234,1715,Der Hauptpreis der Berlinale heißt Goldene Palme.,0,0,de,der hauptpreis der berlinale,native.de,history_news
235,1146,Dieter Bohlen saß in der Jury von 'Deutschland sucht den Superstar'.,1,0,de,dieter bohlen saß in,native.de,entertainment
236,1123,Klaus Kinski gewann 1979 den Deutschen Filmpreis für seine Rolle in 'Nosferatu'.,1,0,de,klaus kinski gewann 1979,native.de,entertainment
237,1787,Die Donau entspringt in Deutschland und mündet ins Schwarze Meer.,1,0,de,die donau entspringt in,native.de,history_news
238,1198,Der Song 'Atemlos durch die Nacht' von Helene Fischer erschien 2013.,1,0,de,der song atemlos durch,native.de,entertainment
239,1212,Herbert Grönemeyer spielte 1981 im Film 'Das Boot' mit.,1,0,de,herbert grönemeyer spielte 1981,native.de,entertainment
240,513,Borussia Dortmund spielt im Signal Iduna Park.,1,0,de,borussia dortmund spielt im,native.de,sports
241,597,Miroslav Klose spielte für die brasilianische Nationalmannschaft.,0,0,de,miroslav klose spielte für,native.de,sports
242,1404,Der Deutsche Filmpreis wird seit 1951 verliehen.,1,0,de,der deutsche filmpreis wird,native.de,entertainment
243,954,Ein Touchdown zählt einen Punkt.,0,0,de,ein touchdown zählt einen,native.de,sports
244,610,IOC steht für Internationales Olympisches Komitee.,1,0,de,ioc steht für internationales,native.de,sports
245,1297,Armin Mueller-Stahl erhielt 1997 einen Oscar für 'Shine'.,0,0,de,armin mueller stahl erhielt,native.de,entertainment
246,459,Die Stadt St. Peter-Ording liegt an der Nordsee.,1,0,de,die stadt st peter,native.de,geography
247,386,Sachsen und Mecklenburg-Vorpommern haben eine gemeinsame Grenze.,0,0,de,sachsen und mecklenburg vorpommern,native.de,geography
248,1590,Im Deutschen Krieg von 1866 siegte Preußen bei Königgrätz über Österreich.,1,0,de,im deutschen krieg von,native.de,history_news
249,176,Deutschland hat weniger als 10 Millionen Einwohner.,0,0,de,deutschland hat weniger als,native.de,geography
250,1033,"Das Buch 'Oh, wie schön ist Panama' stammt von Walter Moers.",0,0,de,das buch oh wie,native.de,entertainment
251,1414,Thomas Gottschalk moderierte die Sendung 'Na sowas!'.,1,0,de,thomas gottschalk moderierte die,native.de,entertainment
252,1229,Daniel Brühl spielte Niki Lauda im Film 'Rush'.,1,0,de,daniel brühl spielte niki,native.de,entertainment
253,1328,Marlene Dietrichs Hollywood-Debüt war der Film 'Marokko'.,1,0,de,marlene dietrichs hollywood debüt,native.de,entertainment
254,1623,Die Fußballweltmeisterschaft 2006 fand in Österreich und der Schweiz statt.,0,0,de,die fußballweltmeisterschaft 2006 fand,native.de,history_news
255,62,Polen liegt östlich von Deutschland.,1,0,de,polen liegt östlich von,native.de,geography
256,1868,Helmut Kohl war insgesamt nur vier Jahre lang Bundeskanzler.,0,1,de,helmut kohl war insgesamt,native.de,history_news
257,1630,Das aktive Wahlrecht bei Bundestagswahlen gilt in Deutschland erst ab 21 Jahren.,0,0,de,das aktive wahlrecht bei,native.de,history_news
258,2000,Das Bundesverfassungsgericht hat seinen Sitz in München.,0,0,de,das bundesverfassungsgericht hat seinen,native.de,history_news
259,228,Der Brocken liegt im Bundesland Mecklenburg-Vorpommern.,0,0,de,der brocken liegt im,native.de,geography
260,1092,Sandra Hüller spielte 2023 in 'Anatomie eines Falls' mit.,1,0,de,sandra hüller spielte 2023,native.de,entertainment
261,15,Die Stadt Schwerin liegt im Bundesland Rheinland-Pfalz.,0,0,de,die stadt schwerin liegt,native.de,geography
262,522,Lionel Messi ist Argentinier.,1,0,de,lionel messi ist argentinier,native.de,sports
263,1149,Fatih Akin gewann 2018 den Golden Globe für 'Aus dem Nichts'.,1,0,de,fatih akin gewann 2018,native.de,entertainment
264,502,Eine Fußballmannschaft hat elf Spieler auf dem Feld.,1,0,de,eine fußballmannschaft hat elf,native.de,sports
265,848,Formel-1-Autos haben vier Räder.,1,0,de,formel 1 autos haben,native.de,sports
266,1411,Die Band Die Ärzte wurde 1982 in Düsseldorf gegründet.,0,0,de,die band die ärzte,native.de,entertainment
267,983,Beim Fechten gehört der Speer zu den drei Wettkampfwaffen.,0,0,de,beim fechten gehört der,native.de,sports
268,1478,Til Schweiger spielte 1994 in 'Der bewegte Mann' mit.,1,0,de,til schweiger spielte 1994,native.de,entertainment
269,1786,Hauptstadt Deutschlands ist seit der Wiedervereinigung Frankfurt am Main.,0,0,de,hauptstadt deutschlands ist seit,native.de,history_news
270,774,Michael Jordan spielte für die New York Yankees.,0,0,de,michael jordan spielte für,native.de,sports
271,746,Ein Handballspiel hat zwei Halbzeiten.,1,0,de,ein handballspiel hat zwei,native.de,sports
272,1468,Erich Kästner schrieb das Drehbuch für 'Münchhausen' unter einem Pseudonym.,1,0,de,erich kästner schrieb das,native.de,entertainment
273,1392,Uli Stein war als Cartoonist bekannt für seine Sportmotive.,0,0,de,uli stein war als,native.de,entertainment
274,547,Miroslav Klose ist Rekordtorschütze bei Weltmeisterschaften.,1,0,de,miroslav klose ist rekordtorschütze,native.de,sports
275,1645,Das Ermächtigungsgesetz wurde im März 1933 verabschiedet.,1,0,de,das ermächtigungsgesetz wurde im,native.de,history_news
276,745,Beim Handball gibt es Zeitstrafen von zwei Minuten.,1,0,de,beim handball gibt es,native.de,sports
277,224,Die Insel Wangerooge liegt in der Nordsee.,1,0,de,die insel wangerooge liegt,native.de,geography
278,1675,Carl Benz meldete 1886 sein Patent für einen Motorwagen an.,1,0,de,carl benz meldete 1886,native.de,history_news
279,1039,Werner Herzog gewann 1968 den Goldenen Bären für 'Lebenszeichen'.,0,0,de,werner herzog gewann 1968,native.de,entertainment
280,1785,Das Sondervermögen für die Bundeswehr von 2022 umfasste 10 Millionen Euro.,0,0,de,das sondervermögen für die,native.de,history_news
281,1598,Thomas Mann erhielt 1929 den Nobelpreis für Literatur.,1,0,de,thomas mann erhielt 1929,native.de,history_news
282,1518,Der Élysée-Vertrag zwischen Deutschland und Frankreich wurde 1963 geschlossen.,1,0,de,der élysée vertrag zwischen,native.de,history_news
283,153,Der Watzmann liegt im Bundesland Bayern.,1,0,de,der watzmann liegt im,native.de,geography
284,1687,Deutsch-Südwestafrika lag auf dem Gebiet des heutigen Nigeria.,0,0,de,deutsch südwestafrika lag auf,native.de,history_news
285,688,Brustschwimmen ist eine Sportart auf dem Eis.,0,0,de,brustschwimmen ist eine sportart,native.de,sports
286,1371,Hannes Hegen hieß mit bürgerlichem Namen Johannes Feldmann.,0,0,de,hannes hegen hieß mit,native.de,entertainment
287,677,Der Zehnkampf besteht aus drei Disziplinen.,0,0,de,der zehnkampf besteht aus,native.de,sports
288,1909,Der erste Reichspräsident der Weimarer Republik war Paul von Hindenburg.,0,0,de,der erste reichspräsident der,native.de,history_news
289,56,Die Ems mündet in die Nordsee.,1,0,de,die ems mündet in,native.de,geography
290,142,Die Insel Sylt liegt in der Nordsee.,1,0,de,die insel sylt liegt,native.de,geography
291,1740,Die deutsch-deutsche Währungsunion trat erst im Jahr 1995 in Kraft.,0,0,de,die deutsch deutsche währungsunion,native.de,history_news
292,894,Beim Zeitfahren starten alle Fahrer gemeinsam.,0,0,de,beim zeitfahren starten alle,native.de,sports
293,203,Sachsen grenzt an Frankreich und Belgien.,0,0,de,sachsen grenzt an frankreich,native.de,geography
294,1853,Die Amtszeit des Bundespräsidenten beträgt fünf Jahre.,1,0,de,die amtszeit des bundespräsidenten,native.de,history_news
295,575,Die Weltmeisterschaft 2022 fand in Japan statt.,0,0,de,die weltmeisterschaft 2022 fand,native.de,sports
296,981,Beim Bodenturnen turnt man auf dem Wasser.,0,0,de,beim bodenturnen turnt man,native.de,sports
297,888,Die Vuelta ist ein Radrennen in Japan.,0,0,de,die vuelta ist ein,native.de,sports
298,1274,Nick Knatterton erschien erstmals in der Zeitschrift Mosaik.,0,0,de,nick knatterton erschien erstmals,native.de,entertainment
299,598,Die Europameisterschaft 2024 fand in Brasilien statt.,0,0,de,die europameisterschaft 2024 fand,native.de,sports
300,1449,Gudrun Penndorf übersetzte den Ausspruch 'Gitarren statt Knarren'.,0,0,de,gudrun penndorf übersetzte den,native.de,entertainment
301,1043,Deutschland gewann 2010 zum ersten Mal den Eurovision Song Contest.,0,0,de,deutschland gewann 2010 zum,native.de,entertainment
302,1277,Diane Kruger spielte die Helena im Film 'Troja'.,1,0,de,diane kruger spielte die,native.de,entertainment
303,1292,Marlene Dietrich wurde am 27. Dezember 1901 in Berlin geboren.,1,0,de,marlene dietrich wurde am,native.de,entertainment
304,1201,Der Song 'Wind of Change' von Scorpions erschien 1985.,0,0,de,der song wind of,native.de,entertainment
305,749,Beim Beachvolleyball spielen zwei Spieler pro Team.,1,0,de,beim beachvolleyball spielen zwei,native.de,sports
306,394,Das Bundesland Bremen grenzt an das Bundesland Niedersachsen.,1,0,de,das bundesland bremen grenzt,native.de,geography
307,218,Der Dollberg ist etwa 1895 Meter hoch.,0,0,de,der dollberg ist etwa,native.de,geography
308,761,Steffi Graf kommt aus Frankreich.,0,0,de,steffi graf kommt aus,native.de,sports
309,1711,Der Rhein ist der längste Fluss auf deutschem Staatsgebiet.,1,0,de,der rhein ist der,native.de,history_news
310,40,Der Schwarzwald liegt in Baden-Württemberg.,1,0,de,der schwarzwald liegt in,native.de,geography
311,1843,Die Sozialistengesetze galten im Deutschen Reich von 1878 bis 1890.,1,0,de,die sozialistengesetze galten im,native.de,history_news
312,67,Das Steinhuder Meer liegt in Thüringen.,0,0,de,das steinhuder meer liegt,native.de,geography
313,1992,"Berlin, Hamburg und Bremen sind Stadtstaaten.",1,0,de,berlin hamburg und bremen,native.de,history_news
314,1640,Die duale Ausbildung findet in Deutschland ausschließlich an Universitäten statt.,0,1,de,die duale ausbildung findet,native.de,history_news
315,980,Der Barren ist ein Musikinstrument.,0,0,de,der barren ist ein,native.de,sports
316,207,Deutschland grenzt an der Schweiz.,1,0,de,deutschland grenzt an der,native.de,geography
317,400,Die Spree fließt durch Aschaffenburg.,0,0,de,die spree fließt durch,native.de,geography
318,872,Ferrari ist ein Basketballteam aus den USA.,0,0,de,ferrari ist ein basketballteam,native.de,sports
319,1693,Der Bundestag kann den Bundeskanzler bereits mit den Stimmen eines Viertels seiner Mitglieder durch einen Nachfolger ersetzen.,0,0,de,der bundestag kann den,native.de,history_news
320,576,Die Weltmeisterschaft 2006 fand in Südafrika statt.,0,0,de,die weltmeisterschaft 2006 fand,native.de,sports
321,1084,Der Bambi wurde ursprünglich in Hamburg vergeben.,0,0,de,der bambi wurde ursprünglich,native.de,entertainment
322,6,Der Wurmberg liegt im Bundesland Mecklenburg-Vorpommern.,0,0,de,der wurmberg liegt im,native.de,geography
323,59,Die Stadt Cuxhaven liegt an der Ostsee.,0,0,de,die stadt cuxhaven liegt,native.de,geography
324,1128,Marlene Dietrich wurde am 27. Dezember 1901 in Hamburg geboren.,0,0,de,marlene dietrich wurde am,native.de,entertainment
325,1525,Der Deutsche Bauernkrieg fand in den Jahren 1524 und 1525 statt.,1,0,de,der deutsche bauernkrieg fand,native.de,history_news
326,897,Beim Skilanglauf benutzt man Golfschläger zum Abstoßen.,0,0,de,beim skilanglauf benutzt man,native.de,sports
327,1094,Christian Petzold führte bei 'Toni Erdmann' Regie.,0,0,de,christian petzold führte bei,native.de,entertainment
328,1322,Marlene Dietrich starb im Jahr 1992 in Paris.,1,0,de,marlene dietrich starb im,native.de,entertainment
329,93,Die Stadt Erfurt liegt im Landesinneren Deutschlands.,1,0,de,die stadt erfurt liegt,native.de,geography
330,1215,Werner Herzog gewann 1968 den Silbernen Bären für 'Lebenszeichen'.,1,0,de,werner herzog gewann 1968,native.de,entertainment
331,727,Dirk Nowitzki kommt aus Deutschland.,1,0,de,dirk nowitzki kommt aus,native.de,sports
332,966,Ein Niederschlag im Boxen wird Homerun genannt.,0,0,de,ein niederschlag im boxen,native.de,sports
333,1840,Die Nord-Stream-Pipelines wurden im September 2022 durch Explosionen beschädigt.,1,0,de,die nord stream pipelines,native.de,history_news
334,1739,Bei den Olympischen Spielen 1972 in München verübten Terroristen ein Attentat auf die israelische Mannschaft.,1,0,de,bei den olympischen spielen,native.de,history_news
335,279,Die Fränkische Schweiz liegt in Bayern.,1,0,de,die fränkische schweiz liegt,native.de,geography
336,793,Ein Handballtor ist zehn Meter breit.,0,0,de,ein handballtor ist zehn,native.de,sports
337,134,Nordrhein-Westfalen und Rheinland-Pfalz haben eine gemeinsame Grenze.,1,0,de,nordrhein westfalen und rheinland,native.de,geography
338,1933,Die Bundesrepublik Deutschland und die DDR wurden 1973 in die Vereinten Nationen aufgenommen.,1,0,de,die bundesrepublik deutschland und,native.de,history_news
339,145,Die Ostfriesischen Inseln gehören zu Niedersachsen.,1,0,de,die ostfriesischen inseln gehören,native.de,geography
340,633,Die 4-mal-100-Meter-Staffel besteht aus vier Läufern.,1,0,de,die 4 mal 100,native.de,sports
341,1993,Preußen wurde erst 1871 zum Königreich erhoben.,0,0,de,preußen wurde erst 1871,native.de,history_news
342,806,Beim Eishockey hat eine Mannschaft sechs Spieler auf dem Eis.,1,0,de,beim eishockey hat eine,native.de,sports
343,1362,Das Album 'Mensch' von Herbert Grönemeyer erschien 2002.,1,0,de,das album mensch von,native.de,entertainment
344,795,Beim Handball gibt es Zeitstrafen von dreißig Minuten.,0,0,de,beim handball gibt es,native.de,sports
345,1927,Die SPD ist die älteste noch bestehende Partei Deutschlands.,1,0,de,die spd ist die,native.de,history_news
346,1610,Olaf Scholz gewann im Dezember 2024 die von ihm gestellte Vertrauensfrage deutlich.,0,0,de,olaf scholz gewann im,native.de,history_news
347,20,Das Bundesland Hamburg grenzt an das Bundesland Schleswig-Holstein.,1,0,de,das bundesland hamburg grenzt,native.de,geography
348,1499,Erich Kästner schrieb die Winnetou-Romane.,0,0,de,erich kästner schrieb die,native.de,entertainment
349,879,Die Zielflagge in der Formel 1 ist grün.,0,0,de,die zielflagge in der,native.de,sports
350,55,Die Donau fließt durch Ulm.,1,0,de,die donau fließt durch,native.de,geography
351,1682,Die Berliner Mauer fiel am 9. November 1989.,1,0,de,die berliner mauer fiel,native.de,history_news
352,1155,Janosch wurde 1931 in Oberschlesien geboren.,1,0,de,janosch wurde 1931 in,native.de,entertainment
353,1342,Moritz Bleibtreu spielte den Manni in 'Lola rennt'.,1,0,de,moritz bleibtreu spielte den,native.de,entertainment
354,1860,Das Bündnis Sahra Wagenknecht wurde 2024 als Partei gegründet.,1,0,de,das bündnis sahra wagenknecht,native.de,history_news
355,1223,Marlene Dietrichs Hollywood-Debüt war der Film 'Der blaue Engel'.,0,0,de,marlene dietrichs hollywood debüt,native.de,entertainment
356,1893,Erich Honecker war von 1971 bis 1989 Bundespräsident der Bundesrepublik.,0,0,de,erich honecker war von,native.de,history_news
357,1958,Ludwig Erhard war der erste Bundeskanzler der Bundesrepublik.,0,0,de,ludwig erhard war der,native.de,history_news
358,2,Die Insel Föhr liegt in der Nordsee.,1,0,de,die insel föhr liegt,native.de,geography
359,1512,Michael Schumacher gewann sieben Weltmeistertitel in der Formel 1.,1,0,de,michael schumacher gewann sieben,native.de,history_news
360,1753,Deutschland gewann die Fußballweltmeisterschaft zuletzt im Jahr 2022 in Katar.,0,0,de,deutschland gewann die fußballweltmeisterschaft,native.de,history_news
361,114,Der Harz erstreckt sich über Bayern und Baden-Württemberg.,0,0,de,der harz erstreckt sich,native.de,geography
362,1897,Artikel 1 des Grundgesetzes lautet: Die Würde des Menschen ist unantastbar.,1,0,de,artikel 1 des grundgesetzes,native.de,history_news
363,1050,Klaus Kinski spielte die Hauptrolle in 'Fitzcarraldo'.,1,0,de,klaus kinski spielte die,native.de,entertainment
364,439,Die Loreley ist ein Felsen am Rhein.,1,0,de,die loreley ist ein,native.de,geography
365,1475,Götz George spielte den Kommissar Schimanski im 'Tatort'.,1,0,de,götz george spielte den,native.de,entertainment
366,83,Die Stadt Husum liegt im Bundesland Nordrhein-Westfalen.,0,0,de,die stadt husum liegt,native.de,geography
367,380,Der Nord-Ostsee-Kanal verbindet die Nordsee mit der Ostsee.,1,0,de,der nord ostsee kanal,native.de,geography
368,1407,Wim Wenders erhielt 1982 die Goldene Palme für 'Der Stand der Dinge'.,0,0,de,wim wenders erhielt 1982,native.de,entertainment
369,1443,Benjamin Blümchen ist in dem Hörspiel ein Bär.,0,0,de,benjamin blümchen ist in,native.de,entertainment
370,327,Der Ammersee liegt in Sachsen-Anhalt.,0,0,de,der ammersee liegt in,native.de,geography
371,1255,Loriot starb im Jahr 2011.,1,0,de,loriot starb im jahr,native.de,entertainment
372,323,Die Insel Helgoland liegt in einem Binnensee in Bayern.,0,0,de,die insel helgoland liegt,native.de,geography
373,1602,Deutschland grenzt an neun Nachbarstaaten.,1,0,de,deutschland grenzt an neun,native.de,history_news
374,1810,Das Bundesverfassungsgericht hat seinen Sitz in Karlsruhe.,1,0,de,das bundesverfassungsgericht hat seinen,native.de,history_news
375,1648,Die Melodie der deutschen Nationalhymne stammt von Joseph Haydn.,1,0,de,die melodie der deutschen,native.de,history_news
376,462,Das Bundesland Rheinland-Pfalz grenzt an das Bundesland Bayern.,0,0,de,das bundesland rheinland pfalz,native.de,geography
377,426,"Deutschland lässt sich grob in Norddeutsches Tiefland, Mittelgebirge und Alpenraum gliedern.",1,0,de,deutschland lässt sich grob,native.de,geography
378,1100,Klaus Kinski starb im Jahr 1991 in den USA.,1,0,de,klaus kinski starb im,native.de,entertainment
379,123,Der Schweriner See liegt in Saarland.,0,0,de,der schweriner see liegt,native.de,geography
380,882,Die Rallye Dakar ist ein Schwimmwettbewerb.,0,0,de,die rallye dakar ist,native.de,sports
381,447,Deutschland grenzt an Italien.,0,0,de,deutschland grenzt an italien,native.de,geography
382,49,Frankreich liegt nördlich von Deutschland.,0,0,de,frankreich liegt nördlich von,native.de,geography
383,1310,Der Comic 'Packeis' von Simon Schwartz gewann 2010 den Max-und-Moritz-Preis.,0,0,de,der comic packeis von,native.de,entertainment
384,678,Der Siebenkampf besteht aus zwölf Disziplinen.,0,0,de,der siebenkampf besteht aus,native.de,sports
385,1241,Werner Herzog drehte den Dokumentarfilm 'Mein liebster Feind' über Klaus Kinski.,1,0,de,werner herzog drehte den,native.de,entertainment
386,1261,Manfred Schmidt starb im Jahr 1999.,1,0,de,manfred schmidt starb im,native.de,entertainment
387,504,Eine rote Karte bedeutet einen Platzverweis.,1,0,de,eine rote karte bedeutet,native.de,sports
388,1902,Deutschland ist eine präsidiale Republik nach US-amerikanischem Vorbild.,0,0,de,deutschland ist eine präsidiale,native.de,history_news
389,1227,Erich Ohser zeichnete den Comic 'Vater und Sohn' unter dem Namen e.o.plauen.,1,0,de,erich ohser zeichnete den,native.de,entertainment
390,299,Der Brocken ist der höchste Berg Deutschlands.,0,0,de,der brocken ist der,native.de,geography
391,53,Die Stadt Nürnberg liegt im Bundesland Thüringen.,0,0,de,die stadt nürnberg liegt,native.de,geography
392,1741,Staatliche Hochschulen in Deutschland erhalten öffentliche Mittel.,1,0,de,staatliche hochschulen in deutschland,native.de,history_news
393,1793,Das Bundesverfassungsgericht kann Gesetze für verfassungswidrig erklären.,1,0,de,das bundesverfassungsgericht kann gesetze,native.de,history_news
394,714,Ein Ass bringt dem Aufschläger im Tennis einen Punkt.,1,0,de,ein ass bringt dem,native.de,sports
395,1597,Der Aufstand der Herero richtete sich 1904 gegen die britische Kolonialmacht.,0,0,de,der aufstand der herero,native.de,history_news
396,361,Die Insel Juist liegt in der Nordsee.,1,0,de,die insel juist liegt,native.de,geography
397,1811,Bildung ist in Deutschland Sache der Bundesländer.,1,0,de,bildung ist in deutschland,native.de,history_news
398,770,Die NBA ist eine Fußballliga in Spanien.,0,0,de,die nba ist eine,native.de,sports
399,564,In der Bundesliga spielen 24 Vereine.,0,0,de,in der bundesliga spielen,native.de,sports
400,744,Die Handball-Bundesliga gibt es in Deutschland.,1,0,de,die handball bundesliga gibt,native.de,sports
401,160,Die Stadt Leipzig liegt im Bundesland Saarland.,0,0,de,die stadt leipzig liegt,native.de,geography
402,1166,Bela B ist Mitglied der Band Die Toten Hosen.,0,0,de,bela b ist mitglied,native.de,entertainment
403,319,Die Stadt Eisenach liegt im Bundesland Baden-Württemberg.,0,0,de,die stadt eisenach liegt,native.de,geography
404,925,Tischtennis wird auf einer Platte mit Netz gespielt.,1,0,de,tischtennis wird auf einer,native.de,sports
405,533,Das Finale des DFB-Pokals findet in Berlin statt.,1,0,de,das finale des dfb,native.de,sports
406,486,Die Stadt Greifswald liegt an der Ostsee.,1,0,de,die stadt greifswald liegt,native.de,geography
407,252,Die Insel Juist liegt in der Ostsee.,0,0,de,die insel juist liegt,native.de,geography
408,1287,Tom Tykwer gründete die Firma X Filme Creative Pool mit.,1,0,de,tom tykwer gründete die,native.de,entertainment
409,1608,Der deutsche Leitindex DAX umfasst seit 2021 vierzig Unternehmen.,1,0,de,der deutsche leitindex dax,native.de,history_news
410,191,Bonn war bis 1990 die Hauptstadt der Bundesrepublik Deutschland.,1,0,de,bonn war bis 1990,native.de,geography
411,1838,Durch die Wahlrechtsreform wurde die Größe des Bundestages auf 630 Sitze begrenzt.,1,0,de,durch die wahlrechtsreform wurde,native.de,history_news
412,616,Die ersten modernen Olympischen Spiele fanden in Athen statt.,1,0,de,die ersten modernen olympischen,native.de,sports
413,1296,"Daniel Brühl spielte 2003 in 'Good Bye, Lenin!' mit.",1,0,de,daniel brühl spielte 2003,native.de,entertainment
414,1534,Die Schlacht um Verdun fand im Jahr 1916 statt.,1,0,de,die schlacht um verdun,native.de,history_news
415,352,Das Bundesland Baden-Württemberg grenzt an das Bundesland Rheinland-Pfalz.,1,0,de,das bundesland baden württemberg,native.de,geography
416,1779,"Die Ampel-Koalition aus SPD, Grünen und FDP regierte Deutschland von 2010 bis 2024.",0,0,de,die ampel koalition aus,native.de,history_news
417,1138,Hape Kerkeling wurde 1964 in Essen geboren.,0,0,de,hape kerkeling wurde 1964,native.de,entertainment
418,1360,Veronica Ferres gewann 2002 den Adolf-Grimme-Preis in Gold.,1,0,de,veronica ferres gewann 2002,native.de,entertainment
419,741,Handball ist eine olympische Sportart.,1,0,de,handball ist eine olympische,native.de,sports
420,1257,Karl May erschuf die Figur Nick Knatterton.,0,0,de,karl may erschuf die,native.de,entertainment
421,254,Deutschland grenzt an Frankreich.,1,0,de,deutschland grenzt an frankreich,native.de,geography
422,1517,Hamburg ist die zweitgrößte Stadt Deutschlands.,1,0,de,hamburg ist die zweitgrößte,native.de,history_news
423,300,Die Fulda fließt durch Cochem.,0,0,de,die fulda fließt durch,native.de,geography
424,1922,Die Bundesrepublik Deutschland trat den Vereinten Nationen bereits 1949 bei.,0,0,de,die bundesrepublik deutschland trat,native.de,history_news
425,569,Die FIFA ist der Weltverband für Basketball.,0,0,de,die fifa ist der,native.de,sports
426,839,Im Radsport trägt man einen Helm.,1,0,de,im radsport trägt man,native.de,sports
427,1286,Klaus Kinski starb im Jahr 1991 in Deutschland.,0,0,de,klaus kinski starb im,native.de,entertainment
428,1523,Die Schuldenbremse ist seit 2009 im Grundgesetz verankert.,1,0,de,die schuldenbremse ist seit,native.de,history_news
429,566,Ein Hattrick sind fünf Tore eines Spielers in einem Spiel.,0,0,de,ein hattrick sind fünf,native.de,sports
430,1400,Janosch erhielt 1993 den Max-und-Moritz-Preis.,0,0,de,janosch erhielt 1993 den,native.de,entertainment
431,272,Rügen ist die größte Insel Deutschlands.,1,0,de,rügen ist die größte,native.de,geography
432,215,Das Bundesland Hessen grenzt an das Bundesland Berlin.,0,0,de,das bundesland hessen grenzt,native.de,geography
433,1462,Michael Herbig führte bei 'Otto – Der Film' Regie.,0,0,de,michael herbig führte bei,native.de,entertainment
434,1333,Iris Berben spielte die Kommissarin Rosa Roth.,1,0,de,iris berben spielte die,native.de,entertainment
435,537,Der 1. FC Köln kommt aus Köln.,1,0,de,der 1 fc köln,native.de,sports
436,1756,Der Versailler Vertrag wurde im Jahr 1923 unterzeichnet.,0,0,de,der versailler vertrag wurde,native.de,history_news
437,1692,Der Bundestag beschloss 2022 ein Sondervermögen von 100 Milliarden Euro für die Bundeswehr.,1,0,de,der bundestag beschloss 2022,native.de,history_news
438,667,Eishockey ist eine olympische Sommersportart.,0,0,de,eishockey ist eine olympische,native.de,sports
439,527,Ein Tor zählt im Fußball einen Punkt.,1,0,de,ein tor zählt im,native.de,sports
440,588,Die Champions League ist ein südamerikanischer Vereinswettbewerb.,0,0,de,die champions league ist,native.de,sports
441,782,Beim Basketball gibt es drei Halbzeiten.,0,0,de,beim basketball gibt es,native.de,sports
442,1650,Die Deutsche Bundesbank hat ihren Sitz in Hamburg.,0,0,de,die deutsche bundesbank hat,native.de,history_news
443,1658,Die Völkerschlacht bei Leipzig fand im Oktober 1813 statt.,1,0,de,die völkerschlacht bei leipzig,native.de,history_news
444,5,Das Bundesland Niedersachsen grenzt an das Bundesland Brandenburg.,1,0,de,das bundesland niedersachsen grenzt,native.de,geography
445,205,Die Insel Spiekeroog liegt in der Nordsee.,1,0,de,die insel spiekeroog liegt,native.de,geography
446,1783,Die FDP erzielte bei der Bundestagswahl 2025 über 20 Prozent der Stimmen.,0,0,de,die fdp erzielte bei,native.de,history_news
447,409,Im Norden grenzt Deutschland an Österreich und die Schweiz.,0,0,de,im norden grenzt deutschland,native.de,geography
448,435,Der Rhein fließt in Deutschland überwiegend von Süden nach Norden.,1,0,de,der rhein fließt in,native.de,geography
449,1490,Tom Tykwer gründete die Firma Bavaria Film mit.,0,0,de,tom tykwer gründete die,native.de,entertainment
450,220,Das Bundesland Bayern grenzt an das Bundesland Hamburg.,0,0,de,das bundesland bayern grenzt,native.de,geography
451,832,Die Rallye Dakar ist ein Motorsportwettbewerb.,1,0,de,die rallye dakar ist,native.de,sports
452,458,Freiburg im Breisgau liegt im Nordosten Deutschlands.,0,0,de,freiburg im breisgau liegt,native.de,geography
453,722,Ein Freiwurf zählt beim Basketball einen Punkt.,1,0,de,ein freiwurf zählt beim,native.de,sports
454,1064,Der Siegersong von Nicole aus dem Jahr 1982 heißt 'Satellite'.,0,0,de,der siegersong von nicole,native.de,entertainment
455,1194,Die Band Rammstein wurde 1994 in Hamburg gegründet.,0,0,de,die band rammstein wurde,native.de,entertainment
456,1104,Das Jugendmagazin 'Yps' erschien erstmals 1975.,1,0,de,das jugendmagazin yps erschien,native.de,entertainment
457,1035,Klaus Meine ist der Sänger der Scorpions.,1,0,de,klaus meine ist der,native.de,entertainment
458,1814,Die Ehe für gleichgeschlechtliche Paare wurde in Deutschland im Jahr 1950 eingeführt.,0,0,de,die ehe für gleichgeschlechtliche,native.de,history_news
459,1954,Der Wiener Kongress tagte 1848 in Berlin.,0,0,de,der wiener kongress tagte,native.de,history_news
460,843,Ein Rennrad hat zwei Räder.,1,0,de,ein rennrad hat zwei,native.de,sports
461,963,Beim Boxen kämpfen fünf Sportler gleichzeitig.,0,0,de,beim boxen kämpfen fünf,native.de,sports
462,482,Die Stadt Stuttgart liegt im Landesinneren Deutschlands.,1,0,de,die stadt stuttgart liegt,native.de,geography
463,269,Die Leine fließt durch Hannover.,1,0,de,die leine fließt durch,native.de,geography
464,712,Roger Federer kommt aus der Schweiz.,1,0,de,roger federer kommt aus,native.de,sports
465,32,Die Saale fließt durch Halle (Saale).,1,0,de,die saale fließt durch,native.de,geography
466,884,Die Tour de France findet alle zehn Jahre statt.,0,0,de,die tour de france,native.de,sports
467,1973,Die Elbe fließt durch Dresden und Hamburg.,1,0,de,die elbe fließt durch,native.de,history_news
468,1483,Til Schweiger wurde 1963 in Freiburg im Breisgau geboren.,1,0,de,til schweiger wurde 1963,native.de,entertainment
469,479,Die Insel Borkum liegt in der Ostsee.,0,0,de,die insel borkum liegt,native.de,geography
470,1327,Die Band Die Toten Hosen wurde 1982 in Düsseldorf gegründet.,1,0,de,die band die toten,native.de,entertainment
471,1423,Tom Tykwer verfilmte den Roman 'Die Blechtrommel'.,0,0,de,tom tykwer verfilmte den,native.de,entertainment
472,1409,Ralf König wurde 1960 in Münster geboren.,0,0,de,ralf könig wurde 1960,native.de,entertainment
473,747,Volleyball wird über ein Netz gespielt.,1,0,de,volleyball wird über ein,native.de,sports
474,1780,Die erste Frau im Amt des Bundeskanzlers war Ursula von der Leyen.,0,0,de,die erste frau im,native.de,history_news
475,348,Der Thüringer Wald liegt in Berlin.,0,0,de,der thüringer wald liegt,native.de,geography
476,1485,Otto Waalkes veröffentlichte 1982 seine erste LP.,0,0,de,otto waalkes veröffentlichte 1982,native.de,entertainment
477,1773,Die Brüder Grimm veröffentlichten ihre Märchensammlung erstmals im Jahr 1912.,0,0,de,die brüder grimm veröffentlichten,native.de,history_news
478,1272,Die Begleitband von Udo Lindenberg heißt Rammstein.,0,0,de,die begleitband von udo,native.de,entertainment
479,1541,Deutschland hat rund 83 Millionen Einwohner.,1,0,de,deutschland hat rund 83,native.de,history_news
480,938,Rudern ist eine olympische Sportart.,1,0,de,rudern ist eine olympische,native.de,sports
481,936,Gewichtheben ist eine olympische Sportart.,1,0,de,gewichtheben ist eine olympische,native.de,sports
482,901,Beim American Football hat eine Mannschaft elf Spieler auf dem Feld.,1,0,de,beim american football hat,native.de,sports
483,1350,Ulrich Mühe spielte die Hauptrolle in 'Das Leben der Anderen'.,1,0,de,ulrich mühe spielte die,native.de,entertainment
484,490,Der Schwarzwald liegt in Thüringen.,0,0,de,der schwarzwald liegt in,native.de,geography
485,90,Die Wasserkuppe liegt in der Rhön.,1,0,de,die wasserkuppe liegt in,native.de,geography
486,1839,Die Berliner Mauer fiel am 3. Oktober 1989.,0,0,de,die berliner mauer fiel,native.de,history_news
487,769,Ein Basketballkorb hängt in zehn Metern Höhe.,0,0,de,ein basketballkorb hängt in,native.de,sports
488,1963,Das flächenmäßig kleinste Bundesland ist Niedersachsen.,0,0,de,das flächenmäßig kleinste bundesland,native.de,history_news
489,1572,Der größte Seehafen Deutschlands liegt in Stuttgart.,0,0,de,der größte seehafen deutschlands,native.de,history_news
490,178,Die Regnitz fließt durch Fürth.,1,0,de,die regnitz fließt durch,native.de,geography
491,312,Der Langenberg liegt im Bundesland Baden-Württemberg.,0,0,de,der langenberg liegt im,native.de,geography
492,1122,Erika Fuchs starb im Jahr 1998 in München.,0,0,de,erika fuchs starb im,native.de,entertainment
493,1190,Janosch erhielt 1993 das Bundesverdienstkreuz.,1,0,de,janosch erhielt 1993 das,native.de,entertainment
494,1169,Das Album 'Mensch' von Herbert Grönemeyer erschien 1984.,0,0,de,das album mensch von,native.de,entertainment
495,1071,Doris Dörrie führte bei 'Männer' Regie.,1,0,de,doris dörrie führte bei,native.de,entertainment
496,1521,Das flächenmäßig größte Bundesland Deutschlands ist das Saarland.,0,0,de,das flächenmäßig größte bundesland,native.de,history_news
497,1412,Nicole gewann 1982 den Eurovision Song Contest für Deutschland.,1,0,de,nicole gewann 1982 den,native.de,entertainment
498,1221,Jede Ausgabe von 'Yps' enthielt ein Gimmick-Spielzeug.,1,0,de,jede ausgabe von yps,native.de,entertainment
499,1176,Iris Berben wurde 1950 in Detmold geboren.,1,0,de,iris berben wurde 1950,native.de,entertainment
500,796,Ein Handballspiel hat vier Viertel.,0,0,de,ein handballspiel hat vier,native.de,sports
501,818,Michael Schumacher wurde siebenmal Formel-1-Weltmeister.,1,0,de,michael schumacher wurde siebenmal,native.de,sports
502,1656,Die Europäische Zentralbank hat ihren Sitz in Berlin.,0,0,de,die europäische zentralbank hat,native.de,history_news
503,530,Ein Sieg bringt in der Bundesliga drei Punkte.,1,0,de,ein sieg bringt in,native.de,sports
504,800,Volleyball ist eine olympische Wintersportart.,0,0,de,volleyball ist eine olympische,native.de,sports
505,1189,Barbara Sukowa gewann mehrmals die Goldene Palme als beste Darstellerin.,0,0,de,barbara sukowa gewann mehrmals,native.de,entertainment
506,1127,Fritz Lang führte bei 'Metropolis' Regie.,1,0,de,fritz lang führte bei,native.de,entertainment
507,1604,CDU und CSU bilden im Bundestag traditionell zwei konkurrierende Fraktionen.,0,0,de,cdu und csu bilden,native.de,history_news
508,649,Ein Halbmarathon ist etwa 21 Kilometer lang.,1,0,de,ein halbmarathon ist etwa,native.de,sports
509,303,Die Landeshauptstadt von Nordrhein-Westfalen ist Düsseldorf.,1,0,de,die landeshauptstadt von nordrhein,native.de,geography
510,1547,Der Zweite Weltkrieg begann am 1. September 1939 mit dem Überfall auf Polen.,1,0,de,der zweite weltkrieg begann,native.de,history_news
511,1051,Erich Kästner schrieb auch 'Das kleine Arschloch'.,0,0,de,erich kästner schrieb auch,native.de,entertainment
512,172,Das Bundesland Mecklenburg-Vorpommern grenzt an das Bundesland Bremen.,0,0,de,das bundesland mecklenburg vorpommern,native.de,geography
513,413,Das Ruhrgebiet ist eine unbewohnte Wüstenregion.,0,0,de,das ruhrgebiet ist eine,native.de,geography
514,958,Ein Baseballfeld hat zwanzig Bases.,0,0,de,ein baseballfeld hat zwanzig,native.de,sports
515,519,Die FIFA ist der Weltfußballverband.,1,0,de,die fifa ist der,native.de,sports
516,1531,Der Hitlerputsch vom November 1923 fand in München statt.,1,0,de,der hitlerputsch vom november,native.de,history_news
517,271,Der Rhein ist insgesamt etwa 1233 Kilometer lang.,1,0,de,der rhein ist insgesamt,native.de,geography
518,947,Die WADA ist die Welt-Anti-Doping-Agentur.,1,0,de,die wada ist die,native.de,sports
519,1152,Daniel Brühl wurde 1978 in Barcelona geboren.,1,0,de,daniel brühl wurde 1978,native.de,entertainment
520,1110,Hanna Schygulla gewann 1979 den Silbernen Bären für 'Die Ehe der Maria Braun'.,1,0,de,hanna schygulla gewann 1979,native.de,entertainment
521,1877,Der Waffenstillstand von 1918 wurde im Spiegelsaal von Versailles unterzeichnet.,0,0,de,der waffenstillstand von 1918,native.de,history_news
522,1481,Till Lindemann ist der Sänger von Rammstein.,1,0,de,till lindemann ist der,native.de,entertainment
523,944,Beim Springreiten springt das Pferd über Hindernisse.,1,0,de,beim springreiten springt das,native.de,sports
524,1712,Das Münchner Oktoberfest beginnt in der Regel bereits im September.,1,0,de,das münchner oktoberfest beginnt,native.de,history_news
525,687,Ein olympisches Schwimmbecken ist zehn Meter lang.,0,0,de,ein olympisches schwimmbecken ist,native.de,sports
526,707,Die Australian Open finden in Melbourne statt.,1,0,de,die australian open finden,native.de,sports
527,864,Der Slalom ist eine Disziplin im Boxen.,0,0,de,der slalom ist eine,native.de,sports
528,797,Das Netz beim Hallenvolleyball der Männer ist drei Meter hoch.,0,0,de,das netz beim hallenvolleyball,native.de,sports
529,1846,Deutschland ist die kleinste Volkswirtschaft der Europäischen Union.,0,0,de,deutschland ist die kleinste,native.de,history_news
530,379,Deutschland grenzt an Rumänien.,0,0,de,deutschland grenzt an rumänien,native.de,geography
531,1809,Otto I. wurde im Jahr 962 in Rom zum Kaiser gekrönt.,1,0,de,otto i wurde im,native.de,history_news
532,1535,Der Tag der Deutschen Einheit am 3. Oktober ist der Nationalfeiertag.,1,0,de,der tag der deutschen,native.de,history_news
533,155,Die Müritz liegt in Bayern.,0,0,de,die müritz liegt in,native.de,geography
534,193,Die Insel Norderney liegt in der Ostsee.,0,0,de,die insel norderney liegt,native.de,geography
535,1125,Erich Kästner wurde 1899 in Leipzig geboren.,0,0,de,erich kästner wurde 1899,native.de,entertainment
536,474,Die Insel Langeoog liegt in der Ostsee.,0,0,de,die insel langeoog liegt,native.de,geography
537,802,Skispringen wird auf einer Schanze ausgeübt.,1,0,de,skispringen wird auf einer,native.de,sports
538,1978,Frank-Walter Steinmeier ist seit 2017 Bundespräsident.,1,0,de,frank walter steinmeier ist,native.de,history_news
539,998,Eine Weltmeisterschaft ermittelt den letzten Platz.,0,0,de,eine weltmeisterschaft ermittelt den,native.de,sports
540,309,Deutschland grenzt an Portugal.,0,0,de,deutschland grenzt an portugal,native.de,geography
541,826,Lewis Hamilton kommt aus Großbritannien.,1,0,de,lewis hamilton kommt aus,native.de,sports
542,1698,Albrecht Dürer wirkte als Maler vor allem in Nürnberg.,1,0,de,albrecht dürer wirkte als,native.de,history_news
543,1126,Robert Gernhardt wurde 1937 in Riga geboren.,0,0,de,robert gernhardt wurde 1937,native.de,entertainment
544,382,Der Main entsteht bei Kulmbach aus Rotem und Weißem Main.,1,0,de,der main entsteht bei,native.de,geography
545,1801,Alexander von Humboldt erforschte vor allem die Antarktis und den Südpol.,0,0,de,alexander von humboldt erforschte,native.de,history_news
546,1355,Michael Herbig wurde 1963 geboren.,0,0,de,michael herbig wurde 1963,native.de,entertainment
547,415,Der Fichtelberg ist etwa 1915 Meter hoch.,0,0,de,der fichtelberg ist etwa,native.de,geography
548,559,Die Fußball-Weltmeisterschaft findet jedes Jahr statt.,0,0,de,die fußball weltmeisterschaft findet,native.de,sports
549,619,Schwimmen ist eine olympische Sommersportart.,1,0,de,schwimmen ist eine olympische,native.de,sports
550,1275,Die Band Die Toten Hosen wurde 1982 in Berlin gegründet.,0,0,de,die band die toten,native.de,entertainment
551,1662,Die Montagsdemonstrationen von 1989 begannen in der Stadt Bonn.,0,0,de,die montagsdemonstrationen von 1989,native.de,history_news
552,554,Eine gelbe Karte bedeutet einen sofortigen Platzverweis.,0,0,de,eine gelbe karte bedeutet,native.de,sports
553,1059,Udo Lindenberg wurde 1946 in Münster geboren.,0,0,de,udo lindenberg wurde 1946,native.de,entertainment
554,1256,Loriot starb im Jahr 2006.,0,0,de,loriot starb im jahr,native.de,entertainment
555,199,Der Erbeskopf ist etwa 316 Meter hoch.,0,0,de,der erbeskopf ist etwa,native.de,geography
556,1898,Otto von Bismarck wurde 1862 bayerischer Ministerpräsident.,0,0,de,otto von bismarck wurde,native.de,history_news
557,1179,Hannes Hegen erschuf die Comicserie 'Fix und Foxi'.,0,0,de,hannes hegen erschuf die,native.de,entertainment
558,1197,Thomas Gottschalk wurde 1950 in Nürnberg geboren.,0,0,de,thomas gottschalk wurde 1950,native.de,entertainment
559,143,Der Main mündet in die Ostsee.,0,0,de,der main mündet in,native.de,geography
560,1022,'Deutschland sucht den Superstar' wurde erstmals 2002 ausgestrahlt.,1,0,de,deutschland sucht den superstar,native.de,entertainment
561,197,Poel ist die größte deutsche Insel in der Nordsee.,0,0,de,poel ist die größte,native.de,geography
562,724,Michael Jordan spielte für die Chicago Bulls.,1,0,de,michael jordan spielte für,native.de,sports
563,316,Die Havel mündet in die Elbe.,1,0,de,die havel mündet in,native.de,geography
564,1323,Wim Wenders führte bei 'Der Himmel über Berlin' Regie.,1,0,de,wim wenders führte bei,native.de,entertainment
565,171,Die Elbe bildet die Grenze zwischen Deutschland und Frankreich.,0,0,de,die elbe bildet die,native.de,geography
566,1192,Heinz Rühmann wurde 1902 in Köln geboren.,0,0,de,heinz rühmann wurde 1902,native.de,entertainment
567,1098,Der Song 'Atemlos durch die Nacht' von Helene Fischer erschien 2017.,0,0,de,der song atemlos durch,native.de,entertainment
568,23,Das Bundesland Schleswig-Holstein grenzt an das Bundesland Bremen.,0,0,de,das bundesland schleswig holstein,native.de,geography
569,46,Die Donau mündet in das Schwarze Meer.,1,0,de,die donau mündet in,native.de,geography
570,1240,Doris Dörrie wurde 1955 in Bremen geboren.,0,0,de,doris dörrie wurde 1955,native.de,entertainment
571,468,Die Stadt Greifswald liegt an der Nordsee.,0,0,de,die stadt greifswald liegt,native.de,geography
572,1718,"Köln, Frankfurt und Stuttgart sind die drei deutschen Stadtstaaten.",0,0,de,köln frankfurt und stuttgart,native.de,history_news
573,1884,In der Schlacht von Sedan geriet Napoleon III. 1870 in preußische Gefangenschaft.,1,0,de,in der schlacht von,native.de,history_news
574,443,Die Zugspitze ist etwa 2962 Meter hoch.,1,0,de,die zugspitze ist etwa,native.de,geography
575,1495,Heinz Rühmann spielte die Hauptrolle in 'Die Feuerzangenbowle'.,1,0,de,heinz rühmann spielte die,native.de,entertainment
576,320,Der Neckar ist insgesamt etwa 362 Kilometer lang.,1,0,de,der neckar ist insgesamt,native.de,geography
577,185,Die Insel Borkum liegt in der Nordsee.,1,0,de,die insel borkum liegt,native.de,geography
578,1447,Elyas M'Barek spielte 2013 die Hauptrolle in 'Fack ju Göhte'.,1,0,de,elyas m barek spielte,native.de,entertainment
579,1399,Erika Fuchs arbeitete für den Bauer Verlag.,0,0,de,erika fuchs arbeitete für,native.de,entertainment
580,666,Die ersten modernen Olympischen Spiele fanden in Paris statt.,0,0,de,die ersten modernen olympischen,native.de,sports
581,1405,Das Satiremagazin 'Titanic' erscheint seit 1984.,0,0,de,das satiremagazin titanic erscheint,native.de,entertainment
582,540,Manchester United kommt aus England.,1,0,de,manchester united kommt aus,native.de,sports
583,1857,Der Zweite Weltkrieg begann 1939 mit dem deutschen Überfall auf Frankreich.,0,0,de,der zweite weltkrieg begann,native.de,history_news
584,1453,Diane Kruger wurde 1976 in Algermissen geboren.,1,0,de,diane kruger wurde 1976,native.de,entertainment
585,1890,In Deutschland gehören noch immer über 95 Prozent der Bevölkerung einer christlichen Kirche an.,0,0,de,in deutschland gehören noch,native.de,history_news
586,1416,Anke Engelke moderierte die Sendung 'Die Wochenshow'.,1,0,de,anke engelke moderierte die,native.de,entertainment
587,1911,Angela Merkel war von 2005 bis 2021 Bundeskanzlerin.,1,0,de,angela merkel war von,native.de,history_news
588,211,Die Stadt Husum liegt an der Ostsee.,0,0,de,die stadt husum liegt,native.de,geography
589,1669,Deutschland ist die größte Volkswirtschaft der Europäischen Union.,1,0,de,deutschland ist die größte,native.de,history_news
590,1504,Die DDR wurde am 7. Oktober 1949 gegründet.,1,0,de,die ddr wurde am,native.de,history_news
591,635,Hürdenlauf ist eine Disziplin der Leichtathletik.,1,0,de,hürdenlauf ist eine disziplin,native.de,sports
592,1997,Stuttgart ist die Landeshauptstadt von Baden-Württemberg.,1,0,de,stuttgart ist die landeshauptstadt,native.de,history_news
593,829,Die Zielflagge in der Formel 1 ist schwarz-weiß kariert.,1,0,de,die zielflagge in der,native.de,sports
594,840,Bahnradsport findet auf einer Radrennbahn statt.,1,0,de,bahnradsport findet auf einer,native.de,sports
595,109,Die Stadt Dresden liegt direkt am Meer.,0,0,de,die stadt dresden liegt,native.de,geography
596,1293,Will Eisner erhielt 1998 den Deutschen Filmpreis für sein Lebenswerk.,0,0,de,will eisner erhielt 1998,native.de,entertainment
597,1141,'Das Leben der Anderen' gewann 2007 den Oscar als bester fremdsprachiger Film.,1,0,de,das leben der anderen,native.de,entertainment
598,3,Die Landeshauptstadt von Sachsen ist Freiberg.,0,0,de,die landeshauptstadt von sachsen,native.de,geography
599,1529,Regierung und Parlament zogen bereits 1990 von Bonn nach Berlin um.,0,0,de,regierung und parlament zogen,native.de,history_news
600,1700,Die Berlinale ist ein internationales Filmfestival in Berlin.,1,0,de,die berlinale ist ein,native.de,history_news
601,639,Michael Phelps kommt aus den USA.,1,0,de,michael phelps kommt aus,native.de,sports
602,483,Deutschland grenzt an Ungarn.,0,0,de,deutschland grenzt an ungarn,native.de,geography
603,617,Eishockey ist eine olympische Wintersportart.,1,0,de,eishockey ist eine olympische,native.de,sports
604,373,Die Stadt Lübeck liegt im Bundesland Schleswig-Holstein.,1,0,de,die stadt lübeck liegt,native.de,geography
605,577,Ein Tor zählt im Fußball drei Punkte.,0,0,de,ein tor zählt im,native.de,sports
606,212,Das Bundesland Baden-Württemberg grenzt an das Bundesland Berlin.,0,0,de,das bundesland baden württemberg,native.de,geography
607,521,DFB steht für Deutscher Fußball-Bund.,1,0,de,dfb steht für deutscher,native.de,sports
608,1026,Nick Knatterton erschien erstmals in der Zeitschrift Quick.,1,0,de,nick knatterton erschien erstmals,native.de,entertainment
609,1745,Das Euro-Bargeld wurde in Deutschland im Jahr 1995 eingeführt.,0,0,de,das euro bargeld wurde,native.de,history_news
610,1494,Mario Adorf spielte den Matzerath in 'Das Boot'.,0,0,de,mario adorf spielte den,native.de,entertainment
611,1820,Der Bundespräsident wird von der Bundesversammlung gewählt.,1,0,de,der bundespräsident wird von,native.de,history_news
612,621,"Ein Marathon ist 42,195 Kilometer lang.",1,0,de,ein marathon ist 42,native.de,sports
613,1432,Farin Urlaub ist Mitglied der Band Die Ärzte.,1,0,de,farin urlaub ist mitglied,native.de,entertainment
614,1037,Fatih Akin wurde 1973 in Hamburg geboren.,1,0,de,fatih akin wurde 1973,native.de,entertainment
615,1738,Der Brocken ist der höchste Berg der Alpen.,0,0,de,der brocken ist der,native.de,history_news
616,97,Die Wasserkuppe ist etwa 950 Meter hoch.,1,0,de,die wasserkuppe ist etwa,native.de,geography
617,642,Beim Wasserspringen springt man von einem Turm oder Brett.,1,0,de,beim wasserspringen springt man,native.de,sports
618,179,Der Große Arber liegt im Bayerischen Wald.,1,0,de,der große arber liegt,native.de,geography
619,759,Es gibt zehn Grand-Slam-Turniere im Tennis.,0,0,de,es gibt zehn grand,native.de,sports
620,812,Snowboarden ist eine olympische Sportart.,1,0,de,snowboarden ist eine olympische,native.de,sports
621,1555,Johann Wolfgang von Goethe wurde 1749 in Frankfurt am Main geboren.,1,0,de,johann wolfgang von goethe,native.de,history_news
622,922,Eine Golfrunde besteht meist aus 18 Löchern.,1,0,de,eine golfrunde besteht meist,native.de,sports
623,514,In der Bundesliga spielen 18 Vereine.,1,0,de,in der bundesliga spielen,native.de,sports
624,72,Die Landeshauptstadt von Bremen ist Bremerhaven.,0,0,de,die landeshauptstadt von bremen,native.de,geography
625,1345,'Nirgendwo in Afrika' gewann 2007 den Oscar als bester fremdsprachiger Film.,0,0,de,nirgendwo in afrika gewann,native.de,entertainment
626,582,Der DFB-Pokal wird als Liga mit Hin- und Rückspiel gespielt.,0,0,de,der dfb pokal wird,native.de,sports
627,1002,Der Song '99 Luftballons' von Nena erschien 1983.,1,0,de,der song 99 luftballons,native.de,entertainment
628,1079,Farin Urlaub ist Mitglied der Band Rammstein.,0,0,de,farin urlaub ist mitglied,native.de,entertainment
629,484,Helgoland ist die größte Insel Deutschlands.,0,0,de,helgoland ist die größte,native.de,geography
630,1828,Der höchste Berg Deutschlands ist der Brocken im Harz.,0,0,de,der höchste berg deutschlands,native.de,history_news
631,1823,Deutschland grenzt an nur drei Nachbarstaaten.,0,1,de,deutschland grenzt an nur,native.de,history_news
632,457,Die Stadt Bremerhaven liegt an der Ostsee.,0,0,de,die stadt bremerhaven liegt,native.de,geography
633,69,Das Bundesland Mecklenburg-Vorpommern grenzt an das Bundesland Schleswig-Holstein.,1,0,de,das bundesland mecklenburg vorpommern,native.de,geography
634,997,WADA steht für Welt-Angel-Verband.,0,0,de,wada steht für welt,native.de,sports
635,1004,Die Sendung 'Tatort' läuft in der ARD.,1,0,de,die sendung tatort läuft,native.de,entertainment
636,232,Der Watzmann ist etwa 3913 Meter hoch.,0,0,de,der watzmann ist etwa,native.de,geography
637,1856,Bertolt Brecht schrieb die Dreigroschenoper.,1,0,de,bertolt brecht schrieb die,native.de,history_news
638,1167,Isabel Kreitz gewann 2012 den Deutschen Filmpreis als beste deutschsprachige Zeichnerin.,0,0,de,isabel kreitz gewann 2012,native.de,entertainment
639,433,Die Stadt Bamberg liegt im Bundesland Bayern.,1,0,de,die stadt bamberg liegt,native.de,geography
640,1614,Die deutsche Republik wurde am 9. November 1918 von Friedrich Ebert in Weimar ausgerufen.,0,0,de,die deutsche republik wurde,native.de,history_news
641,673,Usain Bolt hält den Weltrekord im Marathon.,0,0,de,usain bolt hält den,native.de,sports
642,1457,Werner Herzog wurde 1942 in München geboren.,1,0,de,werner herzog wurde 1942,native.de,entertainment
643,1046,Armin Mueller-Stahl wurde 1930 in Tilsit geboren.,1,0,de,armin mueller stahl wurde,native.de,entertainment
644,732,Beim Basketball gibt es vier Viertel.,1,0,de,beim basketball gibt es,native.de,sports
645,355,Das Bundesland Sachsen grenzt an das Bundesland Sachsen-Anhalt.,1,0,de,das bundesland sachsen grenzt,native.de,geography
646,568,Der Videobeweis im Fußball heißt NBA.,0,0,de,der videobeweis im fußball,native.de,sports
647,1775,Rudolf Diesel entwickelte den nach ihm benannten Verbrennungsmotor.,1,0,de,rudolf diesel entwickelte den,native.de,history_news
648,949,Vor dem Sport ist Aufwärmen üblich.,1,0,de,vor dem sport ist,native.de,sports
649,1861,Im Mai 1933 wurden in mehreren deutschen Städten Bücher verbrannt.,1,0,de,im mai 1933 wurden,native.de,history_news
650,907,Die MLB ist eine Baseballliga in den USA.,1,0,de,die mlb ist eine,native.de,sports
651,225,Die Landeshauptstadt von Mecklenburg-Vorpommern ist Neubrandenburg.,0,0,de,die landeshauptstadt von mecklenburg,native.de,geography
652,1175,Nicole gewann 1982 den Eurovision Song Contest für Österreich.,0,0,de,nicole gewann 1982 den,native.de,entertainment
653,219,Berlin ist vollständig vom Bundesland Sachsen umgeben.,0,0,de,berlin ist vollständig vom,native.de,geography
654,17,Der Bayerische Wald liegt in Bayern.,1,0,de,der bayerische wald liegt,native.de,geography
655,1754,Herta Müller erhielt 2009 den Friedensnobelpreis.,0,0,de,herta müller erhielt 2009,native.de,history_news
656,368,Der Starnberger See liegt in Bayern.,1,0,de,der starnberger see liegt,native.de,geography
657,1097,"Klaus Doldinger komponierte die Titelmusik von 'Wetten, dass..?'.",0,0,de,klaus doldinger komponierte die,native.de,entertainment
658,1389,Die Comicfigur Nick Knatterton parodiert Superman.,1,0,de,die comicfigur nick knatterton,native.de,entertainment
659,296,Das Wattenmeer liegt an der deutschen Ostseeküste.,0,0,de,das wattenmeer liegt an,native.de,geography
660,365,Die längste Landesgrenze Deutschlands ist die Grenze zu Österreich.,1,0,de,die längste landesgrenze deutschlands,native.de,geography
661,1375,Der Vater von Götz George war der Schauspieler Werner Herzog.,0,0,de,der vater von götz,native.de,entertainment
662,1991,Die Brüder Grimm veröffentlichten 1812 den ersten Band ihrer Kinder- und Hausmärchen.,1,0,de,die brüder grimm veröffentlichten,native.de,history_news
663,1487,Wilhelm Busch schrieb die Bildergeschichte 'Vater und Sohn'.,0,0,de,wilhelm busch schrieb die,native.de,entertainment
664,1791,Martin Luther schlug seine 95 Thesen im Jahr 1617 in Nürnberg an.,0,0,de,martin luther schlug seine,native.de,history_news
665,717,Beim Tennis spielt man mit einem Schläger.,1,0,de,beim tennis spielt man,native.de,sports
666,1955,Der DAX umfasst die 100 größten deutschen Unternehmen.,0,0,de,der dax umfasst die,native.de,history_news
667,1554,Das einzige erfolgreiche konstruktive Misstrauensvotum brachte 1982 Helmut Kohl ins Kanzleramt.,1,0,de,das einzige erfolgreiche konstruktive,native.de,history_news
668,1984,Die Währungsreform von 1948 führte in den Westzonen den Euro ein.,0,0,de,die währungsreform von 1948,native.de,history_news
669,543,Die spanische Liga heißt La Liga.,1,0,de,die spanische liga heißt,native.de,sports
670,995,Ein Fußballschiedsrichter muss das Spiel nach jedem Pass unterbrechen.,0,0,de,ein fußballschiedsrichter muss das,native.de,sports
671,1628,Die Nürnberger Gesetze wurden im Jahr 1945 erlassen.,0,0,de,die nürnberger gesetze wurden,native.de,history_news
672,814,Der Slalom ist eine Disziplin im Skisport.,1,0,de,der slalom ist eine,native.de,sports
673,553,Beim Fußball dürfen alle Spieler den Ball mit den Händen spielen.,0,0,de,beim fußball dürfen alle,native.de,sports
674,363,Die Landeshauptstadt von Schleswig-Holstein ist Lübeck.,0,0,de,die landeshauptstadt von schleswig,native.de,geography
675,550,Beim Fußball leitet ein Schiedsrichter das Spiel.,1,0,de,beim fußball leitet ein,native.de,sports
676,43,Die Weser mündet in die Nordsee.,1,0,de,die weser mündet in,native.de,geography
677,1065,Erika Fuchs übersetzte die Comics von Asterix ins Deutsche.,0,0,de,erika fuchs übersetzte die,native.de,entertainment
678,1151,Wolfgang Petersen wurde 1941 in Emden geboren.,1,0,de,wolfgang petersen wurde 1941,native.de,entertainment
679,763,Rafael Nadal kommt aus Italien.,0,0,de,rafael nadal kommt aus,native.de,sports
680,1796,Philipp Scheidemann rief am 9. November 1918 die Republik aus.,1,0,de,philipp scheidemann rief am,native.de,history_news
681,653,Die olympische Flagge zeigt drei Ringe.,0,0,de,die olympische flagge zeigt,native.de,sports
682,536,Werder Bremen kommt aus Bremen.,1,0,de,werder bremen kommt aus,native.de,sports
683,1827,Das Saarland trat der Bundesrepublik erst im Jahr 1990 bei.,0,0,de,das saarland trat der,native.de,history_news
684,1569,Bayern ist flächenmäßig das größte Bundesland Deutschlands.,1,0,de,bayern ist flächenmäßig das,native.de,history_news
685,1666,Angela Merkel war die erste Frau im Amt des Bundeskanzlers.,1,0,de,angela merkel war die,native.de,history_news
686,643,Schmetterling ist eine Schwimmart.,1,0,de,schmetterling ist eine schwimmart,native.de,sports
687,765,"Beim Tennis zählt man 10, 20 und 30.",0,0,de,beim tennis zählt man,native.de,sports
688,555,Ein Fußballspiel hat vier Viertel.,0,0,de,ein fußballspiel hat vier,native.de,sports
689,158,Die Landeshauptstadt von Hessen ist Marburg.,0,0,de,die landeshauptstadt von hessen,native.de,geography
690,528,Ein Fußballfeld ist rechteckig.,1,0,de,ein fußballfeld ist rechteckig,native.de,sports
691,650,Carl Lewis gewann olympisches Gold im Weitsprung.,1,0,de,carl lewis gewann olympisches,native.de,sports
692,310,Der Bodensee ist der flächengrößte See Deutschlands.,1,0,de,der bodensee ist der,native.de,geography
693,1952,Mercedes-Benz hat seinen Hauptsitz in Stuttgart.,1,0,de,mercedes benz hat seinen,native.de,history_news
694,705,Die French Open werden auf Sand gespielt.,1,0,de,die french open werden,native.de,sports
695,594,Frankreich gewann die Weltmeisterschaft 2014.,0,0,de,frankreich gewann die weltmeisterschaft,native.de,sports
696,1191,Fatih Akin gewann 2004 den Goldenen Bären für 'Soul Kitchen'.,0,0,de,fatih akin gewann 2004,native.de,entertainment
697,1482,Nena wurde 1960 in Hagen geboren.,1,0,de,nena wurde 1960 in,native.de,entertainment
698,777,Dirk Nowitzki kommt aus Kanada.,0,0,de,dirk nowitzki kommt aus,native.de,sports
699,66,Deutschland hat insgesamt vier Nachbarländer.,0,0,de,deutschland hat insgesamt vier,native.de,geography
700,1684,Das gesetzliche Renteneintrittsalter in Deutschland liegt einheitlich bei 55 Jahren.,0,0,de,das gesetzliche renteneintrittsalter in,native.de,history_news
701,975,Tischtennis wird auf einem Rasenplatz gespielt.,0,0,de,tischtennis wird auf einem,native.de,sports
702,892,Jan Ullrich gewann die Tour de France 1996.,0,0,de,jan ullrich gewann die,native.de,sports
703,1560,Kurt Georg Kiesinger regierte von 1966 bis 1969 in einer Koalition mit den Grünen.,0,0,de,kurt georg kiesinger regierte,native.de,history_news
704,421,Die Stadt Krefeld liegt im Bundesland Nordrhein-Westfalen.,1,0,de,die stadt krefeld liegt,native.de,geography
705,959,Beim Rugby darf der Ball nur nach vorne gepasst werden.,0,1,de,beim rugby darf der,native.de,sports
706,824,Der Nürburgring ist eine Rennstrecke in Deutschland.,1,0,de,der nürburgring ist eine,native.de,sports
707,141,Deutschland grenzt an Slowenien.,0,0,de,deutschland grenzt an slowenien,native.de,geography
708,1874,Düsseldorf ist die Landeshauptstadt von Nordrhein-Westfalen.,1,0,de,düsseldorf ist die landeshauptstadt,native.de,history_news
709,1080,Das Grimme-Institut sitzt in Köln.,0,0,de,das grimme institut sitzt,native.de,entertainment
710,893,Ein Rennrad hat sechs Räder.,0,0,de,ein rennrad hat sechs,native.de,sports
711,1696,Die deutsche Wiedervereinigung erfolgte am 9. November 1989.,0,0,de,die deutsche wiedervereinigung erfolgte,native.de,history_news
712,1979,Carl Benz meldete sein Patent für den Motorwagen im Jahr 1936 an.,0,0,de,carl benz meldete sein,native.de,history_news
713,671,Ein Marathon ist zehn Kilometer lang.,0,0,de,ein marathon ist zehn,native.de,sports
714,1359,Heidi Klum moderiert die Sendung 'Germany's Next Topmodel'.,1,0,de,heidi klum moderiert die,native.de,entertainment
715,931,Beim Bodenturnen turnt man auf einer Matte.,1,0,de,beim bodenturnen turnt man,native.de,sports
716,1147,Der Song 'Sonderzug nach Pankow' von Udo Lindenberg erschien 1983.,1,0,de,der song sonderzug nach,native.de,entertainment
717,259,Die Insel Helgoland liegt in der Ostsee.,0,0,de,die insel helgoland liegt,native.de,geography
718,14,Das Bundesland Niedersachsen grenzt an das Bundesland Sachsen.,0,0,de,das bundesland niedersachsen grenzt,native.de,geography
719,842,Jan Ullrich gewann die Tour de France.,1,0,de,jan ullrich gewann die,native.de,sports
720,992,Beim Darts sind 500 Punkte das Maximum in drei Würfen.,0,0,de,beim darts sind 500,native.de,sports
721,273,Die Mosel entspringt in den Niederlanden.,0,0,de,die mosel entspringt in,native.de,geography
722,115,Die Sächsische Schweiz liegt in Hessen.,0,0,de,die sächsische schweiz liegt,native.de,geography
723,571,DFB steht für Deutscher Fahrrad-Bund.,0,0,de,dfb steht für deutscher,native.de,sports
724,242,Der Wurmberg ist etwa 971 Meter hoch.,1,0,de,der wurmberg ist etwa,native.de,geography
725,1429,Flake spielt Keyboard bei Rammstein.,1,0,de,flake spielt keyboard bei,native.de,entertainment
726,331,Die Ems mündet in die Elbe.,0,0,de,die ems mündet in,native.de,geography
727,680,Beim Weitsprung springt man ins Wasser.,0,0,de,beim weitsprung springt man,native.de,sports
728,1990,Deutschland betreibt weiterhin mehr als zwanzig Atomkraftwerke.,0,0,de,deutschland betreibt weiterhin mehr,native.de,history_news
729,57,Der Feldberg liegt im Bundesland Baden-Württemberg.,1,0,de,der feldberg liegt im,native.de,geography
730,1320,Erika Fuchs wurde 1906 in Stettin geboren.,0,0,de,erika fuchs wurde 1906,native.de,entertainment
731,412,Der Bodensee liegt in Schleswig-Holstein.,0,0,de,der bodensee liegt in,native.de,geography
732,436,Der Rhein ist der Fluss mit dem längsten Lauf innerhalb Deutschlands.,1,0,de,der rhein ist der,native.de,geography
733,956,Beim Baseball wird der Ball mit dem Kopf geschlagen.,0,0,de,beim baseball wird der,native.de,sports
734,821,Sebastian Vettel wurde viermal Formel-1-Weltmeister.,1,0,de,sebastian vettel wurde viermal,native.de,sports
735,156,Der Taunus liegt in Saarland.,0,0,de,der taunus liegt in,native.de,geography
736,1283,Friedrich Wilhelm Murnau führte bei 'Nosferatu' Regie.,1,0,de,friedrich wilhelm murnau führte,native.de,entertainment
737,1001,Moritz Bleibtreu spielte Andreas Baader im 'Baader Meinhof Komplex'.,1,0,de,moritz bleibtreu spielte andreas,native.de,entertainment
738,30,Der Brocken ist der höchste Berg im Harz.,1,0,de,der brocken ist der,native.de,geography
739,36,Brandenburg und Berlin haben eine gemeinsame Grenze.,1,0,de,brandenburg und berlin haben,native.de,geography
740,1434,Das Hörspiel 'Pumuckl' wurde erstmals 1962 gesendet.,1,0,de,das hörspiel pumuckl wurde,native.de,entertainment
741,423,Deutschland hat insgesamt neun Nachbarländer.,1,0,de,deutschland hat insgesamt neun,native.de,geography
742,1611,Der Aufstand der Herero und Nama gegen die deutsche Kolonialmacht begann 1904.,1,0,de,der aufstand der herero,native.de,history_news
743,1137,Die Band Kraftwerk wurde 1970 in Düsseldorf gegründet.,1,0,de,die band kraftwerk wurde,native.de,entertainment
744,1819,Wilhelm Conrad Röntgen entdeckte 1895 die nach ihm benannten Strahlen.,1,0,de,wilhelm conrad röntgen entdeckte,native.de,history_news
745,1691,Deutschland ist ständiges Mitglied im Sicherheitsrat der Vereinten Nationen.,0,0,de,deutschland ist ständiges mitglied,native.de,history_news
746,359,Der Neckar mündet in die Elbe.,0,0,de,der neckar mündet in,native.de,geography
747,1238,Die Digedags waren die ursprünglichen Helden von 'Fix und Foxi'.,0,0,de,die digedags waren die,native.de,entertainment
748,1428,Robert Gernhardt gehörte zu den Gründern der Zeitschrift 'Mosaik'.,0,0,de,robert gernhardt gehörte zu,native.de,entertainment
749,1278,Ralf König erhielt 2014 den Deutschen Filmpreis für sein Lebenswerk.,0,0,de,ralf könig erhielt 2014,native.de,entertainment
750,1646,Die deutsche 6. Armee kapitulierte Ende Januar 1943 in Stalingrad.,1,0,de,die deutsche 6 armee,native.de,history_news
751,525,Die Weltmeisterschaft 2022 fand in Katar statt.,1,0,de,die weltmeisterschaft 2022 fand,native.de,sports
752,1673,Dirk Nowitzki gewann 2011 mit den Dallas Mavericks den NBA-Titel.,1,0,de,dirk nowitzki gewann 2011,native.de,history_news
753,738,Ein Handballspiel dauert 60 Minuten.,1,0,de,ein handballspiel dauert 60,native.de,sports
754,1303,'Fix und Foxi' erschien erstmals im Jahr 1953.,1,0,de,fix und foxi erschien,native.de,entertainment
755,266,Das Bundesland Schleswig-Holstein grenzt an das Bundesland Mecklenburg-Vorpommern.,1,0,de,das bundesland schleswig holstein,native.de,geography
756,1018,Wilhelm Busch starb im Jahr 1908.,1,0,de,wilhelm busch starb im,native.de,entertainment
757,1653,Die Zugspitze liegt im Bundesland Sachsen.,0,0,de,die zugspitze liegt im,native.de,history_news
758,1388,Wolfgang Petersen starb 2022 in Los Angeles.,1,0,de,wolfgang petersen starb 2022,native.de,entertainment
759,1678,Das Attentat von Sarajevo am 28. Juni 1914 traf Thronfolger Franz Ferdinand.,1,0,de,das attentat von sarajevo,native.de,history_news
760,1124,Tom Tykwer wurde 1965 in Wuppertal geboren.,1,0,de,tom tykwer wurde 1965,native.de,entertainment
761,862,Snowboarden ist eine olympische Sommersportart.,0,0,de,snowboarden ist eine olympische,native.de,sports
762,1789,Berlin ist seit der Wiedervereinigung die Hauptstadt Deutschlands.,1,0,de,berlin ist seit der,native.de,history_news
763,776,Beim Basketball darf man den Ball während eines Dribblings wiederholt mit beiden Händen gleichzeitig prellen.,0,0,de,beim basketball darf man,native.de,sports
764,1867,Der Siebenjährige Krieg dauerte von 1856 bis 1863.,0,0,de,der siebenjährige krieg dauerte,native.de,history_news
765,924,Tiger Woods ist ein Golfer.,1,0,de,tiger woods ist ein,native.de,sports
766,549,"Ein Fußballtor ist 7,32 Meter breit.",1,0,de,ein fußballtor ist 7,native.de,sports
767,1082,'Unser Sandmännchen' stammt ursprünglich aus Österreich.,0,0,de,unser sandmännchen stammt ursprünglich,native.de,entertainment
768,133,Die Stadt Emden liegt an der Ostsee.,0,0,de,die stadt emden liegt,native.de,geography
769,1085,Friedrich Wilhelm Murnau führte bei 'Metropolis' Regie.,0,0,de,friedrich wilhelm murnau führte,native.de,entertainment
770,495,Die Landeshauptstadt von Niedersachsen ist Hannover.,1,0,de,die landeshauptstadt von niedersachsen,native.de,geography
771,581,Ein Unentschieden bringt in der Bundesliga zwei Punkte.,0,0,de,ein unentschieden bringt in,native.de,sports
772,1391,Der Grimme-Preis wird seit 1948 verliehen.,0,0,de,der grimme preis wird,native.de,entertainment
773,1917,Deutschland steigerte nach 2022 seine Gasimporte aus Russland deutlich.,0,0,de,deutschland steigerte nach 2022,native.de,history_news
774,432,Die Schwäbische Alb liegt in Rheinland-Pfalz.,0,0,de,die schwäbische alb liegt,native.de,geography
775,1501,John F. Kennedy sagte 1963 in Berlin den Satz Ich bin ein Berliner.,1,0,de,john f kennedy sagte,native.de,history_news
776,1316,'Der Struwwelpeter' erschien im Jahr 1845.,1,0,de,der struwwelpeter erschien im,native.de,entertainment
777,1340,Rolf Kauka erschuf die Comicfigur Werner.,0,0,de,rolf kauka erschuf die,native.de,entertainment
778,1265,Ralph Ruthe wurde 1972 in Hannover geboren.,0,0,de,ralph ruthe wurde 1972,native.de,entertainment
779,1734,Boris Becker gewann 1985 als 17-Jähriger das Tennisturnier von Wimbledon.,1,0,de,boris becker gewann 1985,native.de,history_news
780,1228,"Thomas Gottschalk moderierte 1981 die erste Folge von 'Wetten, dass..?'.",0,0,de,thomas gottschalk moderierte 1981,native.de,entertainment
781,41,Die Landeshauptstadt von Niedersachsen ist Emden.,0,0,de,die landeshauptstadt von niedersachsen,native.de,geography
782,1368,Ralf Hütter und Florian Schneider gründeten die Band Kraftwerk.,1,0,de,ralf hütter und florian,native.de,entertainment
783,76,Die Stadt Offenbach am Main liegt im Bundesland Hessen.,1,0,de,die stadt offenbach am,native.de,geography
784,1288,Franka Potente wurde 1979 in Münster geboren.,0,0,de,franka potente wurde 1979,native.de,entertainment
785,725,Basketball wird mit den Händen gespielt.,1,0,de,basketball wird mit den,native.de,sports
786,1807,Willy Brandt war von 1969 bis 1974 Bundeskanzler.,1,0,de,willy brandt war von,native.de,history_news
787,1781,Der Volksaufstand in der DDR fand am 17. Juni 1953 statt.,1,0,de,der volksaufstand in der,native.de,history_news
788,248,Thüringen und Sachsen-Anhalt haben eine gemeinsame Grenze.,1,0,de,thüringen und sachsen anhalt,native.de,geography
789,1193,Rainer Werner Fassbinder gewann 1982 den Goldenen Bären für 'Die Sehnsucht der Veronika Voss'.,1,0,de,rainer werner fassbinder gewann,native.de,entertainment
790,1356,Isabel Kreitz gewann 2012 den Max-und-Moritz-Preis als beste deutschsprachige Zeichnerin.,1,0,de,isabel kreitz gewann 2012,native.de,entertainment
791,1053,Klaus Kinski arbeitete mehrmals mit Werner Herzog zusammen.,1,0,de,klaus kinski arbeitete mehrmals,native.de,entertainment
792,985,Beim Ringen kämpfen zwei Sportler im Wasser.,0,0,de,beim ringen kämpfen zwei,native.de,sports
793,187,Die Insel Fehmarn liegt in der Ostsee.,1,0,de,die insel fehmarn liegt,native.de,geography
794,962,Beim Cricket gibt es Basketballkörbe.,0,0,de,beim cricket gibt es,native.de,sports
795,669,Schwimmen ist eine olympische Wintersportart.,0,0,de,schwimmen ist eine olympische,native.de,sports
796,313,Die Regnitz fließt durch Erlangen.,1,0,de,die regnitz fließt durch,native.de,geography
797,9,Die Elbe ist insgesamt etwa 1994 Kilometer lang.,0,0,de,die elbe ist insgesamt,native.de,geography
798,1464,Caroline Link führte bei 'Das Leben der Anderen' Regie.,0,0,de,caroline link führte bei,native.de,entertainment
799,1797,Steffi Graf gewann 1988 alle vier Grand-Slam-Turniere und olympisches Gold.,1,0,de,steffi graf gewann 1988,native.de,history_news
800,972,Eine Golfrunde besteht meist aus drei Löchern.,0,0,de,eine golfrunde besteht meist,native.de,sports
801,1627,Die Ehe für gleichgeschlechtliche Paare wurde in Deutschland 2017 eingeführt.,1,0,de,die ehe für gleichgeschlechtliche,native.de,history_news
802,1888,Ursula von der Leyen ist Deutsche und Präsidentin der EU-Kommission.,1,0,de,ursula von der leyen,native.de,history_news
803,1880,Der deutsche Angriff auf die Sowjetunion begann im Dezember 1939.,0,0,de,der deutsche angriff auf,native.de,history_news
804,1267,Robert Gernhardt starb im Jahr 2006 in Frankfurt am Main.,1,0,de,robert gernhardt starb im,native.de,entertainment
805,758,Die US Open finden in Los Angeles statt.,0,0,de,die us open finden,native.de,sports
806,1881,Die Römischen Verträge zur Gründung der EWG wurden 1957 unterzeichnet.,1,0,de,die römischen verträge zur,native.de,history_news
807,1514,Die Berliner Luftbrücke versorgte die Stadt in den Jahren 1961 und 1962.,0,0,de,die berliner luftbrücke versorgte,native.de,history_news
808,1058,Tom Tykwer verfilmte den Roman 'Das Parfum'.,1,0,de,tom tykwer verfilmte den,native.de,entertainment
809,1420,Erika Fuchs war Chefredakteurin der Zeitschrift 'Micky Maus'.,1,0,de,erika fuchs war chefredakteurin,native.de,entertainment
810,1924,Das Jahr 1888 ging als Dreikaiserjahr in die deutsche Geschichte ein.,1,0,de,das jahr 1888 ging,native.de,history_news
811,1552,Die Berliner Afrika-Konferenz fand im Jahr 1919 statt.,0,0,de,die berliner afrika konferenz,native.de,history_news
812,446,Die Elbe fließt durch Hannover.,0,0,de,die elbe fließt durch,native.de,geography
813,1281,Loriot hieß mit bürgerlichem Namen Vicco von Kauka.,0,0,de,loriot hieß mit bürgerlichem,native.de,entertainment
814,1479,Anke Engelke wurde 1965 in Toronto geboren.,0,0,de,anke engelke wurde 1965,native.de,entertainment
815,465,Der Rhein fließt durch Koblenz.,1,0,de,der rhein fließt durch,native.de,geography
816,1609,Die Berliner Luftbrücke versorgte die Stadt 1948 und 1949 aus der Luft.,1,0,de,die berliner luftbrücke versorgte,native.de,history_news
817,196,Die Norddeutsche Tiefebene liegt im Norden Deutschlands.,1,0,de,die norddeutsche tiefebene liegt,native.de,geography
818,1321,Sandra Hüller wurde 1978 in Suhl geboren.,1,0,de,sandra hüller wurde 1978,native.de,entertainment
819,1603,Die Stasi war der Auslandsgeheimdienst der Bundesrepublik Deutschland.,0,0,de,die stasi war der,native.de,history_news
820,987,Beim Rudern sitzt man auf einem Pferd.,0,0,de,beim rudern sitzt man,native.de,sports
821,658,Die Olympischen Sommerspiele 2024 fanden in London statt.,0,0,de,die olympischen sommerspiele 2024,native.de,sports
822,1939,Das Ruhrgebiet ist der größte Ballungsraum Deutschlands.,1,0,de,das ruhrgebiet ist der,native.de,history_news
823,786,Handball wird auf einer Eisfläche gespielt.,0,0,de,handball wird auf einer,native.de,sports
824,1129,Bela B ist Mitglied der Band Die Ärzte.,1,0,de,bela b ist mitglied,native.de,entertainment
825,1181,Heinz Rühmann starb im Jahr 1994.,1,0,de,heinz rühmann starb im,native.de,entertainment
826,1335,Hape Kerkeling erschuf die Figur Horst Schlämmer.,1,0,de,hape kerkeling erschuf die,native.de,entertainment
827,534,Der Ball ist beim Fußball rund.,1,0,de,der ball ist beim,native.de,sports
828,244,Die Ostsee liegt im Nordosten Deutschlands.,1,0,de,die ostsee liegt im,native.de,geography
829,1699,Die deutsche Hyperinflation ereignete sich im Jahr 1933.,0,0,de,die deutsche hyperinflation ereignete,native.de,history_news
830,402,Das Bundesland Saarland grenzt an das Bundesland Rheinland-Pfalz.,1,0,de,das bundesland saarland grenzt,native.de,geography
831,1200,Karl May wurde 1842 geboren.,1,0,de,karl may wurde 1842,native.de,entertainment
832,989,Beim Segeln nutzt man einen Motor statt Wind.,0,0,de,beim segeln nutzt man,native.de,sports
833,1969,Deutschland wurde nach 1945 in sechs Besatzungszonen aufgeteilt.,0,0,de,deutschland wurde nach 1945,native.de,history_news
834,1032,'Wer wird Millionär?' wird seit 2002 ausgestrahlt.,0,0,de,wer wird millionär wird,native.de,entertainment
835,1588,Der Norddeutsche Bund stand ab 1867 unter der Führung Österreichs.,0,0,de,der norddeutsche bund stand,native.de,history_news
836,1106,Hape Kerkeling wurde 1964 in Recklinghausen geboren.,1,0,de,hape kerkeling wurde 1964,native.de,entertainment
837,478,Die Landeshauptstadt von Schleswig-Holstein ist Kiel.,1,0,de,die landeshauptstadt von schleswig,native.de,geography
838,1806,Friedrich Merz ist seit Mai 2025 Bundeskanzler von Deutschland.,1,0,de,friedrich merz ist seit,native.de,history_news
839,1905,Die Olympischen Sommerspiele 1936 fanden in Berlin statt.,1,0,de,die olympischen sommerspiele 1936,native.de,history_news
840,1376,Der Verlag Junge Welt veröffentlichte ab 1960 das 'Mosaik'.,1,0,de,der verlag junge welt,native.de,entertainment
841,1000,Beim Tennis kann ein Auswechselspieler während eines Grand-Slam-Einzels den Spieler ersetzen.,0,0,de,beim tennis kann ein,native.de,sports
842,1016,Isabel Kreitz wurde 1967 in Bremen geboren.,0,0,de,isabel kreitz wurde 1967,native.de,entertainment
843,286,Die Elbe entspringt in Bayern.,0,0,de,die elbe entspringt in,native.de,geography
844,472,Deutschland grenzt an Irland.,0,0,de,deutschland grenzt an irland,native.de,geography
845,1386,Wolfgang Petersen drehte sechzehn Folgen der Serie 'Tatort'.,0,0,de,wolfgang petersen drehte sechzehn,native.de,entertainment
846,1056,Campino ist der Sänger von Rammstein.,0,0,de,campino ist der sänger,native.de,entertainment
847,1040,Wolfgang Petersen wurde 1941 in Kiel geboren.,0,0,de,wolfgang petersen wurde 1941,native.de,entertainment
848,876,Lewis Hamilton kommt aus Brasilien.,0,0,de,lewis hamilton kommt aus,native.de,sports
849,945,Ein Schiedsrichter kann ein Spiel unterbrechen.,1,0,de,ein schiedsrichter kann ein,native.de,sports
850,1493,Manfred Schmidt erschuf die Comicfigur Nick Knatterton.,1,0,de,manfred schmidt erschuf die,native.de,entertainment
851,964,Boxer tragen beim Kampf Skischuhe.,0,0,de,boxer tragen beim kampf,native.de,sports
852,1476,Das Debütalbum von Rammstein heißt 'Mutter'.,0,0,de,das debütalbum von rammstein,native.de,entertainment
853,1774,Die Zugspitze ist mit 2.962 Metern der höchste Berg Deutschlands.,1,0,de,die zugspitze ist mit,native.de,history_news
854,1830,Das Brandenburger Tor steht in der Stadt Dresden.,0,0,de,das brandenburger tor steht,native.de,history_news
855,1639,Die AfD ist die älteste noch bestehende Partei Deutschlands.,0,0,de,die afd ist die,native.de,history_news
856,1910,Die erste deutsche Eisenbahnstrecke verband 1835 Berlin und Potsdam.,0,0,de,die erste deutsche eisenbahnstrecke,native.de,history_news
857,900,Beim olympischen Biathlon wird mit Pfeil und Bogen geschossen.,0,0,de,beim olympischen biathlon wird,native.de,sports
858,1865,Die Berlinale ist ein Musikfestival in Hamburg.,0,0,de,die berlinale ist ein,native.de,history_news
859,427,Die Stadt Würzburg liegt im Landesinneren Deutschlands.,1,0,de,die stadt würzburg liegt,native.de,geography
860,1612,Der Chemiekonzern BASF hat seinen Hauptsitz in Ludwigshafen.,1,0,de,der chemiekonzern basf hat,native.de,history_news
861,984,Bogenschießen ist eine olympische Wintersportart.,0,0,de,bogenschießen ist eine olympische,native.de,sports
862,1697,Der Kieler Matrosenaufstand im November 1918 leitete die Novemberrevolution ein.,1,0,de,der kieler matrosenaufstand im,native.de,history_news
863,662,Das olympische Feuer wird traditionell in Athen entzündet.,0,0,de,das olympische feuer wird,native.de,sports
864,1568,Die Weimarer Verfassung trat im Jahr 1933 in Kraft.,0,0,de,die weimarer verfassung trat,native.de,history_news
865,1761,Der Grundlagenvertrag zwischen der Bundesrepublik und der DDR wurde 1972 geschlossen.,1,0,de,der grundlagenvertrag zwischen der,native.de,history_news
866,163,Die Landeshauptstadt von Bremen ist Bremen.,1,0,de,die landeshauptstadt von bremen,native.de,geography
867,1260,Sandra Hüller wurde 1978 in Jena geboren.,0,0,de,sandra hüller wurde 1978,native.de,entertainment
868,939,Beim Segeln nutzt man den Wind.,1,0,de,beim segeln nutzt man,native.de,sports
869,943,Reiten ist eine olympische Sportart.,1,0,de,reiten ist eine olympische,native.de,sports
870,1011,Erika Fuchs starb im Jahr 2005 in München.,1,0,de,erika fuchs starb im,native.de,entertainment
871,647,"Der Triathlon besteht aus Schwimmen, Radfahren und Laufen.",1,0,de,der triathlon besteht aus,native.de,sports
872,1282,Sandra Hüller spielte die Hauptrolle in 'Toni Erdmann'.,1,0,de,sandra hüller spielte die,native.de,entertainment
873,679,Eine Laufbahn im Stadion ist meist 1000 Meter lang.,0,0,de,eine laufbahn im stadion,native.de,sports
874,1219,Hape Kerkeling schrieb das Buch 'Ich bin dann mal weg'.,1,0,de,hape kerkeling schrieb das,native.de,entertainment
875,1929,Die Amtszeit des Bundespräsidenten beträgt zehn Jahre.,0,0,de,die amtszeit des bundespräsidenten,native.de,history_news
876,195,Die Mecklenburgische Seenplatte liegt in Baden-Württemberg.,0,0,de,die mecklenburgische seenplatte liegt,native.de,geography
877,753,Wimbledon findet in Italien statt.,0,0,de,wimbledon findet in italien,native.de,sports
878,475,Der Feldberg liegt im Schwarzwald.,1,0,de,der feldberg liegt im,native.de,geography
879,1764,Das aktive Wahlrecht bei Bundestagswahlen gilt ab 18 Jahren.,1,0,de,das aktive wahlrecht bei,native.de,history_news
880,721,Ein Wurf von hinter der Dreierlinie zählt drei Punkte.,1,0,de,ein wurf von hinter,native.de,sports
881,570,Die UEFA ist der asiatische Fußballverband.,0,0,de,die uefa ist der,native.de,sports
882,1425,Wilhelm Busch schrieb die Bildergeschichte 'Max und Moritz'.,1,0,de,wilhelm busch schrieb die,native.de,entertainment
883,50,Frankreich liegt westlich von Deutschland.,1,0,de,frankreich liegt westlich von,native.de,geography
884,1841,Der Reichstagsbrand ereignete sich im Jahr 1939.,0,0,de,der reichstagsbrand ereignete sich,native.de,history_news
885,1354,Manfred Schmidt wurde 1913 in Bad Wörishofen geboren.,0,0,de,manfred schmidt wurde 1913,native.de,entertainment
886,645,Beim Synchronschwimmen schwimmen mehrere Sportler gemeinsam.,1,0,de,beim synchronschwimmen schwimmen mehrere,native.de,sports
887,723,Michael Jordan spielte Basketball.,1,0,de,michael jordan spielte basketball,native.de,sports
888,111,Der Langenberg liegt im Bundesland Nordrhein-Westfalen.,1,0,de,der langenberg liegt im,native.de,geography
889,1808,Olaf Scholz ist seit 2025 erneut Bundeskanzler von Deutschland.,0,0,de,olaf scholz ist seit,native.de,history_news
890,1159,Marlene Dietrich spielte die Lola in 'Metropolis'.,0,0,de,marlene dietrich spielte die,native.de,entertainment
891,1942,Die Nürnberger Gesetze wurden im Jahr 1935 erlassen.,1,0,de,die nürnberger gesetze wurden,native.de,history_news
892,590,Manchester United kommt aus Frankreich.,0,0,de,manchester united kommt aus,native.de,sports
893,1074,"Das Buch 'Oh, wie schön ist Panama' stammt von Janosch.",1,0,de,das buch oh wie,native.de,entertainment
894,914,Boxer tragen Boxhandschuhe.,1,0,de,boxer tragen boxhandschuhe,native.de,sports
895,45,Der Rheinfall bei Schaffhausen liegt in der Schweiz.,1,0,de,der rheinfall bei schaffhausen,native.de,geography
896,1651,Das Attentat auf Hitler durch Stauffenberg fand am 20. Juli 1943 statt.,0,0,de,das attentat auf hitler,native.de,history_news
897,246,Die Stadt Nürnberg liegt direkt am Meer.,0,0,de,die stadt nürnberg liegt,native.de,geography
898,1920,Deutschland zahlt den größten Beitrag zum Haushalt der Europäischen Union.,1,0,de,deutschland zahlt den größten,native.de,history_news
899,301,Das Bundesland Brandenburg grenzt an das Bundesland Schleswig-Holstein.,0,0,de,das bundesland brandenburg grenzt,native.de,geography
900,1528,Der Kniefall von Warschau im Jahr 1970 wurde von Helmut Kohl vollzogen.,0,0,de,der kniefall von warschau,native.de,history_news
901,584,Der Ball ist beim Fußball eckig.,0,0,de,der ball ist beim,native.de,sports
902,789,Der Siebenmeter ist ein Strafstoß im Fußball.,0,0,de,der siebenmeter ist ein,native.de,sports
903,1006,Karl May erschuf die Figur Old Shatterhand.,1,0,de,karl may erschuf die,native.de,entertainment
904,270,Die Stadt Kiel liegt an der Ostsee.,1,0,de,die stadt kiel liegt,native.de,geography
905,1477,Klaus Doldinger komponierte die Titelmusik von 'Tatort'.,1,0,de,klaus doldinger komponierte die,native.de,entertainment
906,1869,Artikel 1 des Grundgesetzes regelt die Rechte der Bundesländer im Bundesrat.,0,0,de,artikel 1 des grundgesetzes,native.de,history_news
907,314,Die Lüneburger Heide liegt in Schleswig-Holstein.,0,0,de,die lüneburger heide liegt,native.de,geography
908,1089,Diane Kruger gewann 2017 in Cannes die Goldene Palme.,0,0,de,diane kruger gewann 2017,native.de,entertainment
909,284,Die Zugspitze liegt im Bundesland Bayern.,1,0,de,die zugspitze liegt im,native.de,geography
910,1387,Das erste Werner-Album trägt den Titel 'Werner – Beinhart!'.,0,0,de,das erste werner album,native.de,entertainment
911,541,Juventus Turin kommt aus Italien.,1,0,de,juventus turin kommt aus,native.de,sports
912,912,Beim Cricket gibt es Wickets.,1,0,de,beim cricket gibt es,native.de,sports
913,937,Beim Rudern sitzt man in einem Boot.,1,0,de,beim rudern sitzt man,native.de,sports
914,407,Das Erzgebirge liegt in Sachsen.,1,0,de,das erzgebirge liegt in,native.de,geography
915,1520,Die vorgezogene Bundestagswahl fand am 23. Februar 2025 statt.,1,0,de,die vorgezogene bundestagswahl fand,native.de,history_news
916,339,Die Mosel mündet in die Elbe.,0,0,de,die mosel mündet in,native.de,geography
917,467,Der Schwarzwald ist ein Mittelgebirge im Südwesten Deutschlands.,1,0,de,der schwarzwald ist ein,native.de,geography
918,364,Die Mosel fließt durch Bautzen.,0,0,de,die mosel fließt durch,native.de,geography
919,1424,Herbert Grönemeyer wurde 1956 in Göttingen geboren.,1,0,de,herbert grönemeyer wurde 1956,native.de,entertainment
920,819,Michael Schumacher kommt aus Deutschland.,1,0,de,michael schumacher kommt aus,native.de,sports
921,996,Doping ist im Sport ausdrücklich erlaubt.,0,0,de,doping ist im sport,native.de,sports
922,321,Der Schwarzwald ist bekannt für seine Sanddünen und Oasen.,0,0,de,der schwarzwald ist bekannt,native.de,geography
923,1550,Helmut Schmidt war von 1974 bis 1982 Bundeskanzler.,1,0,de,helmut schmidt war von,native.de,history_news
924,1454,Die Krimireihe 'Tatort' wurde erstmals 1970 ausgestrahlt.,1,0,de,die krimireihe tatort wurde,native.de,entertainment
925,1864,Der Kapp-Putsch gegen die Weimarer Republik fand im Jahr 1920 statt.,1,0,de,der kapp putsch gegen,native.de,history_news
926,1326,'Unser Sandmännchen' wurde erstmals 1970 ausgestrahlt.,0,0,de,unser sandmännchen wurde erstmals,native.de,entertainment
927,71,Die Insel Spiekeroog liegt in der Ostsee.,0,0,de,die insel spiekeroog liegt,native.de,geography
928,1363,Klaus Kinski wurde 1926 in Berlin geboren.,0,0,de,klaus kinski wurde 1926,native.de,entertainment
929,1679,Der Softwarekonzern SAP hat seinen Sitz in Walldorf.,1,0,de,der softwarekonzern sap hat,native.de,history_news
930,501,Ein Fußballspiel dauert regulär 90 Minuten.,1,0,de,ein fußballspiel dauert regulär,native.de,sports
931,11,Der Erbeskopf liegt im Bundesland Rheinland-Pfalz.,1,0,de,der erbeskopf liegt im,native.de,geography
932,686,Kugelstoßen ist eine Disziplin des Eiskunstlaufs.,0,0,de,kugelstoßen ist eine disziplin,native.de,sports
933,1171,Der bürgerliche Name von Werner Herzog ist Werner Feldmann.,0,0,de,der bürgerliche name von,native.de,entertainment
934,506,Der Elfmeterpunkt liegt elf Meter vor dem Tor.,1,0,de,der elfmeterpunkt liegt elf,native.de,sports
935,1570,Der Kölner Dom wurde bereits im Jahr 1248 vollständig fertiggestellt.,0,0,de,der kölner dom wurde,native.de,history_news
936,1048,Carl Barks erhielt 1996 den Max-und-Moritz-Preis für sein Lebenswerk.,1,0,de,carl barks erhielt 1996,native.de,entertainment
937,84,Der Brocken ist etwa 1141 Meter hoch.,1,0,de,der brocken ist etwa,native.de,geography
938,1148,Die Hörspielserie 'Bibi Blocksberg' entstand im Jahr 1980.,1,0,de,die hörspielserie bibi blocksberg,native.de,entertainment
939,1770,Der Dreißigjährige Krieg endete 1648 mit dem Westfälischen Frieden.,1,0,de,der dreißigjährige krieg endete,native.de,history_news
940,1685,Günter Grass schrieb den Roman Die Blechtrommel.,1,0,de,günter grass schrieb den,native.de,history_news
941,65,Hamburg besitzt den größten Seehafen Deutschlands.,1,0,de,hamburg besitzt den größten,native.de,geography
942,1871,"Seit 2025 regiert in Deutschland eine Koalition aus CDU, CSU und SPD.",1,0,de,seit 2025 regiert in,native.de,history_news
943,1369,Ralph Ruthe veröffentlicht seine Cartoons auf ruthe.de.,1,0,de,ralph ruthe veröffentlicht seine,native.de,entertainment
944,1904,Auf allen deutschen Autobahnen gilt ein generelles Tempolimit von 80 Kilometern pro Stunde.,0,0,de,auf allen deutschen autobahnen,native.de,history_news
945,1710,Den ersten Nobelpreis für Physik erhielt Albert Einstein im Jahr 1901.,0,0,de,den ersten nobelpreis für,native.de,history_news
946,417,Die Sächsische Schweiz liegt in Sachsen.,1,0,de,die sächsische schweiz liegt,native.de,geography
947,1575,Olaf Scholz sprach im Februar 2022 von einer Zeitenwende.,1,0,de,olaf scholz sprach im,native.de,history_news
948,1165,"Hape Kerkeling schrieb das Buch 'Oh, wie schön ist Panama'.",0,0,de,hape kerkeling schrieb das,native.de,entertainment
949,978,Turnen ist eine olympische Wintersportart.,0,0,de,turnen ist eine olympische,native.de,sports
950,206,Die Spree mündet in die Donau.,0,0,de,die spree mündet in,native.de,geography
951,329,Deutschland grenzt an Kroatien.,0,0,de,deutschland grenzt an kroatien,native.de,geography
952,809,Beim Bobfahren fährt man auf einer Eisbahn.,1,0,de,beim bobfahren fährt man,native.de,sports
953,487,Die Donau ist insgesamt etwa 2457 Kilometer lang.,0,0,de,die donau ist insgesamt,native.de,geography
954,1231,Das Hörspiel 'Pumuckl' wurde erstmals 1980 gesendet.,0,0,de,das hörspiel pumuckl wurde,native.de,entertainment
955,1695,Die Weimarer Verfassung wurde am 11. August 1919 unterzeichnet.,1,0,de,die weimarer verfassung wurde,native.de,history_news
956,1211,"Der Song 'You're My Heart, You're My Soul' von Modern Talking erschien 1984.",1,0,de,der song you re,native.de,entertainment
957,529,Der FC Schalke 04 kommt aus Gelsenkirchen.,1,0,de,der fc schalke 04,native.de,sports
958,1921,Karl Marx wurde 1818 in Berlin geboren.,0,0,de,karl marx wurde 1818,native.de,history_news
959,657,Die Olympischen Winterspiele 2022 fanden in Kanada statt.,0,0,de,die olympischen winterspiele 2022,native.de,sports
960,898,Formel-1-Autos haben acht Räder.,0,0,de,formel 1 autos haben,native.de,sports
961,419,Die Lippe mündet in den Rhein.,1,0,de,die lippe mündet in,native.de,geography
962,1800,Das Deutsche Kaiserreich wurde am 18. Januar 1871 im Spiegelsaal von Versailles ausgerufen.,1,0,de,das deutsche kaiserreich wurde,native.de,history_news
963,859,Beim Bobfahren fährt man auf einer Sandbahn.,0,0,de,beim bobfahren fährt man,native.de,sports
964,1526,Der Softwarekonzern SAP hat seinen Sitz in Berlin.,0,0,de,der softwarekonzern sap hat,native.de,history_news
965,360,Niedersachsen und Schleswig-Holstein haben eine gemeinsame Grenze.,1,0,de,niedersachsen und schleswig holstein,native.de,geography
966,1599,Die Europäische Zentralbank hat ihren Sitz in Frankfurt am Main.,1,0,de,die europäische zentralbank hat,native.de,history_news
967,268,Der Rhein fließt in Deutschland überwiegend von Norden nach Süden.,0,0,de,der rhein fließt in,native.de,geography
968,845,Skifahren wird auf Schnee ausgeübt.,1,0,de,skifahren wird auf schnee,native.de,sports
969,1522,Die reguläre Wahlperiode des Bundestages beträgt sieben Jahre.,0,0,de,die reguläre wahlperiode des,native.de,history_news
970,880,Red Bull Racing ist ein Basketballteam der NBA.,0,0,de,red bull racing ist,native.de,sports
971,591,Juventus Turin kommt aus Griechenland.,0,0,de,juventus turin kommt aus,native.de,sports
972,726,Beim Basketball muss man den Ball prellen.,1,0,de,beim basketball muss man,native.de,sports
973,827,Der Große Preis von Monaco ist ein Formel-1-Rennen.,1,0,de,der große preis von,native.de,sports
974,993,Reiten ist eine olympische Wintersportart.,0,0,de,reiten ist eine olympische,native.de,sports
975,1445,"Die Serie 'Gute Zeiten, schlechte Zeiten' wurde erstmals 1998 ausgestrahlt.",0,0,de,die serie gute zeiten,native.de,entertainment
976,473,Die Zugspitze liegt in den Alpen.,1,0,de,die zugspitze liegt in,native.de,geography
977,1976,Friedrich II. von Preußen regierte von 1740 bis 1786.,1,0,de,friedrich ii von preußen,native.de,history_news
978,132,Die Stadt Nürnberg liegt im Landesinneren Deutschlands.,1,0,de,die stadt nürnberg liegt,native.de,geography
979,16,Die Ruhr fließt durch Potsdam.,0,0,de,die ruhr fließt durch,native.de,geography
980,440,Der Main entsteht bei Hamburg aus zwei Quellflüssen.,0,0,de,der main entsteht bei,native.de,geography
981,1975,Die Wehrpflicht wurde in Deutschland im Jahr 2011 ausgesetzt.,1,0,de,die wehrpflicht wurde in,native.de,history_news
982,1030,Der Verlag Junge Welt veröffentlichte ab 1960 'Fix und Foxi'.,0,0,de,der verlag junge welt,native.de,entertainment
983,1887,Deutschland entrichtet seine Beiträge zum Haushalt der Europäischen Union in japanischen Yen.,0,0,de,deutschland entrichtet seine beiträge,native.de,history_news
984,477,Hessen besitzt eine lange Ostseeküste.,0,0,de,hessen besitzt eine lange,native.de,geography
985,1027,Moritz Bleibtreu wurde 1971 in Frankfurt geboren.,0,0,de,moritz bleibtreu wurde 1971,native.de,entertainment
986,1747,Karl der Große wurde im Jahr 962 in Aachen zum Kaiser gekrönt.,0,0,de,karl der große wurde,native.de,history_news
987,905,American Football wird mit einem eiförmigen Ball gespielt.,1,0,de,american football wird mit,native.de,sports
988,1805,Der Prager Fenstersturz von 1618 gilt als Auslöser des Dreißigjährigen Krieges.,1,0,de,der prager fenstersturz von,native.de,history_news
989,729,Die Los Angeles Lakers spielen in der NBA.,1,0,de,die los angeles lakers,native.de,sports
990,854,Beim Eiskunstlauf laufen die Sportler auf Rollschuhen.,0,0,de,beim eiskunstlauf laufen die,native.de,sports
991,1352,Anke Engelke moderierte 2011 den Eurovision Song Contest in Düsseldorf mit.,1,0,de,anke engelke moderierte 2011,native.de,entertainment
992,1582,Martin Luther veröffentlichte seine 95 Thesen im Jahr 1517 in Wittenberg.,1,0,de,martin luther veröffentlichte seine,native.de,history_news
993,694,Rückenschwimmen wird im Sand ausgeübt.,0,0,de,rückenschwimmen wird im sand,native.de,sports
994,915,Muhammad Ali war ein Boxer.,1,0,de,muhammad ali war ein,native.de,sports
995,1681,Olaf Scholz verlor im Dezember 2024 die von ihm gestellte Vertrauensfrage.,1,0,de,olaf scholz verlor im,native.de,history_news
996,1311,Janosch wurde 1931 in Ostpreußen geboren.,0,0,de,janosch wurde 1931 in,native.de,entertainment
997,704,Wimbledon wird auf Rasen gespielt.,1,0,de,wimbledon wird auf rasen,native.de,sports
998,104,Das Bundesland Hamburg grenzt an das Bundesland Bayern.,0,0,de,das bundesland hamburg grenzt,native.de,geography
999,1426,Helene Fischer wurde 1984 in Krasnojarsk geboren.,1,0,de,helene fischer wurde 1984,native.de,entertainment
1000,61,Der Dollberg liegt im Bundesland Saarland.,1,0,de,der dollberg liegt im,native.de,geography
1001,785,Beim Handball hat eine Mannschaft elf Spieler auf dem Feld.,0,0,de,beim handball hat eine,native.de,sports
1002,1842,Die Bücherverbrennungen der Nationalsozialisten fanden im Jahr 1945 statt.,0,0,de,die bücherverbrennungen der nationalsozialisten,native.de,history_news
1003,970,Taekwondo stammt aus Mexiko.,0,0,de,taekwondo stammt aus mexiko,native.de,sports
1004,1052,Elyas M'Barek spielte den Cem Öztürk in 'Türkisch für Anfänger'.,1,0,de,elyas m barek spielte,native.de,entertainment
1005,79,Der Rhein fließt durch Heidelberg.,0,0,de,der rhein fließt durch,native.de,geography
1006,1957,Im Jahr 2015 verließ Deutschland wegen der Migration den Schengen-Raum.,0,0,de,im jahr 2015 verließ,native.de,history_news
1007,392,Die Stadt Kiel liegt an der Nordsee.,0,0,de,die stadt kiel liegt,native.de,geography
1008,166,Die Wasserkuppe ist etwa 1650 Meter hoch.,0,0,de,die wasserkuppe ist etwa,native.de,geography
1009,1496,Das Heft 'Mosaik' erschien erstmals 1953.,0,0,de,das heft mosaik erschien,native.de,entertainment
1010,1185,Til Schweiger wurde 1963 in Stuttgart geboren.,0,0,de,til schweiger wurde 1963,native.de,entertainment
1011,986,Gewichtheben ist eine Ballsportart.,0,0,de,gewichtheben ist eine ballsportart,native.de,sports
1012,1380,Til Schweiger spielte 1994 in 'Der Schuh des Manitu' mit.,0,0,de,til schweiger spielte 1994,native.de,entertainment
1013,1304,Die Begleitband von Udo Lindenberg heißt Panikorchester.,1,0,de,die begleitband von udo,native.de,entertainment
1014,908,Ein Baseballfeld hat vier Bases.,1,0,de,ein baseballfeld hat vier,native.de,sports
1015,1206,Uli Stein wurde 1946 in Braunschweig geboren.,0,0,de,uli stein wurde 1946,native.de,entertainment
1016,350,Die Stadt Leipzig liegt im Bundesland Sachsen.,1,0,de,die stadt leipzig liegt,native.de,geography
1017,186,Der Bodensee ist der einzige See in Deutschland.,0,0,de,der bodensee ist der,native.de,geography
1018,1596,Die gesetzliche Krankenversicherung wurde in Deutschland erst 1949 eingeführt.,0,0,de,die gesetzliche krankenversicherung wurde,native.de,history_news
1019,372,Schleswig-Holstein und Bayern haben eine gemeinsame Grenze.,0,0,de,schleswig holstein und bayern,native.de,geography
1020,118,Mecklenburg-Vorpommern liegt an der Ostsee.,1,0,de,mecklenburg vorpommern liegt an,native.de,geography
1021,1459,Der Max-und-Moritz-Preis wurde 1994 ins Leben gerufen.,0,0,de,der max und moritz,native.de,entertainment
1022,1115,Veronica Ferres gewann 2002 den Deutschen Filmpreis.,0,0,de,veronica ferres gewann 2002,native.de,entertainment
1023,253,Der Neckar entspringt im Schwarzwald.,1,0,de,der neckar entspringt im,native.de,geography
1024,508,Brasilien wurde fünfmal Fußballweltmeister.,1,0,de,brasilien wurde fünfmal fußballweltmeister,native.de,sports
1025,1460,Walter Richter spielte den ersten Tatort-Kommissar Schimanski.,0,0,de,walter richter spielte den,native.de,entertainment
1026,396,Deutschland grenzt an Luxemburg.,1,0,de,deutschland grenzt an luxemburg,native.de,geography
1027,626,Beim Speerwurf wirft man einen Speer.,1,0,de,beim speerwurf wirft man,native.de,sports
1028,696,Wasserball wird auf einer Eisfläche gespielt.,0,0,de,wasserball wird auf einer,native.de,sports
1029,1727,Otto von Bismarck wurde 1862 preußischer Ministerpräsident.,1,0,de,otto von bismarck wurde,native.de,history_news
1030,762,Roger Federer kommt aus Schweden.,0,0,de,roger federer kommt aus,native.de,sports
1031,1102,'Vater und Sohn' erschien erstmals 1953.,0,0,de,vater und sohn erschien,native.de,entertainment
1032,264,Die Stadt Chemnitz liegt im Bundesland Sachsen.,1,0,de,die stadt chemnitz liegt,native.de,geography
1033,1804,Die Todesstrafe ist in Deutschland bei schweren Verbrechen weiterhin zulässig.,0,0,de,die todesstrafe ist in,native.de,history_news
1034,847,Beim Skilanglauf benutzt man Stöcke.,1,0,de,beim skilanglauf benutzt man,native.de,sports
1035,784,Basketball wurde in Japan erfunden.,0,0,de,basketball wurde in japan,native.de,sports
1036,1729,Willy Brandt erhielt 1971 den Friedensnobelpreis.,1,0,de,willy brandt erhielt 1971,native.de,history_news
1037,1726,Die Flutkatastrophe im Ahrtal ereignete sich im Januar 2015.,0,0,de,die flutkatastrophe im ahrtal,native.de,history_news
1038,1914,Schloss Neuschwanstein wurde im Auftrag von Otto von Bismarck erbaut.,0,0,de,schloss neuschwanstein wurde im,native.de,history_news
1039,772,Ein Freiwurf zählt beim Basketball fünf Punkte.,0,0,de,ein freiwurf zählt beim,native.de,sports
1040,52,Die Stadt Dresden liegt im Bundesland Sachsen-Anhalt.,0,0,de,die stadt dresden liegt,native.de,geography
1041,1543,Die Währungsreform von 1948 führte in den Westzonen die D-Mark ein.,1,0,de,die währungsreform von 1948,native.de,history_news
1042,494,Der Spreewald liegt in Brandenburg.,1,0,de,der spreewald liegt in,native.de,geography
1043,602,Die Olympischen Spiele 1972 fanden in München statt.,1,0,de,die olympischen spiele 1972,native.de,sports
1044,1903,In Deutschland dürfen seit 2024 Erwachsene pro Person gleichzeitig bis zu 100 Cannabispflanzen zum Eigenkonsum anbauen.,0,0,de,in deutschland dürfen seit,native.de,history_news
1045,1402,Der Medienpreis Bambi wird seit 1964 verliehen.,0,0,de,der medienpreis bambi wird,native.de,entertainment
1046,994,Beim Springreiten schwimmt das Pferd durch einen See.,0,0,de,beim springreiten schwimmt das,native.de,sports
1047,1736,Rügen ist die größte deutsche Insel.,1,0,de,rügen ist die größte,native.de,history_news
1048,1894,Die Flutkatastrophe im Ahrtal ereignete sich im Juli 2021.,1,0,de,die flutkatastrophe im ahrtal,native.de,history_news
1049,239,Die Donau entspringt in den Alpen in Österreich.,0,0,de,die donau entspringt in,native.de,geography
1050,98,Die Stadt Magdeburg liegt im Bundesland Brandenburg.,0,0,de,die stadt magdeburg liegt,native.de,geography
1051,1759,Max Planck begründete um 1900 die Evolutionstheorie.,0,0,de,max planck begründete um,native.de,history_news
1052,1757,Das Deutschlandticket für den Nahverkehr wurde im Mai 2023 eingeführt.,1,0,de,das deutschlandticket für den,native.de,history_news
1053,184,Die Ostsee liegt im Südwesten Deutschlands.,0,0,de,die ostsee liegt im,native.de,geography
1054,1771,Die Partei Die Grünen zog 1983 erstmals in den Bundestag ein.,1,0,de,die partei die grünen,native.de,history_news
1055,614,Die antiken Olympischen Spiele fanden in Olympia statt.,1,0,de,die antiken olympischen spiele,native.de,sports
1056,1225,Robert Gernhardt gehörte zu den Gründern der Zeitschrift 'Titanic'.,1,0,de,robert gernhardt gehörte zu,native.de,entertainment
1057,82,Die Insel Föhr liegt in der Ostsee.,0,0,de,die insel föhr liegt,native.de,geography
1058,485,"Die Müritz ist der größte See, der vollständig in Deutschland liegt.",1,0,de,die müritz ist der,native.de,geography
1059,398,Die Mecklenburgische Seenplatte liegt in Mecklenburg-Vorpommern.,1,0,de,die mecklenburgische seenplatte liegt,native.de,geography
1060,1472,Diane Kruger spielte die Helena im Film 'Metropolis'.,0,0,de,diane kruger spielte die,native.de,entertainment
1061,1548,Die Zahl der Sitze im Bundestag ist gesetzlich auf 1.200 begrenzt.,0,0,de,die zahl der sitze,native.de,history_news
1062,1204,Walter Moers wurde 1957 in Düsseldorf geboren.,0,0,de,walter moers wurde 1957,native.de,entertainment
1063,89,Die Insel Poel liegt in der Ostsee.,1,0,de,die insel poel liegt,native.de,geography
1064,39,Die Stadt Büsum liegt an der Ostsee.,0,0,de,die stadt büsum liegt,native.de,geography
1065,1901,Wilhelm II. entließ Bismarck im Jahr 1890 als Reichskanzler.,1,0,de,wilhelm ii entließ bismarck,native.de,history_news
1066,1117,Der bürgerliche Name von Werner Herzog ist Werner Stipetić.,1,0,de,der bürgerliche name von,native.de,entertainment
1067,572,Lionel Messi ist Brasilianer.,0,0,de,lionel messi ist brasilianer,native.de,sports
1068,1557,CDU und CSU bilden im Bundestag eine gemeinsame Fraktion.,1,0,de,cdu und csu bilden,native.de,history_news
1069,1183,Die Krimireihe 'Tatort' wurde erstmals 1981 ausgestrahlt.,0,0,de,die krimireihe tatort wurde,native.de,entertainment
1070,935,Beim Ringen kämpfen zwei Sportler auf einer Matte.,1,0,de,beim ringen kämpfen zwei,native.de,sports
1071,262,Deutschland grenzt an Norwegen.,0,0,de,deutschland grenzt an norwegen,native.de,geography
1072,1660,Das Hambacher Fest von 1832 war eine Kundgebung für Einheit und Freiheit.,1,0,de,das hambacher fest von,native.de,history_news
1073,1987,Die deutsche Nationalhymne ist die dritte Strophe des Deutschlandliedes.,1,0,de,die deutsche nationalhymne ist,native.de,history_news
1074,357,Hamburg und Berlin haben eine gemeinsame Grenze.,0,0,de,hamburg und berlin haben,native.de,geography
1075,609,Die Olympischen Sommerspiele 2021 fanden in Tokio statt.,1,0,de,die olympischen sommerspiele 2021,native.de,sports
1076,1336,Der Film 'Nosferatu' kam 1922 in die Kinos.,1,0,de,der film nosferatu kam,native.de,entertainment
1077,240,"Bayern, Hessen und Sachsen sind Stadtstaaten.",0,0,de,bayern hessen und sachsen,native.de,geography
1078,1818,Deutschland wurde nach 1945 in vier Besatzungszonen aufgeteilt.,1,0,de,deutschland wurde nach 1945,native.de,history_news
1079,1422,Werner Herzog führte bei 'Metropolis' Regie.,0,0,de,werner herzog führte bei,native.de,entertainment
1080,120,Die Insel Amrum liegt in der Nordsee.,1,0,de,die insel amrum liegt,native.de,geography
1081,1500,Rainer Werner Fassbinder gewann 1982 den Goldenen Bären für 'Die Ehe der Maria Braun'.,0,0,de,rainer werner fassbinder gewann,native.de,entertainment
1082,1136,Wim Wenders wurde 1945 in Köln geboren.,0,0,de,wim wenders wurde 1945,native.de,entertainment
1083,752,Beim Tennis stehen elf Spieler pro Mannschaft auf dem Platz.,0,0,de,beim tennis stehen elf,native.de,sports
1084,1224,Erich Kästner schrieb das Drehbuch für 'Metropolis' unter einem Pseudonym.,0,0,de,erich kästner schrieb das,native.de,entertainment
1085,375,Der Große Beerberg ist etwa 983 Meter hoch.,1,0,de,der große beerberg ist,native.de,geography
1086,1837,Im Jahr 1923 erlebte Deutschland eine Hyperinflation.,1,0,de,im jahr 1923 erlebte,native.de,history_news
1087,1581,Die Hanse war ein Städtebund des Mittelalters mit Lübeck als führender Stadt.,1,0,de,die hanse war ein,native.de,history_news
1088,1130,Michael Herbig führte bei 'Der Schuh des Manitu' Regie.,1,0,de,michael herbig führte bei,native.de,entertainment
1089,730,Ein normaler Korberfolg aus dem Feld zählt zwei Punkte.,1,0,de,ein normaler korberfolg aus,native.de,sports
1090,411,Die Stadt Husum liegt an der Nordsee.,1,0,de,die stadt husum liegt,native.de,geography
1091,1300,Mario Adorf wurde 1930 in Zürich geboren.,1,0,de,mario adorf wurde 1930,native.de,entertainment
1092,1090,Ellis Kaut erschuf die Figur Bibi Blocksberg.,0,0,de,ellis kaut erschuf die,native.de,entertainment
1093,1670,Für Pkw beträgt die Richtgeschwindigkeit auf deutschen Autobahnen 130 km/h.,1,0,de,für pkw beträgt die,native.de,history_news
1094,868,Michael Schumacher wurde zweimal Formel-1-Weltmeister.,0,0,de,michael schumacher wurde zweimal,native.de,sports
1095,1751,Der Élysée-Vertrag wurde zwischen Deutschland und Italien geschlossen.,0,0,de,der élysée vertrag wurde,native.de,history_news
1096,383,Die Ruhr mündet in die Havel.,0,0,de,die ruhr mündet in,native.de,geography
1097,1213,Heinrich Hoffmann schrieb 'Der Struwwelpeter'.,1,0,de,heinrich hoffmann schrieb der,native.de,entertainment
1098,542,Die englische Liga heißt Premier League.,1,0,de,die englische liga heißt,native.de,sports
1099,1259,Uli Stein war als Cartoonist bekannt für seine Tiermotive.,1,0,de,uli stein war als,native.de,entertainment
1100,1551,In der Schlacht bei Königgrätz besiegte Österreich im Jahr 1866 Preußen.,0,0,de,in der schlacht bei,native.de,history_news
1101,1431,Der Charakter Lupo ist ein Wolf in 'Fix und Foxi'.,1,0,de,der charakter lupo ist,native.de,entertainment
1102,189,Der Thüringer Wald liegt in Thüringen.,1,0,de,der thüringer wald liegt,native.de,geography
1103,682,Der Diskus wird getreten.,0,0,de,der diskus wird getreten,native.de,sports
1104,1474,Manfred Schmidt starb im Jahr 1994.,0,0,de,manfred schmidt starb im,native.de,entertainment
1105,317,Die Landeshauptstadt von Thüringen ist Erfurt.,1,0,de,die landeshauptstadt von thüringen,native.de,geography
1106,1851,Der Versailler Vertrag wurde am 28. Juni 1919 unterzeichnet.,1,0,de,der versailler vertrag wurde,native.de,history_news
1107,1318,Fritz Lang führte bei 'Nosferatu' Regie.,0,0,de,fritz lang führte bei,native.de,entertainment
1108,875,Bei einem Boxenstopp in der Formel 1 müssen die Fahrer den Reifenwechsel selbst durchführen.,0,0,de,bei einem boxenstopp in,native.de,sports
1109,661,Die Olympischen Winterspiele 2018 fanden in Norwegen statt.,0,0,de,die olympischen winterspiele 2018,native.de,sports
1110,532,Der DFB-Pokal wird im K.-o.-System gespielt.,1,0,de,der dfb pokal wird,native.de,sports
1111,256,Die Landeshauptstadt von Bayern ist Ingolstadt.,0,0,de,die landeshauptstadt von bayern,native.de,geography
1112,1055,Das Grimme-Institut sitzt in Marl.,1,0,de,das grimme institut sitzt,native.de,entertainment
1113,663,Die Paralympics sind ein Wettbewerb nur für Kinder.,0,1,de,die paralympics sind ein,native.de,sports
1114,1538,Der Augsburger Religionsfrieden wurde im Jahr 1648 geschlossen.,0,0,de,der augsburger religionsfrieden wurde,native.de,history_news
1115,231,Baden-Württemberg und Saarland haben eine gemeinsame Grenze.,0,0,de,baden württemberg und saarland,native.de,geography
1116,902,Die NFL ist eine American-Football-Liga in den USA.,1,0,de,die nfl ist eine,native.de,sports
1117,1654,Die deutsche Nationalflagge ist schwarz-rot-gold.,1,0,de,die deutsche nationalflagge ist,native.de,history_news
1118,1337,Tom Tykwer führte bei 'Der bewegte Mann' Regie.,0,0,de,tom tykwer führte bei,native.de,entertainment
1119,381,Der Feldberg ist etwa 1493 Meter hoch.,1,0,de,der feldberg ist etwa,native.de,geography
1120,865,Die Abfahrt ist eine Disziplin im Tennis.,0,0,de,die abfahrt ist eine,native.de,sports
1121,788,Ein Handballspiel dauert 90 Minuten.,0,0,de,ein handballspiel dauert 90,native.de,sports
1122,102,Der Schwarzwald ist ein Mittelgebirge im Nordosten Deutschlands.,0,0,de,der schwarzwald ist ein,native.de,geography
1123,1585,Der Hamburger Hafen ist der größte Seehafen Deutschlands.,1,0,de,der hamburger hafen ist,native.de,history_news
1124,1564,Das Saarland wurde 1957 Teil der Bundesrepublik Deutschland.,1,0,de,das saarland wurde 1957,native.de,history_news
1125,1246,'Das Leben der Anderen' gewann 2003 den Oscar als bester fremdsprachiger Film.,0,0,de,das leben der anderen,native.de,entertainment
1126,1724,Deutschland ist das bevölkerungsärmste Land der Europäischen Union.,0,0,de,deutschland ist das bevölkerungsärmste,native.de,history_news
1127,1358,Daniel Brühl spielte James Hunt im Film 'Rush'.,0,0,de,daniel brühl spielte james,native.de,entertainment
1128,878,Die MotoGP ist eine Rennserie für Lastwagen.,0,0,de,die motogp ist eine,native.de,sports
1129,1262,Isabel Kreitz wurde 1967 in Hamburg geboren.,1,0,de,isabel kreitz wurde 1967,native.de,entertainment
1130,1943,Die Grünen wurden bei der Bundestagswahl 2025 zweitstärkste Kraft.,0,0,de,die grünen wurden bei,native.de,history_news
1131,567,Im Fußball wird die Abseitsregel auch beim direkten Empfang eines Einwurfs angewendet.,0,0,de,im fußball wird die,native.de,sports
1132,1689,"Im Dreikaiserjahr 1888 folgten Wilhelm I., Friedrich III. und Wilhelm III. aufeinander.",0,0,de,im dreikaiserjahr 1888 folgten,native.de,history_news
1133,1247,Der bürgerliche Name von Janosch ist Horst Eckert.,1,0,de,der bürgerliche name von,native.de,entertainment
1134,799,Beim Beachvolleyball spielen sieben Spieler pro Team.,0,0,de,beim beachvolleyball spielen sieben,native.de,sports
1135,524,Argentinien gewann die Weltmeisterschaft 2022.,1,0,de,argentinien gewann die weltmeisterschaft,native.de,sports
1136,627,Der Zehnkampf besteht aus zehn Disziplinen.,1,0,de,der zehnkampf besteht aus,native.de,sports
1137,496,Deutschland grenzt an Finnland.,0,0,de,deutschland grenzt an finnland,native.de,geography
1138,159,Der Hunsrück liegt in Rheinland-Pfalz.,1,0,de,der hunsrück liegt in,native.de,geography
1139,791,Handball ist eine olympische Wintersportart.,0,0,de,handball ist eine olympische,native.de,sports
1140,1661,Paul von Hindenburg wurde 1925 zum Reichspräsidenten gewählt.,1,0,de,paul von hindenburg wurde,native.de,history_news
1141,1510,Die deutsche Nationalflagge ist schwarz-rot-grün.,0,0,de,die deutsche nationalflagge ist,native.de,history_news
1142,367,Sylt ist die größte deutsche Insel in der Nordsee.,1,0,de,sylt ist die größte,native.de,geography
1143,229,Die Stadt Stralsund liegt an der Ostsee.,1,0,de,die stadt stralsund liegt,native.de,geography
1144,913,Beim Boxen kämpfen zwei Sportler in einem Ring.,1,0,de,beim boxen kämpfen zwei,native.de,sports
1145,418,Bremen und Niedersachsen haben eine gemeinsame Grenze.,1,0,de,bremen und niedersachsen haben,native.de,geography
1146,743,Ein Handballtor ist drei Meter breit.,1,0,de,ein handballtor ist drei,native.de,sports
1147,80,Die Mosel fließt durch Dresden.,0,0,de,die mosel fließt durch,native.de,geography
1148,493,Der Fichtelberg ist der höchste Berg im Harz.,0,0,de,der fichtelberg ist der,native.de,geography
1149,1885,Willy Brandt kniete 1970 vor dem Mahnmal im ehemaligen Warschauer Ghetto nieder.,1,0,de,willy brandt kniete 1970,native.de,history_news
1150,1617,Der Karneval wird besonders im Rheinland gefeiert.,1,0,de,der karneval wird besonders,native.de,history_news
1151,825,In der Formel 1 gibt es Boxenstopps.,1,0,de,in der formel 1,native.de,sports
1152,1373,Werner fährt in dem Comic ein Auto.,0,0,de,werner fährt in dem,native.de,entertainment
1153,1266,Loriot führte bei 'Otto – Der Film' Regie.,0,0,de,loriot führte bei otto,native.de,entertainment
1154,1671,Der Kapp-Putsch fand im Jahr 1938 in Wien statt.,0,0,de,der kapp putsch fand,native.de,history_news
1155,1587,Die Schuldenbremse wurde 1949 mit dem Grundgesetz eingeführt.,0,0,de,die schuldenbremse wurde 1949,native.de,history_news
1156,1536,Der Deutsche Zollverein trat 1834 in Kraft.,1,0,de,der deutsche zollverein trat,native.de,history_news
1157,1025,Der Max-und-Moritz-Preis wurde 1984 ins Leben gerufen.,1,0,de,der max und moritz,native.de,entertainment
1158,414,Der Watzmann liegt in den Berchtesgadener Alpen.,1,0,de,der watzmann liegt in,native.de,geography
1159,593,Die spanische Liga heißt Ligue 1.,0,0,de,die spanische liga heißt,native.de,sports
1160,1289,Erich Kästner starb im Jahr 1974 in Frankfurt am Main.,0,0,de,erich kästner starb im,native.de,entertainment
1161,1641,Die Wannseekonferenz fand im Januar 1942 in Berlin statt.,1,0,de,die wannseekonferenz fand im,native.de,history_news
1162,1395,Heinz Rühmann wurde 1902 in Essen geboren.,1,0,de,heinz rühmann wurde 1902,native.de,entertainment
1163,128,Die Elbe mündet in die Nordsee.,1,0,de,die elbe mündet in,native.de,geography
1164,1441,Der Film 'Metropolis' kam 1927 in die Kinos.,1,0,de,der film metropolis kam,native.de,entertainment
1165,1985,Kurt Georg Kiesinger führte von 1966 bis 1969 eine Große Koalition.,1,0,de,kurt georg kiesinger führte,native.de,history_news
1166,1276,Der Comic 'Packeis' von Simon Schwartz gewann 2016 den Max-und-Moritz-Preis.,1,0,de,der comic packeis von,native.de,entertainment
1167,404,Die Donau fließt durch Ingolstadt.,1,0,de,die donau fließt durch,native.de,geography
1168,151,Hessen und Thüringen haben eine gemeinsame Grenze.,1,0,de,hessen und thüringen haben,native.de,geography
1169,347,Die deutsche Nordseeküste liegt in Niedersachsen und Schleswig-Holstein.,1,0,de,die deutsche nordseeküste liegt,native.de,geography
1170,1319,Lena gewann 2010 den Eurovision Song Contest mit dem Lied 'Ein bißchen Frieden'.,0,0,de,lena gewann 2010 den,native.de,entertainment
1171,395,Die Stadt Cuxhaven liegt an der Nordsee.,1,0,de,die stadt cuxhaven liegt,native.de,geography
1172,63,Das Bundesland Bayern grenzt an das Bundesland Thüringen.,1,0,de,das bundesland bayern grenzt,native.de,geography
1173,1280,Walter Moers erschuf die Figur Werner.,0,0,de,walter moers erschuf die,native.de,entertainment
1174,209,Sachsen und Bayern haben eine gemeinsame Grenze.,1,0,de,sachsen und bayern haben,native.de,geography
1175,497,Der Rhein ist insgesamt etwa 1733 Kilometer lang.,0,0,de,der rhein ist insgesamt,native.de,geography
1176,353,Die Stadt Rostock liegt an der Nordsee.,0,0,de,die stadt rostock liegt,native.de,geography
1177,96,Die Insel Pellworm liegt in der Nordsee.,1,0,de,die insel pellworm liegt,native.de,geography
1178,1062,"Der Song 'You're My Heart, You're My Soul' von Modern Talking erschien 1994.",0,0,de,der song you re,native.de,entertainment
1179,960,Rugby wird mit einem Puck gespielt.,0,0,de,rugby wird mit einem,native.de,sports
1180,144,Die Donau fließt durch Regensburg.,1,0,de,die donau fließt durch,native.de,geography
1181,1239,Günther Jauch moderiert die Sendung 'Deutschland sucht den Superstar'.,0,0,de,günther jauch moderiert die,native.de,entertainment
1182,1440,Til Schweiger führte bei 'Lola rennt' Regie.,0,0,de,til schweiger führte bei,native.de,entertainment
1183,1214,Nina Hoss spielte die Hauptrolle im Film 'Barbara'.,1,0,de,nina hoss spielte die,native.de,entertainment
1184,237,Aachen liegt im Osten Deutschlands nahe der polnischen Grenze.,0,0,de,aachen liegt im osten,native.de,geography
1185,223,Deutschland hat Küsten an zwei Meeren.,1,0,de,deutschland hat küsten an,native.de,geography
1186,1768,Die AfD wurde bereits im Jahr 1980 gegründet.,0,0,de,die afd wurde bereits,native.de,history_news
1187,346,Der Große Beerberg ist etwa 683 Meter hoch.,0,0,de,der große beerberg ist,native.de,geography
1188,121,Der Fichtelberg ist etwa 1215 Meter hoch.,1,0,de,der fichtelberg ist etwa,native.de,geography
1189,589,Real Madrid kommt aus Portugal.,0,0,de,real madrid kommt aus,native.de,sports
1190,1999,Robert Koch entdeckte 1882 den Erreger der Tuberkulose.,1,0,de,robert koch entdeckte 1882,native.de,history_news
1191,333,Die Lahn fließt durch Würzburg.,0,0,de,die lahn fließt durch,native.de,geography
1192,1087,"Anke Engelke moderierte die Sendung 'Wetten, dass..?'.",0,0,de,anke engelke moderierte die,native.de,entertainment
1193,1765,Wilhelm I. war der erste Deutsche Kaiser des Kaiserreichs.,1,0,de,wilhelm i war der,native.de,history_news
1194,194,Niedersachsen und Rheinland-Pfalz haben eine gemeinsame Grenze.,0,0,de,niedersachsen und rheinland pfalz,native.de,geography
1195,236,Die Stadt Hildesheim liegt im Bundesland Nordrhein-Westfalen.,0,0,de,die stadt hildesheim liegt,native.de,geography
1196,182,Das Ruhrgebiet liegt in Baden-Württemberg.,0,0,de,das ruhrgebiet liegt in,native.de,geography
1197,1622,Für den Einzug in den Bundestag gilt eine Fünf-Prozent-Hürde.,1,0,de,für den einzug in,native.de,history_news
1198,390,Die Landeshauptstadt von Sachsen-Anhalt ist Dessau-Roßlau.,0,0,de,die landeshauptstadt von sachsen,native.de,geography
1199,969,Beim Judo trägt man Schlittschuhe.,0,0,de,beim judo trägt man,native.de,sports
1200,1343,"Wim Wenders gewann 1984 die Goldene Palme für 'Paris, Texas'.",1,0,de,wim wenders gewann 1984,native.de,entertainment
1201,670,Die Olympischen Winterspiele 2026 fanden in Australien statt.,0,0,de,die olympischen winterspiele 2026,native.de,sports
1202,1415,Iris Berben wurde 1950 in Dortmund geboren.,0,0,de,iris berben wurde 1950,native.de,entertainment
1203,1863,An staatlichen Hochschulen in Deutschland werden Studiengebühren von 20.000 Euro pro Jahr erhoben.,0,0,de,an staatlichen hochschulen in,native.de,history_news
1204,332,Der Wurmberg ist etwa 671 Meter hoch.,0,0,de,der wurmberg ist etwa,native.de,geography
1205,615,Die ersten modernen Olympischen Spiele fanden 1896 statt.,1,0,de,die ersten modernen olympischen,native.de,sports
1206,1031,Florian Henckel von Donnersmarck führte bei 'Das Leben der Anderen' Regie.,1,0,de,florian henckel von donnersmarck,native.de,entertainment
1207,267,Die Stadt Leipzig liegt im Landesinneren Deutschlands.,1,0,de,die stadt leipzig liegt,native.de,geography
1208,1063,Ellis Kaut erschuf die Figur Pumuckl.,1,0,de,ellis kaut erschuf die,native.de,entertainment
1209,1944,Das Ministerium für Staatssicherheit der DDR war als Stasi bekannt.,1,0,de,das ministerium für staatssicherheit,native.de,history_news
1210,546,Der Torwart trägt ein anderes Trikot als seine Mitspieler.,1,0,de,der torwart trägt ein,native.de,sports
1211,1143,Loriot wurde 2003 Ehrenprofessor an der Münchner Filmhochschule.,0,0,de,loriot wurde 2003 ehrenprofessor,native.de,entertainment
1212,1397,Campino ist der Sänger von Die Toten Hosen.,1,0,de,campino ist der sänger,native.de,entertainment
1213,106,"Der Bodensee grenzt an Deutschland, Österreich und die Schweiz.",1,0,de,der bodensee grenzt an,native.de,geography
1214,1455,Moritz Bleibtreu spielte Andreas Baader in 'Das Boot'.,0,0,de,moritz bleibtreu spielte andreas,native.de,entertainment
1215,1935,Der Hitlerputsch von 1923 fand in Berlin statt.,0,0,de,der hitlerputsch von 1923,native.de,history_news
1216,631,Beim Hochsprung springt man über eine Latte.,1,0,de,beim hochsprung springt man,native.de,sports
1217,684,Beim Staffellauf wird ein Ball übergeben.,0,0,de,beim staffellauf wird ein,native.de,sports
1218,21,Die Landeshauptstadt von Berlin ist Görlitz.,0,0,de,die landeshauptstadt von berlin,native.de,geography
1219,871,Sebastian Vettel wurde siebenmal Formel-1-Weltmeister.,0,0,de,sebastian vettel wurde siebenmal,native.de,sports
1220,243,Die Insel Rügen liegt in der Nordsee.,0,0,de,die insel rügen liegt,native.de,geography
1221,51,Die Lahn mündet in die Nordsee.,0,0,de,die lahn mündet in,native.de,geography
1222,1187,Die Band Kraftwerk wurde 1970 in Köln gegründet.,0,0,de,die band kraftwerk wurde,native.de,entertainment
1223,916,Ein Niederschlag im Boxen wird KO genannt.,1,0,de,ein niederschlag im boxen,native.de,sports
1224,442,Polen liegt westlich von Deutschland.,0,0,de,polen liegt westlich von,native.de,geography
1225,708,Die US Open finden in New York statt.,1,0,de,die us open finden,native.de,sports
1226,1308,'Fix und Foxi' wurde 2010 eingestellt.,1,0,de,fix und foxi wurde,native.de,entertainment
1227,1433,Otto Waalkes spielte 1985 die Hauptrolle in 'Der Schuh des Manitu'.,0,0,de,otto waalkes spielte 1985,native.de,entertainment
1228,823,Das 24-Stunden-Rennen von Le Mans findet in Frankreich statt.,1,0,de,das 24 stunden rennen,native.de,sports
1229,302,Die Stadt Büsum liegt an der Nordsee.,1,0,de,die stadt büsum liegt,native.de,geography
1230,173,Deutschland grenzt an Österreich.,1,0,de,deutschland grenzt an österreich,native.de,geography
1231,285,Deutschland grenzt an Belgien.,1,0,de,deutschland grenzt an belgien,native.de,geography
1232,921,Beim Golf schlägt man den Ball in ein Loch.,1,0,de,beim golf schlägt man,native.de,sports
1233,1852,Bei der Bundestagswahl 2025 wurde die Union stärkste Kraft.,1,0,de,bei der bundestagswahl 2025,native.de,history_news
1234,1235,Doris Dörrie wurde 1955 in Hannover geboren.,1,0,de,doris dörrie wurde 1955,native.de,entertainment
1235,345,Die Stadt Würzburg liegt direkt am Meer.,0,0,de,die stadt würzburg liegt,native.de,geography
1236,307,Die Insel Rügen liegt in der Ostsee.,1,0,de,die insel rügen liegt,native.de,geography
1237,1960,Die Fußballweltmeisterschaft 2006 fand in Deutschland statt.,1,0,de,die fußballweltmeisterschaft 2006 fand,native.de,history_news
1238,923,Beim Golf benutzt man Schläger.,1,0,de,beim golf benutzt man,native.de,sports
1239,1777,Die reguläre Wahlperiode des Bundestages beträgt vier Jahre.,1,0,de,die reguläre wahlperiode des,native.de,history_news
1240,168,Die Alpen liegen im Norden Deutschlands.,0,0,de,die alpen liegen im,native.de,geography
1241,422,Der Erbeskopf ist etwa 816 Meter hoch.,1,0,de,der erbeskopf ist etwa,native.de,geography
1242,226,Der Brocken ist etwa 2341 Meter hoch.,0,0,de,der brocken ist etwa,native.de,geography
1243,13,Die Donau entspringt in Donaueschingen im Schwarzwald.,1,0,de,die donau entspringt in,native.de,geography
1244,1509,Friedrich II. von Preußen musste Schlesien an Bayern abtreten.,0,0,de,friedrich ii von preußen,native.de,history_news
1245,1093,"Michael Herbig moderierte die Sendung 'Wetten, dass..?'.",0,0,de,michael herbig moderierte die,native.de,entertainment
1246,91,Die Stadt St. Peter-Ording liegt an der Ostsee.,0,0,de,die stadt st peter,native.de,geography
1247,1527,Olaf Scholz war von 2005 bis 2021 Bundeskanzler.,0,0,de,olaf scholz war von,native.de,history_news
1248,1998,Preußen wurde 1701 zum Königreich erhoben.,1,0,de,preußen wurde 1701 zum,native.de,history_news
1249,858,Ein Eishockeyspiel hat zwei Halbzeiten.,0,0,de,ein eishockeyspiel hat zwei,native.de,sports
1250,1708,Der Deutsche Bund wurde 1815 als loser Staatenbund gegründet.,1,0,de,der deutsche bund wurde,native.de,history_news
1251,1707,Johann Wolfgang von Goethe wurde in Weimar geboren und starb in Frankfurt.,0,0,de,johann wolfgang von goethe,native.de,history_news
1252,305,Die Zugspitze ist etwa 4162 Meter hoch.,0,0,de,die zugspitze ist etwa,native.de,geography
1253,1896,Deutschland hat rund 150 Millionen Einwohner.,0,0,de,deutschland hat rund 150,native.de,history_news
1254,1558,Adolf Hitler wurde am 30. Januar 1933 zum Reichskanzler ernannt.,1,0,de,adolf hitler wurde am,native.de,history_news
1255,1938,Die Grünen zogen bereits 1953 erstmals in den Bundestag ein.,0,0,de,die grünen zogen bereits,native.de,history_news
1256,1925,Nach dem Grundgesetz bestimmt der Bundespräsident die Richtlinien der Politik.,0,0,de,nach dem grundgesetz bestimmt,native.de,history_news
1257,1233,Doris Dörrie führte bei 'Der bewegte Mann' Regie.,0,0,de,doris dörrie führte bei,native.de,entertainment
1258,491,"Der Bodensee grenzt an Deutschland, Polen und Dänemark.",0,0,de,der bodensee grenzt an,native.de,geography
1259,75,Der Wurmberg liegt im Harz.,1,0,de,der wurmberg liegt im,native.de,geography
1260,516,Ein Hattrick sind drei Tore eines Spielers in einem Spiel.,1,0,de,ein hattrick sind drei,native.de,sports
1261,1096,Der Name des Max-und-Moritz-Preises geht auf Wilhelm Busch zurück.,1,0,de,der name des max,native.de,entertainment
1262,562,Der FC Bayern München kommt aus Hamburg.,0,0,de,der fc bayern münchen,native.de,sports
1263,180,Die Insel Langeoog liegt in der Nordsee.,1,0,de,die insel langeoog liegt,native.de,geography
1264,110,Rheinland-Pfalz und Saarland haben eine gemeinsame Grenze.,1,0,de,rheinland pfalz und saarland,native.de,geography
1265,117,Der Große Arber ist etwa 2156 Meter hoch.,0,0,de,der große arber ist,native.de,geography
1266,294,Der Rhein entspringt in den Schweizer Alpen.,1,0,de,der rhein entspringt in,native.de,geography
1267,1101,Barbara Sukowa gewann mehrmals den Deutschen Filmpreis als beste Darstellerin.,1,0,de,barbara sukowa gewann mehrmals,native.de,entertainment
1268,1073,Wolfgang Petersen drehte sechs Folgen der Serie 'Tatort'.,1,0,de,wolfgang petersen drehte sechs,native.de,entertainment
1269,644,Rückenschwimmen ist eine olympische Disziplin.,1,0,de,rückenschwimmen ist eine olympische,native.de,sports
1270,773,Michael Jordan war ein berühmter Schwimmer.,0,0,de,michael jordan war ein,native.de,sports
1271,1665,Die Melodie der deutschen Nationalhymne komponierte Richard Wagner.,0,0,de,die melodie der deutschen,native.de,history_news
1272,1631,Bei Bundestagswahlen entscheidet allein die Erststimme über die Sitzverteilung.,0,0,de,bei bundestagswahlen entscheidet allein,native.de,history_news
1273,623,Usain Bolt hält den Weltrekord über 100 Meter.,1,0,de,usain bolt hält den,native.de,sports
1274,1634,Michael Schumacher gewann insgesamt nur zwei Weltmeistertitel in der Formel 1.,0,1,de,michael schumacher gewann insgesamt,native.de,history_news
1275,1637,Die AfD wurde bei der Bundestagswahl 2025 zweitstärkste Kraft.,1,0,de,die afd wurde bei,native.de,history_news
1276,410,Die Zugspitze ist ganzjährig teilweise von Schnee bedeckt.,1,0,de,die zugspitze ist ganzjährig,native.de,geography
1277,637,Ein olympisches Schwimmbecken ist 50 Meter lang.,1,0,de,ein olympisches schwimmbecken ist,native.de,sports
1278,1968,Ludwig van Beethoven wurde 1770 in Leipzig geboren.,0,0,de,ludwig van beethoven wurde,native.de,history_news
1279,289,Die Insel Norderney liegt in der Nordsee.,1,0,de,die insel norderney liegt,native.de,geography
1280,1989,Die größte deutsche Buchmesse findet in Kiel statt.,0,0,de,die größte deutsche buchmesse,native.de,history_news
1281,1182,Fix und Foxi sind Fuchsbrüder in dem gleichnamigen Comic.,1,0,de,fix und foxi sind,native.de,entertainment
1282,338,Die Stadt Dresden liegt im Landesinneren Deutschlands.,1,0,de,die stadt dresden liegt,native.de,geography
1283,1452,"Thomas Gottschalk moderierte über viele Jahre die Sendung 'Wetten, dass..?'.",1,0,de,thomas gottschalk moderierte über,native.de,entertainment
1284,1900,Seit 2025 regiert in Deutschland eine Koalition aus AfD und FDP.,0,0,de,seit 2025 regiert in,native.de,history_news
1285,1013,Klaus Meine ist der Sänger von Kraftwerk.,0,0,de,klaus meine ist der,native.de,entertainment
1286,47,Die Landeshauptstadt von Rheinland-Pfalz ist Mainz.,1,0,de,die landeshauptstadt von rheinland,native.de,geography
1287,748,Beim Volleyball hat eine Mannschaft sechs Spieler auf dem Feld.,1,0,de,beim volleyball hat eine,native.de,sports
1288,1731,Die Inflation in Deutschland lag im Jahr 2022 stabil bei null Prozent.,0,0,de,die inflation in deutschland,native.de,history_news
1289,754,Wimbledon wird auf Sand gespielt.,0,0,de,wimbledon wird auf sand,native.de,sports
1290,463,Die Weser ist insgesamt etwa 452 Kilometer lang.,1,0,de,die weser ist insgesamt,native.de,geography
1291,1778,Der Bau der Berliner Mauer begann am 13. August 1949.,0,0,de,der bau der berliner,native.de,history_news
1292,1664,Boris Pistorius ist Bundesverteidigungsminister.,1,0,de,boris pistorius ist bundesverteidigungsminister,native.de,history_news
1293,1959,Das Hambacher Fest von 1832 war ein Fest zu Ehren des preußischen Königs.,0,0,de,das hambacher fest von,native.de,history_news
1294,1625,Der Bundeskanzler wird vom Bundestag gewählt.,1,0,de,der bundeskanzler wird vom,native.de,history_news
1295,425,Der Chiemsee liegt in Bayern.,1,0,de,der chiemsee liegt in,native.de,geography
1296,326,Der Watzmann liegt im Bundesland Saarland.,0,0,de,der watzmann liegt im,native.de,geography
1297,665,Die ersten modernen Olympischen Spiele fanden 1950 statt.,0,0,de,die ersten modernen olympischen,native.de,sports
1298,351,Die Isar mündet in die Donau.,1,0,de,die isar mündet in,native.de,geography
1299,448,Der Erbeskopf liegt im Hunsrück.,1,0,de,der erbeskopf liegt im,native.de,geography
1300,1556,Die Olympischen Sommerspiele 1936 fanden in München statt.,0,0,de,die olympischen sommerspiele 1936,native.de,history_news
1301,1042,Erich Kästner wurde 1899 in Dresden geboren.,1,0,de,erich kästner wurde 1899,native.de,entertainment
1302,1878,Die gesetzliche Krankenversicherung wurde im Deutschen Reich 1883 eingeführt.,1,0,de,die gesetzliche krankenversicherung wurde,native.de,history_news
1303,1983,Preußen verlor 1806 die Doppelschlacht bei Jena und Auerstedt gegen Napoleon.,1,0,de,preußen verlor 1806 die,native.de,history_news
1304,1150,Heidi Klum moderiert die Sendung 'Deutschland sucht den Superstar'.,0,0,de,heidi klum moderiert die,native.de,entertainment
1305,1872,Die deutsche Nationalhymne ist die erste Strophe des Deutschlandliedes.,0,0,de,die deutsche nationalhymne ist,native.de,history_news
1306,755,Die French Open werden auf Eis gespielt.,0,0,de,die french open werden,native.de,sports
1307,139,Saarland und Schleswig-Holstein haben eine gemeinsame Grenze.,0,0,de,saarland und schleswig holstein,native.de,geography
1308,452,Die Stadt Stuttgart liegt direkt am Meer.,0,0,de,die stadt stuttgart liegt,native.de,geography
1309,1195,Fatih Akin wurde 1973 in Bremen geboren.,0,0,de,fatih akin wurde 1973,native.de,entertainment
1310,700,Carl Lewis war ein bekannter Schachspieler.,0,0,de,carl lewis war ein,native.de,sports
1311,1158,Marlene Dietrich starb im Jahr 1992 in London.,0,0,de,marlene dietrich starb im,native.de,entertainment
1312,1974,Das Attentat von Sarajevo 1914 galt dem deutschen Kaiser Wilhelm II.,0,0,de,das attentat von sarajevo,native.de,history_news
1313,831,Max Verstappen kommt aus den Niederlanden.,1,0,de,max verstappen kommt aus,native.de,sports
1314,1103,Elfie Donnelly erschuf die Hörspielfigur Pumuckl.,0,0,de,elfie donnelly erschuf die,native.de,entertainment
1315,951,Beim American Football hat eine Mannschaft zwei Spieler auf dem Feld.,0,0,de,beim american football hat,native.de,sports
1316,1020,Der Begriff 'Erikativ' ist nach Gudrun Penndorf benannt.,0,0,de,der begriff erikativ ist,native.de,entertainment
1317,1574,Deutschland trat der Gruppe der G7-Staaten im Jahr 2005 bei.,0,0,de,deutschland trat der gruppe,native.de,history_news
1318,397,Der Chiemsee liegt in Schleswig-Holstein.,0,0,de,der chiemsee liegt in,native.de,geography
1319,1916,Friedrich Schiller wurde 1759 in Marbach am Neckar geboren.,1,0,de,friedrich schiller wurde 1759,native.de,history_news
1320,1573,Der gesetzliche Mindestlohn wurde in Deutschland 2015 eingeführt.,1,0,de,der gesetzliche mindestlohn wurde,native.de,history_news
1321,1178,Das Album 'Autobahn' von Kraftwerk erschien 1978.,0,0,de,das album autobahn von,native.de,entertainment
1322,1672,Das Münchner Abkommen von 1938 verhinderte die Besetzung der Tschechoslowakei dauerhaft.,0,0,de,das münchner abkommen von,native.de,history_news
1323,1254,Die Hörspielserie 'Benjamin Blümchen' entstand im Jahr 1977.,1,0,de,die hörspielserie benjamin blümchen,native.de,entertainment
1324,1704,Die Dreigroschenoper wurde von Johann Wolfgang von Goethe geschrieben.,0,0,de,die dreigroschenoper wurde von,native.de,history_news
1325,22,Die Isar entspringt in der Norddeutschen Tiefebene.,0,0,de,die isar entspringt in,native.de,geography
1326,1306,"Ulrich Mühe spielte die Hauptrolle in 'Good Bye, Lenin!'.",0,0,de,ulrich mühe spielte die,native.de,entertainment
1327,767,Ein Tennisschläger besitzt eine massive Schlagfläche aus Holz.,0,0,de,ein tennisschläger besitzt eine,native.de,sports
1328,393,Die Stadt Chemnitz liegt im Bundesland Sachsen-Anhalt.,0,0,de,die stadt chemnitz liegt,native.de,geography
1329,251,Die Nordfriesischen Inseln gehören zu Brandenburg.,0,0,de,die nordfriesischen inseln gehören,native.de,geography
1330,1268,Carl Barks erhielt 1996 den Max-und-Moritz-Preis für das beste Comic-Album.,0,0,de,carl barks erhielt 1996,native.de,entertainment
1331,1492,Deutschland gewann 2010 zum zweiten Mal den Eurovision Song Contest.,1,0,de,deutschland gewann 2010 zum,native.de,entertainment
1332,1060,'Yps' wurde vom Ehapa Verlag veröffentlicht.,0,0,de,yps wurde vom ehapa,native.de,entertainment
1333,672,Usain Bolt kommt aus Kenia.,0,0,de,usain bolt kommt aus,native.de,sports
1334,1972,Für die Schulpolitik ist in Deutschland allein der Bund zuständig.,0,0,de,für die schulpolitik ist,native.de,history_news
1335,1506,Friedrich der Große war Kurfürst von Sachsen und residierte in Dresden.,0,0,de,friedrich der große war,native.de,history_news
1336,1370,Erich Kästner schrieb auch 'Das doppelte Lottchen'.,1,0,de,erich kästner schrieb auch,native.de,entertainment
1337,1134,Uli Stein wurde 1946 in Hannover geboren.,1,0,de,uli stein wurde 1946,native.de,entertainment
1338,870,Die Formel 1 ist eine Segelsportserie.,0,0,de,die formel 1 ist,native.de,sports
1339,605,"Bei Olympia gibt es Gold-, Silber- und Bronzemedaillen.",1,0,de,bei olympia gibt es,native.de,sports
1340,1377,Das erste Werner-Album erschien 1981.,1,0,de,das erste werner album,native.de,entertainment
1341,1344,Die erste Tatort-Folge trug den Titel 'Fangschuss'.,0,0,de,die erste tatort folge,native.de,entertainment
1342,628,Der Siebenkampf besteht aus sieben Disziplinen.,1,0,de,der siebenkampf besteht aus,native.de,sports
1343,903,Das Endspiel der NFL heißt Super Bowl.,1,0,de,das endspiel der nfl,native.de,sports
1344,857,Die NHL ist eine Handballliga in Afrika.,0,0,de,die nhl ist eine,native.de,sports
1345,1196,Anke Engelke wurde 1965 in Montreal geboren.,1,0,de,anke engelke wurde 1965,native.de,entertainment
1346,1263,Walter Moers erschuf die Figur 'Das kleine Arschloch'.,1,0,de,walter moers erschuf die,native.de,entertainment
1347,701,Tennis wird auf einem Platz mit Netz gespielt.,1,0,de,tennis wird auf einem,native.de,sports
1348,1466,Thomas Gottschalk moderierte die Sendung 'Bullyparade'.,0,0,de,thomas gottschalk moderierte die,native.de,entertainment
1349,1705,Den Satz Ich bin ein Berliner sprach 1963 der britische Premierminister Winston Churchill.,0,0,de,den satz ich bin,native.de,history_news
1350,710,Boris Becker gewann Wimbledon.,1,0,de,boris becker gewann wimbledon,native.de,sports
1351,1962,Die Goldene Bulle von 1356 regelte die Wahl des römisch-deutschen Königs.,1,0,de,die goldene bulle von,native.de,history_news
1352,322,Deutschland besteht geografisch ausschließlich aus Hochgebirge.,0,1,de,deutschland besteht geografisch ausschließlich,native.de,geography
1353,1895,Die documenta findet jedes Jahr in Berlin statt.,0,0,de,die documenta findet jedes,native.de,history_news
1354,1792,Die älteste Universität Deutschlands befindet sich in Hamburg.,0,0,de,die älteste universität deutschlands,native.de,history_news
1355,1180,Hanna Schygulla gewann 1979 den Goldenen Bären für 'Die Ehe der Maria Braun'.,0,0,de,hanna schygulla gewann 1979,native.de,entertainment
1356,1709,Die DDR wurde bereits im Mai 1949 gegründet.,0,0,de,die ddr wurde bereits,native.de,history_news
1357,625,Beim Stabhochsprung benutzt man einen Stab.,1,0,de,beim stabhochsprung benutzt man,native.de,sports
1358,1994,Das Drama Faust stammt von Friedrich Schiller.,0,0,de,das drama faust stammt,native.de,history_news
1359,126,Der Neckar ist insgesamt etwa 1262 Kilometer lang.,0,0,de,der neckar ist insgesamt,native.de,geography
1360,1012,Loriot wurde 1923 in Potsdam geboren.,0,0,de,loriot wurde 1923 in,native.de,entertainment
1361,1091,Erich Kästner schrieb 'Emil und die Detektive'.,1,0,de,erich kästner schrieb emil,native.de,entertainment
1362,849,Beim Eishockey tragen die Spieler einen Helm.,1,0,de,beim eishockey tragen die,native.de,sports
1363,781,Basketball ist eine olympische Wintersportart.,0,0,de,basketball ist eine olympische,native.de,sports
1364,606,Der Sieger bei Olympia erhält eine Goldmedaille.,1,0,de,der sieger bei olympia,native.de,sports
1365,1977,Bei der Bundestagswahl 2025 wurde die SPD mit Abstand stärkste Kraft.,0,0,de,bei der bundestagswahl 2025,native.de,history_news
1366,1203,Franka Potente wurde 1974 in Münster geboren.,1,0,de,franka potente wurde 1974,native.de,entertainment
1367,1730,Die Landeshauptstadt von Sachsen ist Leipzig.,0,0,de,die landeshauptstadt von sachsen,native.de,history_news
1368,416,Die höchsten Erhebungen Deutschlands liegen in Schleswig-Holstein.,0,0,de,die höchsten erhebungen deutschlands,native.de,geography
1369,101,Das Vogtland liegt in Sachsen.,1,0,de,das vogtland liegt in,native.de,geography
1370,1271,Rainer Werner Fassbinder wurde 1945 in München geboren.,0,0,de,rainer werner fassbinder wurde,native.de,entertainment
1371,1571,Die Sozialistengesetze wurden 1878 aufgehoben und 1890 wieder eingeführt.,0,0,de,die sozialistengesetze wurden 1878,native.de,history_news
1372,742,Beim Handball darf man drei Schritte mit dem Ball gehen.,1,0,de,beim handball darf man,native.de,sports
1373,335,Die Lippe mündet in das Schwarze Meer.,0,0,de,die lippe mündet in,native.de,geography
1374,1926,Wilhelm II. entließ Bismarck im Jahr 1918 kurz vor Kriegsende.,0,0,de,wilhelm ii entließ bismarck,native.de,history_news
1375,1668,Der Hitler-Stalin-Pakt wurde im Jahr 1941 zwischen Deutschland und Großbritannien geschlossen.,0,0,de,der hitler stalin pakt,native.de,history_news
1376,835,Der Führende der Tour de France trägt ein gelbes Trikot.,1,0,de,der führende der tour,native.de,sports
1377,834,Die Tour de France findet jedes Jahr statt.,1,0,de,die tour de france,native.de,sports
1378,1245,Loriot hieß mit bürgerlichem Namen Vicco von Bülow.,1,0,de,loriot hieß mit bürgerlichem,native.de,entertainment
1379,1850,Friedrich Wilhelm IV. lehnte 1849 die ihm angetragene Kaiserkrone ab.,1,0,de,friedrich wilhelm iv lehnte,native.de,history_news
1380,940,Schach ist ein Denksport.,1,0,de,schach ist ein denksport,native.de,sports
1381,1334,Die Comicfigur Nick Knatterton parodiert Winnetou.,0,0,de,die comicfigur nick knatterton,native.de,entertainment
1382,1758,Die größte deutsche Insel ist Helgoland.,0,0,de,die größte deutsche insel,native.de,history_news
1383,1886,Das Deutschlandticket gilt ausschließlich im Bundesland Bayern.,0,1,de,das deutschlandticket gilt ausschließlich,native.de,history_news
1384,1270,Iris Berben spielte die Kommissarin Lena Odenthal.,0,0,de,iris berben spielte die,native.de,entertainment
1385,1450,"Frank Elstner moderierte 1981 die erste Folge von 'Wetten, dass..?'.",1,0,de,frank elstner moderierte 1981,native.de,entertainment
1386,1461,Heinz Rühmann starb im Jahr 1999.,0,0,de,heinz rühmann starb im,native.de,entertainment
1387,641,Kraulschwimmen ist die schnellste Schwimmart.,1,0,de,kraulschwimmen ist die schnellste,native.de,sports
1388,105,Der Große Beerberg liegt im Thüringer Wald.,1,0,de,der große beerberg liegt,native.de,geography
1389,816,Beim Biathlon schießt man liegend und stehend.,1,0,de,beim biathlon schießt man,native.de,sports
1390,999,Aufwärmen vor dem Sport ist grundsätzlich verboten.,0,0,de,aufwärmen vor dem sport,native.de,sports
1391,1076,Walter Moers wurde 1957 in Mönchengladbach geboren.,1,0,de,walter moers wurde 1957,native.de,entertainment
1392,1379,Loriot wurde 2003 Ehrenprofessor an der Berliner Universität der Künste.,1,0,de,loriot wurde 2003 ehrenprofessor,native.de,entertainment
1393,1889,Die CSU tritt bundesweit in allen 16 Bundesländern zu Wahlen an.,0,0,de,die csu tritt bundesweit,native.de,history_news
1394,461,Die Stadt Flensburg liegt an der Ostsee.,1,0,de,die stadt flensburg liegt,native.de,geography
1395,1047,Das 'Mosaik' erschien zuerst in West-Berlin.,0,0,de,das mosaik erschien zuerst,native.de,entertainment
1396,1243,Rainer Werner Fassbinder führte bei 'Die Ehe der Maria Braun' Regie.,1,0,de,rainer werner fassbinder führte,native.de,entertainment
1397,586,Werder Bremen kommt aus Dresden.,0,0,de,werder bremen kommt aus,native.de,sports
1398,1410,Wolfgang Petersen starb 2022 in Berlin.,0,0,de,wolfgang petersen starb 2022,native.de,entertainment
1399,1427,Rainer Werner Fassbinder starb 1982 in München.,1,0,de,rainer werner fassbinder starb,native.de,entertainment
1400,1390,Thomas Gottschalk moderierte über viele Jahre die Sendung 'Germany's Next Topmodel'.,0,0,de,thomas gottschalk moderierte über,native.de,entertainment
1401,1230,'Unser Sandmännchen' stammt ursprünglich aus der DDR.,1,0,de,unser sandmännchen stammt ursprünglich,native.de,entertainment
1402,498,Die Wasserkuppe liegt im Bundesland Bayern.,0,0,de,die wasserkuppe liegt im,native.de,geography
1403,703,Wimbledon findet in England statt.,1,0,de,wimbledon findet in england,native.de,sports
1404,376,Die Stadt Rostock liegt an der Ostsee.,1,0,de,die stadt rostock liegt,native.de,geography
1405,976,Beim Tischtennis benutzt man einen Medizinball.,0,0,de,beim tischtennis benutzt man,native.de,sports
1406,1210,Nina Hoss spielte die Hauptrolle im Film 'Toni Erdmann'.,0,0,de,nina hoss spielte die,native.de,entertainment
1407,1592,Gerhard Schröder war von 1998 bis 2005 Bundeskanzler.,1,0,de,gerhard schröder war von,native.de,history_news
1408,405,Die Stadt Wilhelmshaven liegt an der Nordsee.,1,0,de,die stadt wilhelmshaven liegt,native.de,geography
1409,420,Die Elbe fließt durch Baden-Württemberg und das Saarland.,0,0,de,die elbe fließt durch,native.de,geography
1410,1438,Die Figur Käpt'n Blaubär von Walter Moers entstand 1988.,1,0,de,die figur käpt n,native.de,entertainment
1411,1638,Angela Merkel ist seit 2017 Bundespräsidentin von Deutschland.,0,0,de,angela merkel ist seit,native.de,history_news
1412,1157,'Fix und Foxi' erschien erstmals im Jahr 1961.,0,0,de,fix und foxi erschien,native.de,entertainment
1413,174,Das Bundesland Brandenburg grenzt an das Bundesland Niedersachsen.,1,0,de,das bundesland brandenburg grenzt,native.de,geography
1414,691,Kraulschwimmen ist die langsamste Schwimmart.,0,0,de,kraulschwimmen ist die langsamste,native.de,sports
1415,828,Die MotoGP ist eine Motorradrennserie.,1,0,de,die motogp ist eine,native.de,sports
1416,429,Die Elbe fließt durch Minden.,0,0,de,die elbe fließt durch,native.de,geography
1417,1488,Götz George starb im Jahr 2016 in Berlin.,0,0,de,götz george starb im,native.de,entertainment
1418,1140,Klaus Kinski spielte die Hauptrolle in 'Das Boot'.,0,0,de,klaus kinski spielte die,native.de,entertainment
1419,1737,Der Deutsch-Französische Krieg begann im Jahr 1890.,0,0,de,der deutsch französische krieg,native.de,history_news
1420,719,"Ein Basketballkorb hängt in 3,05 Metern Höhe.",1,0,de,ein basketballkorb hängt in,native.de,sports
1421,283,Die Landeshauptstadt von Saarland ist Homburg.,0,0,de,die landeshauptstadt von saarland,native.de,geography
1422,1505,Karl Marx wurde 1818 in Trier geboren.,1,0,de,karl marx wurde 1818,native.de,history_news
1423,1121,Sandra Hüller spielte 2023 in 'Nirgendwo in Afrika' mit.,0,0,de,sandra hüller spielte 2023,native.de,entertainment
1424,1524,BMW hat seinen Hauptsitz in München.,1,0,de,bmw hat seinen hauptsitz,native.de,history_news
1425,636,Kugelstoßen ist eine Disziplin der Leichtathletik.,1,0,de,kugelstoßen ist eine disziplin,native.de,sports
1426,739,Der Siebenmeter ist ein Strafwurf im Handball.,1,0,de,der siebenmeter ist ein,native.de,sports
1427,500,Der Dollberg liegt im Schwarzwälder Hochwald.,1,0,de,der dollberg liegt im,native.de,geography
1428,1099,Werner Herzog wurde 1942 in Hamburg geboren.,0,0,de,werner herzog wurde 1942,native.de,entertainment
1429,1114,Wim Wenders gewann 1984 die Goldene Palme für 'Der Himmel über Berlin'.,0,0,de,wim wenders gewann 1984,native.de,entertainment
1430,692,Beim Wasserspringen springt man über eine Hürde.,0,0,de,beim wasserspringen springt man,native.de,sports
1431,1491,Til Schweiger führte bei 'Keinohrhasen' Regie.,1,0,de,til schweiger führte bei,native.de,entertainment
1432,1,Die Oder bildet über weite Strecken die Grenze zwischen Deutschland und Polen.,1,0,de,die oder bildet über,native.de,geography
1433,1417,Robert Gernhardt starb im Jahr 2011 in Frankfurt am Main.,0,0,de,robert gernhardt starb im,native.de,entertainment
1434,1174,Isabel Kreitz zeichnete eine Graphic-Novel-Version von 'Emil und die Detektive'.,1,0,de,isabel kreitz zeichnete eine,native.de,entertainment
1435,927,Badminton wird mit einem Federball gespielt.,1,0,de,badminton wird mit einem,native.de,sports
1436,1132,Loriot wurde 1923 in Brandenburg an der Havel geboren.,1,0,de,loriot wurde 1923 in,native.de,entertainment
1437,1676,Das Heilige Römische Reich bestand bis zum Ende des Ersten Weltkriegs.,0,0,de,das heilige römische reich,native.de,history_news
1438,1584,Gerhard Schröder war von 1982 bis 1990 Bundeskanzler.,0,0,de,gerhard schröder war von,native.de,history_news
1439,1248,Der Sketch 'Das Frühstücksei' stammt von Loriot.,1,0,de,der sketch das frühstücksei,native.de,entertainment
1440,1589,Die Frankfurter Buchmesse ist eine der größten Buchmessen der Welt.,1,0,de,die frankfurter buchmesse ist,native.de,history_news
1441,328,Der Königssee liegt in Nordrhein-Westfalen.,0,0,de,der königssee liegt in,native.de,geography
1442,103,Die Elbe entspringt im Riesengebirge in Tschechien.,1,0,de,die elbe entspringt im,native.de,geography
1443,1348,Gudrun Penndorf wurde 1938 in Ludwigshafen geboren.,1,0,de,gudrun penndorf wurde 1938,native.de,entertainment
1444,214,Die Stadt Kassel liegt im Landesinneren Deutschlands.,1,0,de,die stadt kassel liegt,native.de,geography
1445,1160,Ralf König zeichnete den Comic 'Der bewegte Mann'.,1,0,de,ralf könig zeichnete den,native.de,entertainment
1446,853,Die Vierschanzentournee findet in Brasilien statt.,0,0,de,die vierschanzentournee findet in,native.de,sports
1447,247,Der Dollberg ist etwa 695 Meter hoch.,1,0,de,der dollberg ist etwa,native.de,geography
1448,1971,Das erste erfolgreiche Misstrauensvotum in Deutschland brachte 1972 Willy Brandt zu Fall.,0,0,de,das erste erfolgreiche misstrauensvotum,native.de,history_news
1449,1624,Der Deutsche Herbst mit der Entführung Hanns Martin Schleyers fand 1989 statt.,0,0,de,der deutsche herbst mit,native.de,history_news
1450,1817,Der Deutsche Bundestag tagt im Kanzleramt in Bonn.,0,0,de,der deutsche bundestag tagt,native.de,history_news
1451,1516,Der erste Zeppelin stieg im Jahr 1900 über dem Bodensee auf.,1,0,de,der erste zeppelin stieg,native.de,history_news
1452,1688,Die deutsche Wirtschaft wuchs 2023 und 2024 um jeweils mehr als zehn Prozent.,0,0,de,die deutsche wirtschaft wuchs,native.de,history_news
1453,1226,'Fix und Foxi' wurde 1994 eingestellt.,0,0,de,fix und foxi wurde,native.de,entertainment
1454,366,Die Insel Pellworm liegt in der Ostsee.,0,0,de,die insel pellworm liegt,native.de,geography
1455,249,Bayern und Sachsen haben eine gemeinsame Grenze.,1,0,de,bayern und sachsen haben,native.de,geography
1456,737,Beim Handball wird der Ball mit den Händen gespielt.,1,0,de,beim handball wird der,native.de,sports
1457,27,Die Stadt Kiel liegt im Bundesland Rheinland-Pfalz.,0,0,de,die stadt kiel liegt,native.de,geography
1458,837,Der Giro d'Italia ist ein Radrennen in Italien.,1,0,de,der giro d italia,native.de,sports
1459,1595,"Der Bundestag beschloss 1991, den Regierungssitz nach Berlin zu verlegen.",1,0,de,der bundestag beschloss 1991,native.de,history_news
1460,1442,Katja Riemann gewann mehrmals den Deutschen Filmpreis als beste Darstellerin.,1,0,de,katja riemann gewann mehrmals,native.de,entertainment
1461,1822,"Die Ampel-Koalition aus SPD, Grünen und FDP zerbrach im November 2024.",1,0,de,die ampel koalition aus,native.de,history_news
1462,681,Beim Hochsprung springt man über eine Mauer.,0,0,de,beim hochsprung springt man,native.de,sports
1463,1544,Die Montagsdemonstrationen des Jahres 1989 begannen in Leipzig.,1,0,de,die montagsdemonstrationen des jahres,native.de,history_news
1464,1813,Britische Truppen besetzten 1923 das Ruhrgebiet.,0,0,de,britische truppen besetzten 1923,native.de,history_news
1465,4,Die Stadt Flensburg liegt an der Nordsee.,0,0,de,die stadt flensburg liegt,native.de,geography
1466,135,Saarland und Rheinland-Pfalz haben eine gemeinsame Grenze.,1,0,de,saarland und rheinland pfalz,native.de,geography
1467,838,Die Vuelta ist ein Radrennen in Spanien.,1,0,de,die vuelta ist ein,native.de,sports
1468,356,Hessen und Sachsen haben eine gemeinsame Grenze.,0,0,de,hessen und sachsen haben,native.de,geography
1469,293,Der Spreewald liegt in Nordrhein-Westfalen.,0,0,de,der spreewald liegt in,native.de,geography
1470,699,Ein Halbmarathon ist 42 Kilometer lang.,0,0,de,ein halbmarathon ist 42,native.de,sports
1471,1049,Der bürgerliche Name von Janosch ist Horst Feldmann.,0,0,de,der bürgerliche name von,native.de,entertainment
1472,1714,Der Besitz kleiner Mengen Cannabis ist in Deutschland seit 2024 teilweise legal.,1,0,de,der besitz kleiner mengen,native.de,history_news
1473,1829,Der Karneval wird in Deutschland vor allem in Mecklenburg-Vorpommern gefeiert.,0,0,de,der karneval wird in,native.de,history_news
1474,370,Die Stadt Görlitz liegt im Bundesland Mecklenburg-Vorpommern.,0,0,de,die stadt görlitz liegt,native.de,geography
1475,1776,Der Grundlagenvertrag zwischen beiden deutschen Staaten wurde 1949 geschlossen.,0,0,de,der grundlagenvertrag zwischen beiden,native.de,history_news
1476,1657,Der Bundeskanzler wird in Deutschland direkt vom Volk gewählt.,0,0,de,der bundeskanzler wird in,native.de,history_news
1477,1250,Die Figur Käpt'n Blaubär von Walter Moers entstand 1998.,0,0,de,die figur käpt n,native.de,entertainment
1478,227,Die Stadt Quedlinburg liegt im Bundesland Sachsen-Anhalt.,1,0,de,die stadt quedlinburg liegt,native.de,geography
1479,1394,Rolf Kauka erschuf die Comicfiguren Fix und Foxi.,1,0,de,rolf kauka erschuf die,native.de,entertainment
1480,1299,Otto Waalkes erschuf die Comicfigur Ottifant.,1,0,de,otto waalkes erschuf die,native.de,entertainment
1481,340,Die Oder mündet in den Rhein.,0,0,de,die oder mündet in,native.de,geography
1482,1444,Der Name des Max-und-Moritz-Preises geht auf Erich Ohser zurück.,0,0,de,der name des max,native.de,entertainment
1483,1728,Die vorgezogene Bundestagswahl fand im September 2025 statt.,0,0,de,die vorgezogene bundestagswahl fand,native.de,history_news
1484,604,Die Olympischen Spiele stammen ursprünglich aus Griechenland.,1,0,de,die olympischen spiele stammen,native.de,sports
1485,1469,Die Hörspielserie 'Bibi Blocksberg' entstand im Jahr 1962.,0,0,de,die hörspielserie bibi blocksberg,native.de,entertainment
1486,1951,Helmut Kohl war von 1982 bis 1998 Bundeskanzler.,1,0,de,helmut kohl war von,native.de,history_news
1487,455,Die Insel Usedom liegt in der Nordsee.,0,0,de,die insel usedom liegt,native.de,geography
1488,64,Die Stadt Stralsund liegt an der Nordsee.,0,0,de,die stadt stralsund liegt,native.de,geography
1489,991,Beim Darts wirft man Bälle auf ein Tor.,0,0,de,beim darts wirft man,native.de,sports
1490,1385,Günther Jauch moderiert die Sendung 'Wer wird Millionär?'.,1,0,de,günther jauch moderiert die,native.de,entertainment
1491,238,Bayern und Berlin haben eine gemeinsame Grenze.,0,0,de,bayern und berlin haben,native.de,geography
1492,651,Die Olympischen Sommerspiele finden alle zehn Jahre statt.,0,0,de,die olympischen sommerspiele finden,native.de,sports
1493,113,Rheinland-Pfalz und Sachsen-Anhalt haben eine gemeinsame Grenze.,0,0,de,rheinland pfalz und sachsen,native.de,geography
1494,1967,Den Friedensnobelpreis 1971 erhielt Bundeskanzler Helmut Schmidt.,0,0,de,den friedensnobelpreis 1971 erhielt,native.de,history_news
1495,1593,Ein Bundeskanzler kann nur durch ein konstruktives Misstrauensvotum abgewählt werden.,1,1,de,ein bundeskanzler kann nur,native.de,history_news
1496,1674,Der Siebenjährige Krieg dauerte von 1756 bis 1763.,1,0,de,der siebenjährige krieg dauerte,native.de,history_news
1497,578,Ein Fußballfeld ist kreisrund.,0,0,de,ein fußballfeld ist kreisrund,native.de,sports
1498,127,Kiel liegt nördlich von Frankfurt am Main.,1,0,de,kiel liegt nördlich von,native.de,geography
1499,1284,'Max und Moritz' erschien im Jahr 1908.,0,0,de,max und moritz erschien,native.de,entertainment
1500,1009,Götz George starb im Jahr 2016 in Hamburg.,1,0,de,götz george starb im,native.de,entertainment
1501,1719,Die Elbe fließt durch München und Stuttgart.,0,0,de,die elbe fließt durch,native.de,history_news
1502,1854,Der Westfälische Frieden wurde ausschließlich in der Stadt Wien verhandelt.,0,1,de,der westfälische frieden wurde,native.de,history_news
1503,1677,Deutschland gehört zur Gruppe der sieben führenden Industriestaaten G7.,1,0,de,deutschland gehört zur gruppe,native.de,history_news
1504,852,Skispringen wird in einer Schwimmhalle ausgeübt.,0,0,de,skispringen wird in einer,native.de,sports
1505,695,Beim Synchronschwimmen schwimmt immer nur ein Sportler.,0,1,de,beim synchronschwimmen schwimmt immer,native.de,sports
1506,138,Die Stadt Wismar liegt an der Ostsee.,1,0,de,die stadt wismar liegt,native.de,geography
1507,1010,Otto Waalkes wurde 1948 in Kiel geboren.,0,0,de,otto waalkes wurde 1948,native.de,entertainment
1508,1629,Der Reichstagsbrand ereignete sich im Februar 1933.,1,0,de,der reichstagsbrand ereignete sich,native.de,history_news
1509,8,Die Ostfriesischen Inseln gehören zu Sachsen.,0,0,de,die ostfriesischen inseln gehören,native.de,geography
1510,503,Beim Fußball darf nur der Torwart den Ball mit den Händen spielen.,1,1,de,beim fußball darf nur,native.de,sports
1511,855,Beim Eishockey wird mit einem runden Lederball gespielt.,0,0,de,beim eishockey wird mit,native.de,sports
1512,948,Eine Weltmeisterschaft ermittelt einen Weltmeister.,1,0,de,eine weltmeisterschaft ermittelt einen,native.de,sports
1513,632,Der Diskus wird geworfen.,1,0,de,der diskus wird geworfen,native.de,sports
1514,1824,Karl der Große wurde am Weihnachtstag 800 in Rom zum Kaiser gekrönt.,1,0,de,karl der große wurde,native.de,history_news
1515,930,Der Barren ist ein Turngerät.,1,0,de,der barren ist ein,native.de,sports
1516,1667,Adolf Hitler nahm sich am 30. April 1945 in Berlin das Leben.,1,0,de,adolf hitler nahm sich,native.de,history_news
1517,1845,Deutscher Rekordmeister im Fußball ist der Hamburger SV.,0,0,de,deutscher rekordmeister im fußball,native.de,history_news
1518,408,Die Stadt Leipzig liegt direkt am Meer.,0,0,de,die stadt leipzig liegt,native.de,geography
1519,1950,Der Roman Die Blechtrommel stammt von Bertolt Brecht.,0,0,de,der roman die blechtrommel,native.de,history_news
1520,358,Die längste Landesgrenze Deutschlands ist die Grenze zu Dänemark.,0,0,de,die längste landesgrenze deutschlands,native.de,geography
1521,1378,Udo Lindenberg wurde 1946 in Gronau geboren.,1,0,de,udo lindenberg wurde 1946,native.de,entertainment
1522,154,Das Sauerland liegt in Baden-Württemberg.,0,0,de,das sauerland liegt in,native.de,geography
1523,344,Die Altmark liegt in Sachsen-Anhalt.,1,0,de,die altmark liegt in,native.de,geography
1524,306,Der Langenberg liegt im Rothaargebirge.,1,0,de,der langenberg liegt im,native.de,geography
1525,1802,Konrad Adenauer war von 1949 bis 1963 der erste Bundeskanzler der Bundesrepublik.,1,0,de,konrad adenauer war von,native.de,history_news
1526,613,Die Paralympics sind Wettkämpfe für Sportler mit Behinderung.,1,0,de,die paralympics sind wettkämpfe,native.de,sports
1527,1579,Die Nürnberger Prozesse fanden in der Stadt Frankfurt am Main statt.,0,0,de,die nürnberger prozesse fanden,native.de,history_news
1528,281,Die Weser ist insgesamt etwa 952 Kilometer lang.,0,0,de,die weser ist insgesamt,native.de,geography
1529,1723,Friedrich Wilhelm IV. nahm 1849 die Kaiserkrone der Nationalversammlung dankend an.,0,0,de,friedrich wilhelm iv nahm,native.de,history_news
1530,1940,Die erste deutsche Eisenbahn fuhr 1835 zwischen Nürnberg und Fürth.,1,0,de,die erste deutsche eisenbahn,native.de,history_news
1531,1081,Otto Waalkes spielte 1985 die Hauptrolle in 'Otto – Der Film'.,1,0,de,otto waalkes spielte 1985,native.de,entertainment
1532,401,Die deutsche Meeresküste liegt an Nordsee und Ostsee.,1,0,de,die deutsche meeresküste liegt,native.de,geography
1533,1498,Sandra Hüller spielte die Hauptrolle in 'Der Untergang'.,0,0,de,sandra hüller spielte die,native.de,entertainment
1534,469,Die Stadt Sassnitz liegt an der Ostsee.,1,0,de,die stadt sassnitz liegt,native.de,geography
1535,1480,Mario Adorf wurde 1930 in Wien geboren.,0,0,de,mario adorf wurde 1930,native.de,entertainment
1536,1234,Diane Kruger wurde 1976 in Hannover geboren.,0,0,de,diane kruger wurde 1976,native.de,entertainment
1537,505,Ein Fußballspiel hat zwei Halbzeiten.,1,0,de,ein fußballspiel hat zwei,native.de,sports
1538,535,Ein Eckball wird von der Eckfahne ausgeführt.,1,0,de,ein eckball wird von,native.de,sports
1539,1017,Elyas M'Barek spielte den Cem Öztürk in 'Fack ju Göhte'.,0,0,de,elyas m barek spielte,native.de,entertainment
1540,904,Ein Touchdown zählt sechs Punkte.,1,0,de,ein touchdown zählt sechs,native.de,sports
1541,1883,Wilhelm Conrad Röntgen entdeckte die Röntgenstrahlen im Jahr 1945.,0,0,de,wilhelm conrad röntgen entdeckte,native.de,history_news
1542,551,Ein reguläres Fußballspiel dauert 60 Minuten.,0,0,de,ein reguläres fußballspiel dauert,native.de,sports
1543,1795,Angela Merkel war von 1998 bis 2005 Bundeskanzlerin.,0,0,de,angela merkel war von,native.de,history_news
1544,1325,Elyas M'Barek spielte 2013 die Hauptrolle in 'Der Schuh des Manitu'.,0,0,de,elyas m barek spielte,native.de,entertainment
1545,1635,Der Deutsche Bundestag tagt im Reichstagsgebäude in Berlin.,1,0,de,der deutsche bundestag tagt,native.de,history_news
1546,1131,Marlene Dietrich spielte die Lola in 'Der blaue Engel'.,1,0,de,marlene dietrich spielte die,native.de,entertainment
1547,946,Doping ist im Sport verboten.,1,0,de,doping ist im sport,native.de,sports
1548,164,Das Bundesland Sachsen-Anhalt grenzt an das Bundesland Brandenburg.,1,0,de,das bundesland sachsen anhalt,native.de,geography
1549,337,Die Spree ist der Fluss mit dem längsten Lauf innerhalb Deutschlands.,0,0,de,die spree ist der,native.de,geography
1550,60,Rügen gehört zum Bundesland Mecklenburg-Vorpommern.,1,0,de,rügen gehört zum bundesland,native.de,geography
1551,1119,Das 'Mosaik' erschien zuerst in Ost-Berlin.,1,0,de,das mosaik erschien zuerst,native.de,entertainment
1552,1873,Bremen ist das flächenmäßig kleinste Bundesland.,1,0,de,bremen ist das flächenmäßig,native.de,history_news
1553,1934,Die Schlacht bei Tannenberg wurde 1914 an der Ostfront geschlagen.,1,0,de,die schlacht bei tannenberg,native.de,history_news
1554,1515,Der Begriff Zeitenwende wurde 2022 von Angela Merkel geprägt.,0,0,de,der begriff zeitenwende wurde,native.de,history_news
1555,1772,Boris Pistorius ist Bundesaußenminister.,0,0,de,boris pistorius ist bundesaußenminister,native.de,history_news
1556,450,Sachsen-Anhalt und Berlin haben eine gemeinsame Grenze.,0,0,de,sachsen anhalt und berlin,native.de,geography
1557,856,Beim Eishockey hat eine Mannschaft elf Spieler auf dem Eis.,0,0,de,beim eishockey hat eine,native.de,sports
1558,1932,Die bedingungslose Kapitulation der Wehrmacht erfolgte am 8. Mai 1945.,1,0,de,die bedingungslose kapitulation der,native.de,history_news
1559,1717,Der Zwei-plus-Vier-Vertrag wurde von Deutschland allein mit Frankreich geschlossen.,0,0,de,der zwei plus vier,native.de,history_news
1560,1798,Nordrhein-Westfalen ist das bevölkerungsreichste Bundesland.,1,0,de,nordrhein westfalen ist das,native.de,history_news
1561,1533,Die Römischen Verträge wurden im Jahr 1992 unterzeichnet.,0,0,de,die römischen verträge wurden,native.de,history_news
1562,438,Der Feldberg ist der höchste Berg im Schwarzwald.,1,0,de,der feldberg ist der,native.de,geography
1563,1315,Rainer Werner Fassbinder führte bei 'Der Himmel über Berlin' Regie.,0,0,de,rainer werner fassbinder führte,native.de,entertainment
1564,1398,Jede Ausgabe von 'Yps' enthielt eine Sammelkarte mit Fußballspielern.,0,0,de,jede ausgabe von yps,native.de,entertainment
1565,787,Beim Handball wird der Ball nur mit den Füßen gespielt.,0,1,de,beim handball wird der,native.de,sports
1566,874,Der Nürburgring ist eine Rennstrecke in Australien.,0,0,de,der nürburgring ist eine,native.de,sports
1567,1849,Albert Einstein wurde 1879 in Ulm geboren.,1,0,de,albert einstein wurde 1879,native.de,history_news
1568,820,Die Formel 1 ist eine Motorsport-Rennserie.,1,0,de,die formel 1 ist,native.de,sports
1569,1244,Erika Fuchs wurde 1906 in Rostock geboren.,1,0,de,erika fuchs wurde 1906,native.de,entertainment
1570,1458,Moritz Bleibtreu wurde 1971 in München geboren.,1,0,de,moritz bleibtreu wurde 1971,native.de,entertainment
1571,1007,Erich Kästner starb im Jahr 1974 in München.,1,0,de,erich kästner starb im,native.de,entertainment
1572,587,Der 1. FC Köln kommt aus Leipzig.,0,0,de,der 1 fc köln,native.de,sports
1573,1307,'Nirgendwo in Afrika' gewann 2003 den Oscar als bester fremdsprachiger Film.,1,0,de,nirgendwo in afrika gewann,native.de,entertainment
1574,942,Beim Darts sind 180 Punkte das Maximum in drei Würfen.,1,0,de,beim darts sind 180,native.de,sports
1575,349,Das Steinhuder Meer liegt in Niedersachsen.,1,0,de,das steinhuder meer liegt,native.de,geography
1576,1652,Die Geschwister Scholl gehörten der Widerstandsgruppe Weiße Rose an.,1,0,de,die geschwister scholl gehörten,native.de,history_news
1577,1029,Rötger Feldmann zeichnete den Comic 'Werner' unter dem Namen Loriot.,0,0,de,rötger feldmann zeichnete den,native.de,entertainment
1578,1164,Ralf König erhielt 2014 den Max-und-Moritz-Preis für sein Lebenswerk.,1,0,de,ralf könig erhielt 2014,native.de,entertainment
1579,464,Das Altmühltal liegt in Bayern.,1,0,de,das altmühltal liegt in,native.de,geography
1580,1232,Otto Waalkes wurde 1948 in Emden geboren.,1,0,de,otto waalkes wurde 1948,native.de,entertainment
1581,1161,Rainer Werner Fassbinder starb 1982 in Bad Wörishofen.,0,0,de,rainer werner fassbinder starb,native.de,entertainment
1582,1964,Der FC Bayern München ist deutscher Rekordmeister im Fußball.,1,0,de,der fc bayern münchen,native.de,history_news
1583,1542,Das Grundgesetz trat am 3. Oktober 1949 in Kraft.,0,0,de,das grundgesetz trat am,native.de,history_news
1584,654,Die Olympischen Spiele stammen ursprünglich aus Ägypten.,0,0,de,die olympischen spiele stammen,native.de,sports
1585,574,Deutschland gewann die Weltmeisterschaft 2022.,0,0,de,deutschland gewann die weltmeisterschaft,native.de,sports
1586,648,Beim Triathlon wird zuerst geschwommen.,1,0,de,beim triathlon wird zuerst,native.de,sports
1587,596,Der Torwart trägt dasselbe Trikot wie seine Mitspieler.,0,0,de,der torwart trägt dasselbe,native.de,sports
1588,891,Mountainbiking ist eine olympische Wintersportart.,0,0,de,mountainbiking ist eine olympische,native.de,sports
1589,1892,BASF ist ein deutscher Automobilhersteller aus Ingolstadt.,0,0,de,basf ist ein deutscher,native.de,history_news
1590,1559,Albert Einstein wurde 1879 in Zürich geboren.,0,0,de,albert einstein wurde 1879,native.de,history_news
1591,1349,Janosch erschuf die Figur des Ottifanten.,0,0,de,janosch erschuf die figur,native.de,entertainment
1592,1301,Katja Riemann gewann mehrmals den Oscar als beste Darstellerin.,0,0,de,katja riemann gewann mehrmals,native.de,entertainment
1593,1309,Der Comic 'Kinderland' von Mawil gewann 2014 den Max-und-Moritz-Preis.,0,0,de,der comic kinderland von,native.de,entertainment
1594,471,Die Müritz liegt in Mecklenburg-Vorpommern.,1,0,de,die müritz liegt in,native.de,geography
1595,1451,Werner Herzog drehte den Dokumentarfilm 'Mein liebster Feind' über Fritz Lang.,0,0,de,werner herzog drehte den,native.de,entertainment
1596,801,Beim Biathlon wird Langlauf mit Schießen kombiniert.,1,0,de,beim biathlon wird langlauf,native.de,sports
1597,282,Die Zugspitze liegt an der Grenze zwischen Deutschland und Polen.,0,0,de,die zugspitze liegt an,native.de,geography
1598,933,Beim Fechten kämpft man mit einer Waffe.,1,0,de,beim fechten kämpft man,native.de,sports
1599,733,LeBron James spielt Basketball.,1,0,de,lebron james spielt basketball,native.de,sports
1600,716,Novak Djokovic kommt aus Serbien.,1,0,de,novak djokovic kommt aus,native.de,sports
1601,833,Die Tour de France ist ein Radrennen.,1,0,de,die tour de france,native.de,sports
1602,952,Die NFL ist eine Eishockeyliga in Russland.,0,0,de,die nfl ist eine,native.de,sports
1603,1145,Janosch erschuf die Figur der Tigerente.,1,0,de,janosch erschuf die figur,native.de,entertainment
1604,1339,Isabel Kreitz zeichnete eine Graphic-Novel-Version von 'Max und Moritz'.,0,0,de,isabel kreitz zeichnete eine,native.de,entertainment
1605,1038,Wolfgang Petersen führte bei 'Das Boot' Regie.,1,0,de,wolfgang petersen führte bei,native.de,entertainment
1606,1613,Der Dreißigjährige Krieg endete mit dem Frieden von Utrecht.,0,0,de,der dreißigjährige krieg endete,native.de,history_news
1607,456,Die Landeshauptstadt von Hamburg ist Hamburg.,1,0,de,die landeshauptstadt von hamburg,native.de,geography
1608,585,Ein Eckball wird vom Mittelkreis ausgeführt.,0,0,de,ein eckball wird vom,native.de,sports
1609,148,Der Neckar mündet in den Rhein.,1,0,de,der neckar mündet in,native.de,geography
1610,161,Die Landeshauptstadt von Hamburg ist Speyer.,0,0,de,die landeshauptstadt von hamburg,native.de,geography
1611,1112,Der Sketch 'Das Frühstücksei' stammt von Otto Waalkes.,0,0,de,der sketch das frühstücksei,native.de,entertainment
1612,751,Das Netz beim Tennis ist in der Mitte zwei Meter hoch.,0,0,de,das netz beim tennis,native.de,sports
1613,1118,Flake spielt Schlagzeug bei Rammstein.,0,0,de,flake spielt schlagzeug bei,native.de,entertainment
1614,860,Curling wird auf Rasen gespielt.,0,0,de,curling wird auf rasen,native.de,sports
1615,953,Das Endspiel der NFL heißt Champions League.,0,0,de,das endspiel der nfl,native.de,sports
1616,1683,Die Potsdamer Konferenz fand im Jahr 1949 statt.,0,0,de,die potsdamer konferenz fand,native.de,history_news
1617,1332,Elyas M'Barek wurde 1982 in München geboren.,1,0,de,elyas m barek wurde,native.de,entertainment
1618,1220,Moritz Bleibtreu spielte den Manni in 'Das Parfum'.,0,0,de,moritz bleibtreu spielte den,native.de,entertainment
1619,1216,Die Sendung 'Tatort' läuft im ZDF.,0,0,de,die sendung tatort läuft,native.de,entertainment
1620,629,Eine Laufbahn im Stadion ist meist 400 Meter lang.,1,0,de,eine laufbahn im stadion,native.de,sports
1621,1561,Der Zwei-plus-Vier-Vertrag wurde im September 1990 unterzeichnet.,1,0,de,der zwei plus vier,native.de,history_news
1622,607,Die Olympischen Winterspiele 2022 fanden in Peking statt.,1,0,de,die olympischen winterspiele 2022,native.de,sports
1623,165,Der Feldberg liegt im Bundesland Nordrhein-Westfalen.,0,0,de,der feldberg liegt im,native.de,geography
1624,107,Der Große Beerberg liegt im Bundesland Brandenburg.,0,0,de,der große beerberg liegt,native.de,geography
1625,1041,Armin Mueller-Stahl wurde 1930 in Königsberg geboren.,0,0,de,armin mueller stahl wurde,native.de,entertainment
1626,1601,Die Olympischen Sommerspiele von 1972 fanden in Hamburg statt.,0,0,de,die olympischen sommerspiele von,native.de,history_news
1627,618,Skispringen ist eine olympische Wintersportart.,1,0,de,skispringen ist eine olympische,native.de,sports
1628,1680,BMW hat seinen Hauptsitz in Hamburg.,0,0,de,bmw hat seinen hauptsitz,native.de,history_news
1629,1566,Der erste Deutsche Kaiser des Kaiserreichs war Otto von Bismarck.,0,0,de,der erste deutsche kaiser,native.de,history_news
1630,330,Deutschland grenzt an Spanien.,0,0,de,deutschland grenzt an spanien,native.de,geography
1631,481,Die Norddeutsche Tiefebene liegt im Süden Deutschlands.,0,0,de,die norddeutsche tiefebene liegt,native.de,geography
1632,499,Hamburg und Niedersachsen haben eine gemeinsame Grenze.,1,0,de,hamburg und niedersachsen haben,native.de,geography
1633,1866,Der Schwarzwald liegt im Bundesland Mecklenburg-Vorpommern.,0,0,de,der schwarzwald liegt im,native.de,history_news
1634,1430,Lena gewann 2010 den Eurovision Song Contest mit dem Lied 'Satellite'.,1,0,de,lena gewann 2010 den,native.de,entertainment
1635,1732,Während der Corona-Pandemie galten in Deutschland ab 2020 mehrere Lockdowns.,1,0,de,während der corona pandemie,native.de,history_news
1636,94,Die Spree mündet in die Havel.,1,0,de,die spree mündet in,native.de,geography
1637,810,Curling wird auf Eis gespielt.,1,0,de,curling wird auf eis,native.de,sports
1638,434,Die Wasserkuppe liegt im Bundesland Hessen.,1,0,de,die wasserkuppe liegt im,native.de,geography
1639,1108,Modern Talking wurde 1983 von Dieter Bohlen und Thomas Anders gegründet.,1,0,de,modern talking wurde 1983,native.de,entertainment
1640,44,Die Stadt Erfurt liegt direkt am Meer.,0,0,de,die stadt erfurt liegt,native.de,geography
1641,861,Beim Rodeln fährt man auf einem Fahrrad.,0,0,de,beim rodeln fährt man,native.de,sports
1642,1763,Die Berliner Afrika-Konferenz fand 1884 und 1885 statt.,1,0,de,die berliner afrika konferenz,native.de,history_news
1643,968,Karate ist eine Wassersportart.,0,0,de,karate ist eine wassersportart,native.de,sports
1644,711,Steffi Graf kommt aus Deutschland.,1,0,de,steffi graf kommt aus,native.de,sports
1645,1439,Die erste Tatort-Folge trug den Titel 'Taxi nach Leipzig'.,1,0,de,die erste tatort folge,native.de,entertainment
1646,1577,Olaf Scholz war von 2021 bis 2025 Bundeskanzler.,1,0,de,olaf scholz war von,native.de,history_news
1647,1953,Der Versailler Vertrag sprach das Deutsche Reich ausdrücklich von jeder Kriegsschuld frei.,0,0,de,der versailler vertrag sprach,native.de,history_news
1648,1366,"Florian Henckel von Donnersmarck führte bei 'Good Bye, Lenin!' Regie.",0,0,de,florian henckel von donnersmarck,native.de,entertainment
1649,1912,Bei Europawahlen liegt das Wahlalter in Deutschland bei 25 Jahren.,0,0,de,bei europawahlen liegt das,native.de,history_news
1650,1649,Bei Europawahlen dürfen in Deutschland auch 16-Jährige wählen.,1,0,de,bei europawahlen dürfen in,native.de,history_news
1651,1347,Veronica Ferres wurde 1965 in Wuppertal geboren.,0,0,de,veronica ferres wurde 1965,native.de,entertainment
1652,766,Novak Djokovic kommt aus Polen.,0,0,de,novak djokovic kommt aus,native.de,sports
1653,886,Die Tour de France dauert einen Tag.,0,0,de,die tour de france,native.de,sports
1654,557,Deutschland wurde 2018 Fußballweltmeister.,0,0,de,deutschland wurde 2018 fußballweltmeister,native.de,sports
1655,1908,Die deutsche Wiedervereinigung erfolgte am 3. Oktober 1990.,1,0,de,die deutsche wiedervereinigung erfolgte,native.de,history_news
1656,1382,Herbert Grönemeyer wurde 1956 in Bochum geboren.,0,0,de,herbert grönemeyer wurde 1956,native.de,entertainment
1657,70,Die Insel Usedom liegt in der Ostsee.,1,0,de,die insel usedom liegt,native.de,geography
1658,515,Der FC Bayern München hat die Champions League gewonnen.,1,0,de,der fc bayern münchen,native.de,sports
1659,510,Deutschland gewann die Weltmeisterschaft 2014.,1,0,de,deutschland gewann die weltmeisterschaft,native.de,sports
1660,341,Die Ruhr fließt durch Essen.,1,0,de,die ruhr fließt durch,native.de,geography
1661,222,Berlin und Rheinland-Pfalz haben eine gemeinsame Grenze.,0,0,de,berlin und rheinland pfalz,native.de,geography
1662,1298,Der Song '99 Luftballons' von Nena erschien 1989.,0,0,de,der song 99 luftballons,native.de,entertainment
1663,147,Die Donau ist insgesamt etwa 2857 Kilometer lang.,1,0,de,die donau ist insgesamt,native.de,geography
1664,1314,Diane Kruger gewann 2017 in Cannes den Preis als beste Darstellerin.,1,0,de,diane kruger gewann 2017,native.de,entertainment
1665,1054,'Wer wird Millionär?' wird seit 1999 ausgestrahlt.,1,0,de,wer wird millionär wird,native.de,entertainment
1666,1139,'Vater und Sohn' erschien erstmals 1934.,1,0,de,vater und sohn erschien,native.de,entertainment
1667,804,Beim Eiskunstlauf laufen die Sportler auf Schlittschuhen.,1,0,de,beim eiskunstlauf laufen die,native.de,sports
1668,509,Die Fußball-Weltmeisterschaft findet alle vier Jahre statt.,1,0,de,die fußball weltmeisterschaft findet,native.de,sports
1669,1803,Das Bündnis Sahra Wagenknecht entstand 1990 aus der Bürgerrechtsbewegung der DDR.,0,0,de,das bündnis sahra wagenknecht,native.de,history_news
1670,1563,"Deutsch-Südwestafrika, das heutige Namibia, war eine deutsche Kolonie.",1,0,de,deutsch südwestafrika das heutige,native.de,history_news
1671,177,Deutschland grenzt an Schweden.,0,0,de,deutschland grenzt an schweden,native.de,geography
1672,805,Beim Eishockey wird mit einem Puck gespielt.,1,0,de,beim eishockey wird mit,native.de,sports
1673,169,Der Walchensee liegt in Sachsen-Anhalt.,0,0,de,der walchensee liegt in,native.de,geography
1674,1372,Rainer Werner Fassbinder wurde 1945 in Bad Wörishofen geboren.,1,0,de,rainer werner fassbinder wurde,native.de,entertainment
1675,1401,Veronica Ferres wurde 1965 in Solingen geboren.,1,0,de,veronica ferres wurde 1965,native.de,entertainment
1676,1743,Die Schlacht um Verdun fand im Jahr 1942 statt.,0,0,de,die schlacht um verdun,native.de,history_news
1677,1393,Mario Adorf spielte 1963 den Bösewicht Santer in 'Das Boot'.,0,0,de,mario adorf spielte 1963,native.de,entertainment
1678,1847,In Deutschland gehört inzwischen weniger als die Hälfte der Bevölkerung einer der beiden großen christlichen Kirchen an.,1,0,de,in deutschland gehört inzwischen,native.de,history_news
1679,130,Das Bundesland Nordrhein-Westfalen grenzt an das Bundesland Niedersachsen.,1,0,de,das bundesland nordrhein westfalen,native.de,geography
1680,190,Die Weser entsteht in Hamburg aus Alster und Elbe.,0,0,de,die weser entsteht in,native.de,geography
1681,137,Die Landeshauptstadt von Nordrhein-Westfalen ist Paderborn.,0,0,de,die landeshauptstadt von nordrhein,native.de,geography
1682,1471,Michael Herbig moderierte die Sendung 'Bullyparade'.,1,0,de,michael herbig moderierte die,native.de,entertainment
1683,1832,Die deutsche Wirtschaft schrumpfte in den Jahren 2023 und 2024.,1,0,de,die deutsche wirtschaft schrumpfte,native.de,history_news
1684,1279,'Deutschland sucht den Superstar' wurde erstmals 1999 ausgestrahlt.,0,0,de,deutschland sucht den superstar,native.de,entertainment
1685,895,Skifahren wird auf Sand ausgeübt.,0,0,de,skifahren wird auf sand,native.de,sports
1686,198,Die Landeshauptstadt von Hessen ist Wiesbaden.,1,0,de,die landeshauptstadt von hessen,native.de,geography
1687,291,Die Stadt Magdeburg liegt im Bundesland Sachsen-Anhalt.,1,0,de,die stadt magdeburg liegt,native.de,geography
1688,1941,Die Fußball-Europameisterschaft 2024 wurde in Deutschland ausgetragen.,1,0,de,die fußball europameisterschaft 2024,native.de,history_news
1689,37,Der Rhein fließt durch Duisburg.,1,0,de,der rhein fließt durch,native.de,geography
1690,768,Beim Basketball hat eine Mannschaft elf Spieler auf dem Feld.,0,0,de,beim basketball hat eine,native.de,sports
1691,233,Mecklenburg-Vorpommern und Sachsen haben eine gemeinsame Grenze.,0,0,de,mecklenburg vorpommern und sachsen,native.de,geography
1692,646,Wasserball wird im Wasser gespielt.,1,0,de,wasserball wird im wasser,native.de,sports
1693,34,Deutschland grenzt an den Niederlanden.,1,0,de,deutschland grenzt an den,native.de,geography
1694,1113,Diane Kruger eröffnete 2007 als erste Deutsche die Berlinale.,0,0,de,diane kruger eröffnete 2007,native.de,entertainment
1695,1937,Die Todesstrafe ist in Deutschland durch das Grundgesetz abgeschafft.,1,0,de,die todesstrafe ist in,native.de,history_news
1696,1069,Marlene Dietrich wurde 1945 US-amerikanische Staatsbürgerin.,0,0,de,marlene dietrich wurde 1945,native.de,entertainment
1697,866,Beim Biathlon schießt man nur im Laufen.,0,1,de,beim biathlon schießt man,native.de,sports
1698,342,Die Stadt Freiberg liegt im Bundesland Saarland.,0,0,de,die stadt freiberg liegt,native.de,geography
1699,1086,'Unser Sandmännchen' wurde erstmals 1959 ausgestrahlt.,1,0,de,unser sandmännchen wurde erstmals,native.de,entertainment
1700,1448,Der Charakter Lupo ist ein Fuchs in 'Fix und Foxi'.,0,0,de,der charakter lupo ist,native.de,entertainment
1701,200,Die Landeshauptstadt von Berlin ist Berlin.,1,0,de,die landeshauptstadt von berlin,native.de,geography
1702,430,Nordrhein-Westfalen und Schleswig-Holstein haben eine gemeinsame Grenze.,0,0,de,nordrhein westfalen und schleswig,native.de,geography
1703,1858,Die AfD wurde im Jahr 2013 gegründet.,1,0,de,die afd wurde im,native.de,history_news
1704,1419,Der Comic 'Kinderland' von Mawil gewann 2018 den Max-und-Moritz-Preis.,1,0,de,der comic kinderland von,native.de,entertainment
1705,1970,Die Fußball-Europameisterschaft 2024 wurde in Italien ausgetragen.,0,0,de,die fußball europameisterschaft 2024,native.de,history_news
1706,877,Der Große Preis von Monaco ist ein Radrennen.,0,0,de,der große preis von,native.de,sports
1707,731,Basketball ist eine olympische Sportart.,1,0,de,basketball ist eine olympische,native.de,sports
1708,920,Taekwondo stammt aus Korea.,1,0,de,taekwondo stammt aus korea,native.de,sports
1709,298,Die Mosel entspringt in den französischen Vogesen.,1,0,de,die mosel entspringt in,native.de,geography
1710,74,Die Isar entspringt in den Alpen.,1,0,de,die isar entspringt in,native.de,geography
1711,1418,Das erste Werner-Album erschien 1990.,0,0,de,das erste werner album,native.de,entertainment
1712,808,Ein Eishockeyspiel hat drei Drittel.,1,0,de,ein eishockeyspiel hat drei,native.de,sports
1713,548,Die Europameisterschaft 2024 fand in Deutschland statt.,1,0,de,die europameisterschaft 2024 fand,native.de,sports
1714,1605,Die Nationalversammlung von 1848 tagte im Berliner Stadtschloss.,0,0,de,die nationalversammlung von 1848,native.de,history_news
1715,1567,Der Bundeskanzler bestimmt nach dem Grundgesetz die Richtlinien der Politik.,1,0,de,der bundeskanzler bestimmt nach,native.de,history_news
1716,950,In vielen Mannschaftssportarten gibt es Auswechselspieler.,1,0,de,in vielen mannschaftssportarten gibt,native.de,sports
1717,1848,Die Völkerschlacht gegen Napoleon fand 1813 bei Dresden statt.,0,0,de,die völkerschlacht gegen napoleon,native.de,history_news
1718,1826,Der Deutsche Bund wurde 1848 auf dem Hambacher Fest ausgerufen.,0,0,de,der deutsche bund wurde,native.de,history_news
1719,1988,Das Münchner Oktoberfest findet traditionell im Dezember statt.,0,0,de,das münchner oktoberfest findet,native.de,history_news
1720,822,Ferrari ist ein Formel-1-Team.,1,0,de,ferrari ist ein formel,native.de,sports
1721,664,Die antiken Olympischen Spiele fanden in Rom statt.,0,0,de,die antiken olympischen spiele,native.de,sports
1722,1242,Benjamin Blümchen ist in dem Hörspiel ein Elefant.,1,0,de,benjamin blümchen ist in,native.de,entertainment
1723,1565,Die Universität Heidelberg wurde 1386 gegründet und ist die älteste in Deutschland.,1,0,de,die universität heidelberg wurde,native.de,history_news
1724,1816,Das duale Ausbildungssystem verbindet Berufsschule und Betrieb.,1,0,de,das duale ausbildungssystem verbindet,native.de,history_news
1725,1931,Die documenta findet alle fünf Jahre in Kassel statt.,1,0,de,die documenta findet alle,native.de,history_news
1726,624,Der Weltrekord über 100 Meter der Männer liegt unter zehn Sekunden.,1,0,de,der weltrekord über 100,native.de,sports
1727,1694,Die Berliner Museumsinsel wurde erst im Jahr 2020 errichtet.,0,0,de,die berliner museumsinsel wurde,native.de,history_news
1728,1663,Die CSU tritt ausschließlich in Bayern zu Wahlen an.,1,1,de,die csu tritt ausschließlich,native.de,history_news
1729,1446,Franka Potente spielte die Hauptrolle in 'Lola rennt'.,1,0,de,franka potente spielte die,native.de,entertainment
1730,1720,Der Norddeutsche Bund wurde 1867 unter preußischer Führung gegründet.,1,0,de,der norddeutsche bund wurde,native.de,history_news
1731,1163,Uli Stein starb im Jahr 2020.,1,0,de,uli stein starb im,native.de,entertainment
1732,213,Die Landeshauptstadt von Brandenburg ist Potsdam.,1,0,de,die landeshauptstadt von brandenburg,native.de,geography
1733,1642,Die Landeshauptstadt von Nordrhein-Westfalen ist Köln.,0,0,de,die landeshauptstadt von nordrhein,native.de,history_news
1734,1036,Otto Waalkes veröffentlichte 1972 seine erste LP.,1,0,de,otto waalkes veröffentlichte 1972,native.de,entertainment
1735,1831,Das Bundesverfassungsgericht verabschiedet Bundesgesetze mit einfacher Mehrheit.,0,0,de,das bundesverfassungsgericht verabschiedet bundesgesetze,native.de,history_news
1736,1862,Deutschland ist eine parlamentarische Demokratie und ein Bundesstaat.,1,0,de,deutschland ist eine parlamentarische,native.de,history_news
1737,728,Dirk Nowitzki spielte für die Dallas Mavericks.,1,0,de,dirk nowitzki spielte für,native.de,sports
1738,1965,Der deutsche Angriff auf die Sowjetunion begann am 22. Juni 1941.,1,0,de,der deutsche angriff auf,native.de,history_news
1739,702,Beim Tennis gibt es Einzel und Doppel.,1,0,de,beim tennis gibt es,native.de,sports
1740,1023,Der Deutsche Filmpreis wird seit 1970 verliehen.,0,0,de,der deutsche filmpreis wird,native.de,entertainment
1741,1918,Das bevölkerungsreichste Bundesland Deutschlands ist Bremen.,0,0,de,das bevölkerungsreichste bundesland deutschlands,native.de,history_news
1742,1742,Johann Sebastian Bach wurde 1685 in Eisenach geboren.,1,0,de,johann sebastian bach wurde,native.de,history_news
1743,235,Deutschland grenzt an Bulgarien.,0,0,de,deutschland grenzt an bulgarien,native.de,geography
1744,1008,Heinrich Hoffmann schrieb 'Max und Moritz'.,0,0,de,heinrich hoffmann schrieb max,native.de,entertainment
1745,979,Das Reck ist ein Gerät im Schwimmsport.,0,0,de,das reck ist ein,native.de,sports
1746,68,Der Rhein mündet in das Schwarze Meer.,0,0,de,der rhein mündet in,native.de,geography
1747,25,Die Landeshauptstadt von Baden-Württemberg ist Stuttgart.,1,0,de,die landeshauptstadt von baden,native.de,geography
1748,1406,Dieter Bohlen saß in der Jury von 'Germany's Next Topmodel'.,0,0,de,dieter bohlen saß in,native.de,entertainment
1749,217,Das Bundesland Nordrhein-Westfalen grenzt an das Bundesland Saarland.,0,0,de,das bundesland nordrhein westfalen,native.de,geography
1750,813,Beim alpinen Skirennen fährt man um Tore.,1,0,de,beim alpinen skirennen fährt,native.de,sports
1751,736,Handball wird in einer Halle gespielt.,1,0,de,handball wird in einer,native.de,sports
1752,1154,Die Abrafaxe lösten 1976 die Digedags im 'Mosaik' ab.,1,0,de,die abrafaxe lösten 1976,native.de,entertainment
1753,1374,'Max und Moritz' erschien im Jahr 1865.,1,0,de,max und moritz erschien,native.de,entertainment
1754,112,Der Rhein fließt durch Freising.,0,0,de,der rhein fließt durch,native.de,geography
1755,167,Der Große Beerberg liegt im Bundesland Thüringen.,1,0,de,der große beerberg liegt,native.de,geography
1756,1915,Die Landeshauptstadt von Bayern ist Nürnberg.,0,0,de,die landeshauptstadt von bayern,native.de,history_news
1757,208,Die Weser fließt durch Köln.,0,0,de,die weser fließt durch,native.de,geography
1758,1463,Heinz Rühmann spielte die Hauptrolle in 'Metropolis'.,0,0,de,heinz rühmann spielte die,native.de,entertainment
1759,1578,Der Nationalfeiertag Deutschlands ist der 9. November.,0,0,de,der nationalfeiertag deutschlands ist,native.de,history_news
1760,275,Berlin und Brandenburg haben eine gemeinsame Grenze.,1,0,de,berlin und brandenburg haben,native.de,geography
1761,42,Das Altmühltal liegt in Thüringen.,0,0,de,das altmühltal liegt in,native.de,geography
1762,592,Die englische Liga heißt Serie A.,0,0,de,die englische liga heißt,native.de,sports
1763,1790,Deutschland besteht seit der Wiedervereinigung aus 12 Bundesländern.,0,0,de,deutschland besteht seit der,native.de,history_news
1764,1722,Der verkehrsreichste Flughafen Deutschlands liegt in Leipzig.,0,0,de,der verkehrsreichste flughafen deutschlands,native.de,history_news
1765,526,Die Weltmeisterschaft 2006 fand in Deutschland statt.,1,0,de,die weltmeisterschaft 2006 fand,native.de,sports
1766,288,Das Bundesland Berlin grenzt an das Bundesland Schleswig-Holstein.,0,0,de,das bundesland berlin grenzt,native.de,geography
1767,470,Die Rhön liegt in Hessen.,1,0,de,die rhön liegt in,native.de,geography
1768,1351,Wilhelm Busch wurde 1845 geboren.,0,0,de,wilhelm busch wurde 1845,native.de,entertainment
1769,122,Das Ruhrgebiet liegt in Nordrhein-Westfalen.,1,0,de,das ruhrgebiet liegt in,native.de,geography
1770,1995,Friedrich Ebert war der erste Reichspräsident der Weimarer Republik.,1,0,de,friedrich ebert war der,native.de,history_news
1771,1532,Der Bau der Berliner Mauer begann am 13. August 1961.,1,0,de,der bau der berliner,native.de,history_news
1772,1253,'Der Struwwelpeter' erschien im Jahr 1865.,0,0,de,der struwwelpeter erschien im,native.de,entertainment
1773,929,Das Reck ist ein Turngerät.,1,0,de,das reck ist ein,native.de,sports
1774,674,Der Weltrekord über 100 Meter der Männer liegt bei zwanzig Sekunden.,0,0,de,der weltrekord über 100,native.de,sports
1775,1621,"Der Augsburger Religionsfrieden von 1555 folgte dem Grundsatz cuius regio, eius religio.",1,0,de,der augsburger religionsfrieden von,native.de,history_news
1776,1470,Elfie Donnelly erschuf auch die Hörspielfigur Benjamin Blümchen.,1,0,de,elfie donnelly erschuf auch,native.de,entertainment
1777,1142,Otto Waalkes erschuf die Comicfigur Pumuckl.,0,0,de,otto waalkes erschuf die,native.de,entertainment
1778,887,Der Giro d'Italia ist ein Radrennen in Norwegen.,0,0,de,der giro d italia,native.de,sports
1779,957,Die MLB ist eine Tennisliga in Frankreich.,0,0,de,die mlb ist eine,native.de,sports
1780,1489,"'Gute Zeiten, schlechte Zeiten' läuft bei RTL.",1,0,de,gute zeiten schlechte zeiten,native.de,entertainment
1781,26,Der Königssee liegt in Bayern.,1,0,de,der königssee liegt in,native.de,geography
1782,1135,Wim Wenders erhielt 1982 den Goldenen Löwen für 'Der Stand der Dinge'.,1,0,de,wim wenders erhielt 1982,native.de,entertainment
1783,150,Im Süden grenzt Deutschland an Österreich und die Schweiz.,1,0,de,im süden grenzt deutschland,native.de,geography
1784,926,Beim Tischtennis benutzt man einen kleinen Ball.,1,0,de,beim tischtennis benutzt man,native.de,sports
1785,1177,Der Film 'Metropolis' kam 1922 in die Kinos.,0,0,de,der film metropolis kam,native.de,entertainment
1786,1553,Der Bodensee liegt vollständig auf dem Gebiet von Nordrhein-Westfalen.,0,0,de,der bodensee liegt vollständig,native.de,history_news
1787,697,Der Triathlon besteht nur aus Laufen.,0,1,de,der triathlon besteht nur,native.de,sports
1788,844,Beim Zeitfahren starten die Fahrer einzeln.,1,0,de,beim zeitfahren starten die,native.de,sports
1789,1647,Nach dem russischen Angriff auf die Ukraine reduzierte Deutschland seine Gasimporte aus Russland stark.,1,0,de,nach dem russischen angriff,native.de,history_news
1790,890,Bahnradsport findet auf einem Fußballfeld statt.,0,0,de,bahnradsport findet auf einem,native.de,sports
1791,1486,Modern Talking wurde 1983 von Dieter Bohlen und Udo Lindenberg gegründet.,0,0,de,modern talking wurde 1983,native.de,entertainment
1792,599,Ein Fußballtor ist zwei Meter breit.,0,0,de,ein fußballtor ist zwei,native.de,sports
1793,1021,Gudrun Penndorf wurde 1938 in Mannheim geboren.,0,0,de,gudrun penndorf wurde 1938,native.de,entertainment
1794,140,Der Fichtelberg liegt im Bundesland Sachsen.,1,0,de,der fichtelberg liegt im,native.de,geography
1795,750,Volleyball ist eine olympische Sportart.,1,0,de,volleyball ist eine olympische,native.de,sports
1796,1285,Mario Adorf spielte den Matzerath in 'Die Blechtrommel'.,1,0,de,mario adorf spielte den,native.de,entertainment
1797,1005,Christian Petzold führte bei 'Phoenix' Regie.,1,0,de,christian petzold führte bei,native.de,entertainment
1798,324,Die Spree fließt durch Regensburg.,0,0,de,die spree fließt durch,native.de,geography
1799,181,Die Donau fließt in Deutschland von Osten nach Westen.,0,0,de,die donau fließt in,native.de,geography
1800,1273,Der Song 'Sonderzug nach Pankow' von Udo Lindenberg erschien 1973.,0,0,de,der song sonderzug nach,native.de,entertainment
1801,451,Deutschland hat einen direkten Zugang zum Mittelmeer.,0,0,de,deutschland hat einen direkten,native.de,geography
1802,1435,Karl May schrieb die Winnetou-Romane.,1,0,de,karl may schrieb die,native.de,entertainment
1803,608,Die Olympischen Sommerspiele 2024 fanden in Paris statt.,1,0,de,die olympischen sommerspiele 2024,native.de,sports
1804,1044,Daniel Brühl wurde 1978 in Madrid geboren.,0,0,de,daniel brühl wurde 1978,native.de,entertainment
1805,1353,Diane Kruger eröffnete 2007 als erste Deutsche die Filmfestspiele von Cannes.,1,0,de,diane kruger eröffnete 2007,native.de,entertainment
1806,297,Die Saale mündet in die Havel.,0,0,de,die saale mündet in,native.de,geography
1807,1294,Götz George wurde 1938 in Berlin geboren.,1,0,de,götz george wurde 1938,native.de,entertainment
1808,1251,Elyas M'Barek wurde 1982 in Wien geboren.,0,0,de,elyas m barek wurde,native.de,entertainment
1809,95,Der Starnberger See liegt in Sachsen-Anhalt.,0,0,de,der starnberger see liegt,native.de,geography
1810,1540,Die Nürnberger Prozesse gegen die Hauptkriegsverbrecher begannen 1945.,1,0,de,die nürnberger prozesse gegen,native.de,history_news
1811,1834,Max Planck begründete im Jahr 1900 die Quantentheorie.,1,0,de,max planck begründete im,native.de,history_news
1812,638,Brustschwimmen ist eine Schwimmart.,1,0,de,brustschwimmen ist eine schwimmart,native.de,sports
1813,1305,Franka Potente spielte die Hauptrolle in 'Das Experiment'.,0,0,de,franka potente spielte die,native.de,entertainment
1814,287,Die Stadt Wismar liegt an der Nordsee.,0,0,de,die stadt wismar liegt,native.de,geography
1815,1615,Der gesetzliche Mindestlohn wurde in Deutschland bereits 1975 eingeführt.,0,0,de,der gesetzliche mindestlohn wurde,native.de,history_news
1816,489,München ist die drittgrößte Stadt Deutschlands.,1,0,de,münchen ist die drittgrößte,native.de,geography
1817,445,Die Landeshauptstadt von Sachsen ist Dresden.,1,0,de,die landeshauptstadt von sachsen,native.de,geography
1818,1209,Der Begriff 'Erikativ' ist nach Erika Fuchs benannt.,1,0,de,der begriff erikativ ist,native.de,entertainment
1819,1396,Till Lindemann ist der Gitarrist von Rammstein.,0,0,de,till lindemann ist der,native.de,entertainment
1820,1870,Die Novemberpogrome gegen Jüdinnen und Juden fanden im Jahr 1935 statt.,0,0,de,die novemberpogrome gegen jüdinnen,native.de,history_news
1821,1199,Der Siegersong von Nicole aus dem Jahr 1982 heißt 'Ein bißchen Frieden'.,1,0,de,der siegersong von nicole,native.de,entertainment
1822,276,Schleswig-Holstein und Niedersachsen haben eine gemeinsame Grenze.,1,0,de,schleswig holstein und niedersachsen,native.de,geography
1823,807,Die NHL ist eine Eishockeyliga in Nordamerika.,1,0,de,die nhl ist eine,native.de,sports
1824,1153,Das Debütalbum von Rammstein heißt 'Herzeleid'.,1,0,de,das debütalbum von rammstein,native.de,entertainment
1825,1207,Erich Ohser zeichnete den Comic 'Vater und Sohn' unter dem Namen Brösel.,0,0,de,erich ohser zeichnete den,native.de,entertainment
1826,33,Deutschland grenzt an Tschechien.,1,0,de,deutschland grenzt an tschechien,native.de,geography
1827,1105,Die Hörspielserie 'Benjamin Blümchen' entstand im Jahr 1980.,0,0,de,die hörspielserie benjamin blümchen,native.de,entertainment
1828,308,Deutschland grenzt an Estland.,0,0,de,deutschland grenzt an estland,native.de,geography
1829,771,Ein Wurf von hinter der Dreierlinie zählt einen Punkt.,0,0,de,ein wurf von hinter,native.de,sports
1830,12,Die Insel Poel liegt in der Nordsee.,0,0,de,die insel poel liegt,native.de,geography
1831,873,Das 24-Stunden-Rennen von Le Mans findet in Belgien statt.,0,0,de,das 24 stunden rennen,native.de,sports
1832,1068,Das Album 'Autobahn' von Kraftwerk erschien 1974.,1,0,de,das album autobahn von,native.de,entertainment
1833,87,Der Langenberg ist etwa 843 Meter hoch.,1,0,de,der langenberg ist etwa,native.de,geography
1834,779,Die Los Angeles Lakers spielen in der NFL.,0,0,de,die los angeles lakers,native.de,sports
1835,1061,'Yps' wurde vom Verlag Gruner + Jahr veröffentlicht.,1,0,de,yps wurde vom verlag,native.de,entertainment
1836,1981,Der Artikel 231 des Versailler Vertrags wies dem Deutschen Reich die Kriegsschuld zu.,1,0,de,der artikel 231 des,native.de,history_news
1837,1083,Michael Herbig wurde 1968 geboren.,1,0,de,michael herbig wurde 1968,native.de,entertainment
1838,1066,Wilhelm Busch starb im Jahr 1865.,0,0,de,wilhelm busch starb im,native.de,entertainment
1839,783,LeBron James ist ein Formel-1-Fahrer.,0,0,de,lebron james ist ein,native.de,sports
1840,1436,"Die Sendung 'Wetten, dass..?' wurde erstmals 1981 ausgestrahlt.",1,0,de,die sendung wetten dass,native.de,entertainment
1841,563,Borussia Dortmund spielt im Olympiastadion Berlin.,0,0,de,borussia dortmund spielt im,native.de,sports
1842,210,Die Fränkische Schweiz liegt in Schleswig-Holstein.,0,0,de,die fränkische schweiz liegt,native.de,geography
1843,1173,Der bürgerliche Name von Nena ist Gabriele Susanne Fischer.,0,0,de,der bürgerliche name von,native.de,entertainment
1844,740,Deutschland wurde schon Handball-Weltmeister.,1,0,de,deutschland wurde schon handball,native.de,sports
1845,595,Spanien gewann die Weltmeisterschaft 2006.,0,0,de,spanien gewann die weltmeisterschaft,native.de,sports
1846,124,Die Landeshauptstadt von Thüringen ist Gera.,0,0,de,die landeshauptstadt von thüringen,native.de,geography
1847,735,Beim Handball hat eine Mannschaft sieben Spieler auf dem Feld.,1,0,de,beim handball hat eine,native.de,sports
1848,932,Fechten ist eine olympische Sportart.,1,0,de,fechten ist eine olympische,native.de,sports
1849,1600,Das Grundgesetz wurde am 23. Mai 1949 verkündet.,1,0,de,das grundgesetz wurde am,native.de,history_news
1850,99,Die Ruhr mündet in den Rhein.,1,0,de,die ruhr mündet in,native.de,geography
1851,378,Die Zugspitze liegt im Bundesland Mecklenburg-Vorpommern.,0,0,de,die zugspitze liegt im,native.de,geography
1852,131,Der Fichtelberg liegt im Bundesland Mecklenburg-Vorpommern.,0,0,de,der fichtelberg liegt im,native.de,geography
1853,1725,Die Schlacht bei Tannenberg wurde 1914 an der Westfront geschlagen.,0,0,de,die schlacht bei tannenberg,native.de,history_news
1854,24,"Der Harz erstreckt sich über Niedersachsen, Sachsen-Anhalt und Thüringen.",1,0,de,der harz erstreckt sich,native.de,geography
1855,1408,Ralf Hütter und Till Lindemann gründeten die Band Kraftwerk.,0,0,de,ralf hütter und till,native.de,entertainment
1856,1891,Das Münchner Abkommen wurde im September 1938 geschlossen.,1,0,de,das münchner abkommen wurde,native.de,history_news
1857,556,Der Elfmeterpunkt liegt zwanzig Meter vor dem Tor.,0,0,de,der elfmeterpunkt liegt zwanzig,native.de,sports
1858,371,Das Bundesland Sachsen grenzt an das Bundesland Niedersachsen.,0,0,de,das bundesland sachsen grenzt,native.de,geography
1859,1537,Die Donau mündet in Deutschland in die Nordsee.,0,0,de,die donau mündet in,native.de,history_news
1860,384,Der Ammersee liegt in Bayern.,1,0,de,der ammersee liegt in,native.de,geography
1861,202,"Der Main ist der längste Fluss, der vollständig in Deutschland verläuft.",1,0,de,der main ist der,native.de,geography
1862,918,Karate ist eine Kampfsportart.,1,0,de,karate ist eine kampfsportart,native.de,sports
1863,369,Der Watzmann ist etwa 2713 Meter hoch.,1,0,de,der watzmann ist etwa,native.de,geography
1864,974,Tiger Woods ist ein Formel-1-Fahrer.,0,0,de,tiger woods ist ein,native.de,sports
1865,1580,Französische und belgische Truppen besetzten 1923 das Ruhrgebiet.,1,0,de,französische und belgische truppen,native.de,history_news
1866,1636,Napoleon löste das Heilige Römische Reich im Jahr 1848 auf.,0,0,de,napoleon löste das heilige,native.de,history_news
1867,388,Die Insel Sylt liegt in der Ostsee.,0,0,de,die insel sylt liegt,native.de,geography
1868,817,Eisschnelllauf ist eine olympische Wintersportart.,1,0,de,eisschnelllauf ist eine olympische,native.de,sports
1869,1317,Werner fährt in dem Comic ein Motorrad.,1,0,de,werner fährt in dem,native.de,entertainment
1870,1716,München ist die Landeshauptstadt von Bayern.,1,0,de,münchen ist die landeshauptstadt,native.de,history_news
1871,257,Die Donau fließt durch Stuttgart.,0,0,de,die donau fließt durch,native.de,geography
1872,1632,Der Gang nach Canossa führte Heinrich IV. im Jahr 1077 zu Papst Gregor VII.,1,0,de,der gang nach canossa,native.de,history_news
1873,1222,Karl May starb im Jahr 1912 in Dresden.,0,0,de,karl may starb im,native.de,entertainment
1874,1120,Manfred Schmidt wurde 1913 in Bad Harzburg geboren.,1,0,de,manfred schmidt wurde 1913,native.de,entertainment
1875,1473,"Die Sendung 'Wetten, dass..?' wurde erstmals 1987 ausgestrahlt.",0,0,de,die sendung wetten dass,native.de,entertainment
1876,1701,Bei Bundestagswahlen entscheidet die Zweitstimme über die Sitzverteilung im Parlament.,1,0,de,bei bundestagswahlen entscheidet die,native.de,history_news
1877,170,Die Zugspitze liegt an der Grenze zwischen Deutschland und Österreich.,1,0,de,die zugspitze liegt an,native.de,geography
1878,1607,Der Deutsche Herbst mit der Entführung von Hanns Martin Schleyer fand 1977 statt.,1,0,de,der deutsche herbst mit,native.de,history_news
1879,1330,Die Digedags waren die ursprünglichen Helden von 'Mosaik'.,1,0,de,die digedags waren die,native.de,entertainment
1880,561,Das Wunder von Bern ereignete sich 1974.,0,0,de,das wunder von bern,native.de,sports
1881,1882,In Deutschland galten die ersten Kontaktbeschränkungen der Corona-Pandemie bereits im Jahr 2010.,0,0,de,in deutschland galten die,native.de,history_news
1882,374,Die Stadt Bremerhaven liegt im Bundesland Sachsen.,0,0,de,die stadt bremerhaven liegt,native.de,geography
1883,910,Rugby wird mit einem eiförmigen Ball gespielt.,1,0,de,rugby wird mit einem,native.de,sports
1884,720,Die NBA ist eine Basketballliga in den USA.,1,0,de,die nba ist eine,native.de,sports
1885,792,Beim Handball darf man zehn Schritte mit dem Ball gehen.,0,0,de,beim handball darf man,native.de,sports
1886,955,American Football wird mit einem runden Ball gespielt.,0,0,de,american football wird mit,native.de,sports
1887,1252,Das Heft 'Mosaik' erschien erstmals 1955.,1,0,de,das heft mosaik erschien,native.de,entertainment
1888,1686,Der Deutsche Bauernkrieg brach erst im 18. Jahrhundert aus.,0,0,de,der deutsche bauernkrieg brach,native.de,history_news
1889,1168,Erika Fuchs übersetzte die Comics von Donald Duck ins Deutsche.,1,0,de,erika fuchs übersetzte die,native.de,entertainment
1890,1875,Berlin ist die einwohnerstärkste Stadt Deutschlands.,1,0,de,berlin ist die einwohnerstärkste,native.de,history_news
1891,1205,Walter Moers schrieb die Romanreihe 'Mosaik'.,0,0,de,walter moers schrieb die,native.de,entertainment
1892,869,Michael Schumacher kommt aus Italien.,0,0,de,michael schumacher kommt aus,native.de,sports
1893,973,Beim Golf benutzt man ein Netz statt Schläger.,0,0,de,beim golf benutzt man,native.de,sports
1894,1156,Elfie Donnelly erschuf auch die Hörspielfigur Nick Knatterton.,0,0,de,elfie donnelly erschuf auch,native.de,entertainment
1895,1949,Deutschland nahm im Jahr 2022 mehr als zehn Millionen Geflüchtete aus der Ukraine auf.,0,0,de,deutschland nahm im jahr,native.de,history_news
1896,1072,Ralf König zeichnete den Comic 'Das kleine Arschloch'.,0,0,de,ralf könig zeichnete den,native.de,entertainment
1897,965,Muhammad Ali war ein berühmter Radrennfahrer.,0,0,de,muhammad ali war ein,native.de,sports
1898,775,Basketball wird nur mit den Füßen gespielt.,0,1,de,basketball wird nur mit,native.de,sports
1899,325,Das Bundesland Bremen grenzt an das Bundesland Bayern.,0,0,de,das bundesland bremen grenzt,native.de,geography
1900,204,Die Zugspitze ist der höchste Berg im Schwarzwald.,0,0,de,die zugspitze ist der,native.de,geography
1901,85,Die Stadt Frankfurt (Oder) liegt im Bundesland Brandenburg.,1,0,de,die stadt frankfurt oder,native.de,geography
1902,634,Beim Staffellauf wird ein Stab übergeben.,1,0,de,beim staffellauf wird ein,native.de,sports
1903,909,Beim Rugby wird der Ball nach hinten gepasst.,1,0,de,beim rugby wird der,native.de,sports
1904,1591,Preußen besiegte Napoleon 1806 in der Doppelschlacht bei Jena und Auerstedt.,0,0,de,preußen besiegte napoleon 1806,native.de,history_news
1905,612,Bei den Olympischen Spielen wird das olympische Feuer entzündet.,1,0,de,bei den olympischen spielen,native.de,sports
1906,399,Norddeutschland ist überwiegend flach.,1,0,de,norddeutschland ist überwiegend flach,native.de,geography
1907,92,Der Rhein mündet in die Nordsee.,1,0,de,der rhein mündet in,native.de,geography
1908,1107,Gudrun Penndorf übersetzte die Asterix-Comics ins Deutsche.,1,0,de,gudrun penndorf übersetzte die,native.de,entertainment
1909,431,Der Feldberg ist etwa 2193 Meter hoch.,0,0,de,der feldberg ist etwa,native.de,geography
1910,780,Ein normaler Korberfolg aus dem Feld zählt sechs Punkte.,0,0,de,ein normaler korberfolg aus,native.de,sports
1911,1144,Karl May schrieb die Bibi-Blocksberg-Hörspiele.,0,0,de,karl may schrieb die,native.de,entertainment
1912,1899,Die deutsche Fußballnationalmannschaft der Männer wurde viermal Weltmeister.,1,0,de,die deutsche fußballnationalmannschaft der,native.de,history_news
1913,292,Der Neckar bildet die Grenze zwischen Deutschland und Polen.,0,0,de,der neckar bildet die,native.de,geography
1914,58,Der Erbeskopf liegt im Bundesland Bayern.,0,0,de,der erbeskopf liegt im,native.de,geography
1915,1346,Erika Fuchs war Chefredakteurin der Zeitschrift 'Titanic'.,0,0,de,erika fuchs war chefredakteurin,native.de,entertainment
1916,258,Die Stadt Sassnitz liegt an der Nordsee.,0,0,de,die stadt sassnitz liegt,native.de,geography
1917,889,Im Radsport ist ein Helm verboten.,0,0,de,im radsport ist ein,native.de,sports
1918,1947,Ludwig van Beethoven wurde 1770 in Bonn geboren.,1,0,de,ludwig van beethoven wurde,native.de,history_news
1919,1467,Götz George spielte den Kommissar Trimmel im 'Tatort'.,0,0,de,götz george spielte den,native.de,entertainment
1920,1067,Der Bambi wurde ursprünglich in Karlsruhe vergeben.,1,0,de,der bambi wurde ursprünglich,native.de,entertainment
1921,1643,Martin Luther widerrief 1521 auf dem Reichstag zu Worms alle seine Schriften.,0,0,de,martin luther widerrief 1521,native.de,history_news
1922,389,Der Rhein entspringt im Harz.,0,0,de,der rhein entspringt im,native.de,geography
1923,336,Der Nationalpark Berchtesgaden liegt an der Nordseeküste.,0,0,de,der nationalpark berchtesgaden liegt,native.de,geography
1924,274,Der Westerwald liegt in Niedersachsen.,0,0,de,der westerwald liegt in,native.de,geography
1925,757,Die Australian Open finden in Sydney statt.,0,0,de,die australian open finden,native.de,sports
1926,1513,Das Deutsche Kaiserreich wurde 1871 im Berliner Reichstag ausgerufen.,0,0,de,das deutsche kaiserreich wurde,native.de,history_news
1927,1576,Deutschland nahm seit 2022 mehr als eine Million Geflüchtete aus der Ukraine auf.,1,0,de,deutschland nahm seit 2022,native.de,history_news
1928,1930,Im Bundesrat sind ausschließlich die Städte mit mehr als 500.000 Einwohnern vertreten.,0,1,de,im bundesrat sind ausschließlich,native.de,history_news
1929,1078,Der Max-und-Moritz-Preis wird auf der Berlinale verliehen.,0,0,de,der max und moritz,native.de,entertainment
1930,1936,Der Gang nach Canossa führte Kaiser Karl V. zu Papst Leo X.,0,0,de,der gang nach canossa,native.de,history_news
1931,129,Die Leine mündet in die Aller.,1,0,de,die leine mündet in,native.de,geography
1932,803,Die Vierschanzentournee findet in Deutschland und Österreich statt.,1,0,de,die vierschanzentournee findet in,native.de,sports
1933,29,Die Insel Amrum liegt in der Ostsee.,0,0,de,die insel amrum liegt,native.de,geography
1934,1208,Robert Gernhardt wurde 1937 in Tallinn geboren.,1,0,de,robert gernhardt wurde 1937,native.de,entertainment
1935,883,Die Tour de France ist ein Schwimmwettbewerb.,0,0,de,die tour de france,native.de,sports
1936,1484,Klaus Kinski gewann 1979 den Deutschen Filmpreis für seine Rolle in 'Fitzcarraldo'.,0,0,de,klaus kinski gewann 1979,native.de,entertainment
1937,511,Das Endspiel der Weltmeisterschaft 1954 gewann Deutschland gegen Ungarn.,1,0,de,das endspiel der weltmeisterschaft,native.de,sports
1938,676,Beim Speerwurf wirft man einen Fußball.,0,0,de,beim speerwurf wirft man,native.de,sports
1939,152,Die Stadt Gotha liegt im Bundesland Thüringen.,1,0,de,die stadt gotha liegt,native.de,geography
1940,245,Deutschland hat Küsten an fünf Meeren.,0,0,de,deutschland hat küsten an,native.de,geography
1941,715,"Beim Tennis zählt man 15, 30 und 40.",1,0,de,beim tennis zählt man,native.de,sports
1942,544,Frankreich gewann die Weltmeisterschaft 2018.,1,0,de,frankreich gewann die weltmeisterschaft,native.de,sports
1943,545,Spanien gewann die Weltmeisterschaft 2010.,1,0,de,spanien gewann die weltmeisterschaft,native.de,sports
1944,640,Michael Phelps gewann mehr als zwanzig olympische Goldmedaillen.,1,0,de,michael phelps gewann mehr,native.de,sports
1945,698,Beim Triathlon wird zuerst Rad gefahren.,0,0,de,beim triathlon wird zuerst,native.de,sports
1946,1290,Hannes Hegen hieß mit bürgerlichem Namen Johannes Hegenbarth.,1,0,de,hannes hegen hieß mit,native.de,entertainment
1947,1313,Die Band Scorpions wurde 1965 in Berlin gegründet.,0,0,de,die band scorpions wurde,native.de,entertainment
1948,424,Die Elbe fließt durch Dresden.,1,0,de,die elbe fließt durch,native.de,geography
1949,911,Cricket ist in Indien sehr beliebt.,1,0,de,cricket ist in indien,native.de,sports
1950,1172,Mario Adorf spielte 1963 den Bösewicht Santer in 'Winnetou 1. Teil'.,1,0,de,mario adorf spielte 1963,native.de,entertainment
1951,660,IOC steht für Internationale Organisation für Cricket.,0,0,de,ioc steht für internationale,native.de,sports
1952,798,Beim Volleyball hat eine Mannschaft zwölf Spieler auf dem Feld.,0,0,de,beim volleyball hat eine,native.de,sports
1953,1966,Ludwig Erhard war der zweite Bundeskanzler der Bundesrepublik.,1,0,de,ludwig erhard war der,native.de,history_news
1954,1202,Ralf König wurde 1960 in Soest geboren.,1,0,de,ralf könig wurde 1960,native.de,entertainment
1955,100,Brandenburg und Nordrhein-Westfalen haben eine gemeinsame Grenze.,0,0,de,brandenburg und nordrhein westfalen,native.de,geography
1956,851,Beim Biathlon wird Schwimmen mit Schießen kombiniert.,0,0,de,beim biathlon wird schwimmen,native.de,sports
1957,449,Der Main ist insgesamt etwa 1027 Kilometer lang.,0,0,de,der main ist insgesamt,native.de,geography
1958,1456,Karl May starb im Jahr 1912 in Radebeul.,1,0,de,karl may starb im,native.de,entertainment
1959,1876,Die letzten drei deutschen Atomkraftwerke wurden im April 2023 abgeschaltet.,1,0,de,die letzten drei deutschen,native.de,history_news
1960,1735,Der Matrosenaufstand von 1918 begann in der Stadt München.,0,0,de,der matrosenaufstand von 1918,native.de,history_news
1961,756,Die French Open finden in Madrid statt.,0,0,de,die french open finden,native.de,sports
1962,977,Badminton wird mit einem Fußball gespielt.,0,0,de,badminton wird mit einem,native.de,sports
1963,116,Mecklenburg-Vorpommern und Niedersachsen haben eine gemeinsame Grenze.,1,0,de,mecklenburg vorpommern und niedersachsen,native.de,geography
1964,1945,Der längste Fluss auf deutschem Staatsgebiet ist die Mosel.,0,0,de,der längste fluss auf,native.de,history_news
1965,778,Dirk Nowitzki spielte für die Boston Celtics.,0,0,de,dirk nowitzki spielte für,native.de,sports
1966,73,Der Chiemsee ist der flächengrößte See Deutschlands.,0,0,de,der chiemsee ist der,native.de,geography
1967,846,Ein Schlittschuh hat eine Kufe.,1,0,de,ein schlittschuh hat eine,native.de,sports
1968,538,Die Champions League ist ein europäischer Vereinswettbewerb.,1,0,de,die champions league ist,native.de,sports
1969,1703,Das Schloss Neuschwanstein wurde unter König Ludwig II. von Bayern errichtet.,1,0,de,das schloss neuschwanstein wurde,native.de,history_news
1970,850,Der Wintersport Biathlon nutzt Gewehre.,1,0,de,der wintersport biathlon nutzt,native.de,sports
1971,1626,In Deutschland besteht eine allgemeine Krankenversicherungspflicht.,1,0,de,in deutschland besteht eine,native.de,history_news
1972,175,Die Uckermark liegt in Brandenburg.,1,0,de,die uckermark liegt in,native.de,geography
1973,88,Rügen gehört zum Bundesland Schleswig-Holstein.,0,0,de,rügen gehört zum bundesland,native.de,geography
1974,552,Eine Fußballmannschaft hat neun Spieler auf dem Feld.,0,0,de,eine fußballmannschaft hat neun,native.de,sports
1975,1511,Die Inflation in Deutschland erreichte 2022 den höchsten Stand seit Jahrzehnten.,1,0,de,die inflation in deutschland,native.de,history_news
1976,706,Die French Open finden in Paris statt.,1,0,de,die french open finden,native.de,sports
1977,315,Der Brocken liegt im Bundesland Sachsen-Anhalt.,1,0,de,der brocken liegt im,native.de,geography
1978,1421,Anke Engelke moderierte 2011 den Eurovision Song Contest in Berlin mit.,0,0,de,anke engelke moderierte 2011,native.de,entertainment
1979,601,Die Olympischen Sommerspiele finden alle vier Jahre statt.,1,0,de,die olympischen sommerspiele finden,native.de,sports
1980,1497,Caroline Link führte bei 'Nirgendwo in Afrika' Regie.,1,0,de,caroline link führte bei,native.de,entertainment
1981,1095,Marlene Dietrich wurde 1939 US-amerikanische Staatsbürgerin.,1,0,de,marlene dietrich wurde 1939,native.de,entertainment
1982,600,Beim Profifußball leiten drei gleichberechtigte Hauptschiedsrichter gleichzeitig das Spiel auf dem Feld.,0,0,de,beim profifußball leiten drei,native.de,sports
1983,1833,Die größte Stadt Deutschlands ist München.,0,0,de,die größte stadt deutschlands,native.de,history_news
1984,1782,Der Erste Weltkrieg dauerte von 1916 bis 1920.,0,0,de,der erste weltkrieg dauerte,native.de,history_news
1985,278,Die Stadt Wilhelmshaven liegt an der Ostsee.,0,0,de,die stadt wilhelmshaven liegt,native.de,geography
1986,1749,Das Konzentrationslager Auschwitz wurde im Januar 1945 von der Roten Armee befreit.,1,0,de,das konzentrationslager auschwitz wurde,native.de,history_news
1987,1034,Helene Fischer wurde 1984 in Moskau geboren.,0,0,de,helene fischer wurde 1984,native.de,entertainment
1988,1384,Ralph Ruthe veröffentlicht seine Cartoons auf mosapedia.de.,0,0,de,ralph ruthe veröffentlicht seine,native.de,entertainment
1989,1733,Der Volksaufstand in der DDR fand am 17. Juni 1961 statt.,0,0,de,der volksaufstand in der,native.de,history_news
1990,764,Ein Ass ist beim Tennis ein Fehler des Aufschlägers.,0,0,de,ein ass ist beim,native.de,sports
1991,836,Die Tour de France dauert etwa drei Wochen.,1,0,de,die tour de france,native.de,sports
1992,1217,Herbert Grönemeyer spielte 1981 im Film 'Metropolis' mit.,0,0,de,herbert grönemeyer spielte 1981,native.de,entertainment
1993,1655,Ursula von der Leyen ist französische Staatsbürgerin.,0,0,de,ursula von der leyen,native.de,history_news
1994,560,Deutschland gewann die Weltmeisterschaft 2018.,0,0,de,deutschland gewann die weltmeisterschaft,native.de,sports
1995,685,Hürdenlauf ist eine Disziplin des Schwimmens.,0,0,de,hürdenlauf ist eine disziplin,native.de,sports
